{"type": "FeatureCollection", "features": [{"type": "Feature", "geometry": {"type": "Point", "coordinates": [-67.4329, -37.4595]}, "properties": {"region_id": "ARG-1", "region_name": "Buenos Aires", "country_iso": "ARG", "region_index": 0, "resource": "None", "is_capital": true, "region_color": "#0e7490", "base_color": "#0e7490", "centroid_lon": -67.4329, "centroid_lat": -37.4595}}, {"type": "Feature", "geometry": {"type": "Point", "coordinates": [-60.4053, -25.7549]}, "properties": {"region_id": "ARG-2", "region_name": "Patagonia", "country_iso": "ARG", "region_index": 1, "resource": "None", "is_capital": false, "region_color": "#4392a8", "base_color": "#0e7490", "centroid_lon": -60.4053, "centroid_lat": -25.7549}}, {"type": "Feature", "geometry": {"type": "Point", "coordinates": [-61.2573, -33.9425]}, "properties": {"region_id": "ARG-3", "region_name": "Cuyo", "country_iso": "ARG", "region_index": 2, "resource": "None", "is_capital": false, "region_color": "#0b5f76", "base_color": "#0e7490", "centroid_lon": -61.2573, "centroid_lat": -33.9425}}, {"type": "Feature", "geometry": {"type": "Point", "coordinates": [-69.1913, -46.8931]}, "properties": {"region_id": "ARG-4", "region_name": "Northwest", "country_iso": "ARG", "region_index": 3, "resource": "None", "is_capital": false, "region_color": "#2a849d", "base_color": "#0e7490", "centroid_lon": -69.1913, "centroid_lat": -46.8931}}, {"type": "Feature", "geometry": {"type": "Point", "coordinates": [-68.0259, -30.2465]}, "properties": {"region_id": "ARG-5", "region_name": "Northeast", "country_iso": "ARG", "region_index": 4, "resource": "None", "is_capital": false, "region_color": "#0a5367", "base_color": "#0e7490", "centroid_lon": -68.0259, "centroid_lat": -30.2465}}, {"type": "Feature", "geometry": {"type": "Point", "coordinates": [-64.9821, -25.9781]}, "properties": {"region_id": "ARG-6", "region_name": "Pampa", "country_iso": "ARG", "region_index": 5, "resource": "None", "is_capital": false, "region_color": "#569db1", "base_color": "#0e7490", "centroid_lon": -64.9821, "centroid_lat": -25.9781}}, {"type": "Feature", "geometry": {"type": "Point", "coordinates": [-57.0349, -28.3029]}, "properties": {"region_id": "ARG-7", "region_name": "Cordoba", "country_iso": "ARG", "region_index": 6, "resource": "None", "is_capital": false, "region_color": "#0c667e", "base_color": "#0e7490", "centroid_lon": -57.0349, "centroid_lat": -28.3029}}, {"type": "Feature", "geometry": {"type": "Point", "coordinates": [-55.1473, -32.0776]}, "properties": {"region_id": "URY-1", "region_name": "Tacuaremb\u00f3", "country_iso": "URY", "region_index": 0, "resource": "None", "is_capital": true, "region_color": "#b91c1c", "base_color": "#b91c1c", "centroid_lon": -55.1473, "centroid_lat": -32.0776}}, {"type": "Feature", "geometry": {"type": "Point", "coordinates": [-57.3813, -32.3689]}, "properties": {"region_id": "URY-2", "region_name": "Paysand\u00fa", "country_iso": "URY", "region_index": 1, "resource": "None", "is_capital": false, "region_color": "#c84d4d", "base_color": "#b91c1c", "centroid_lon": -57.3813, "centroid_lat": -32.3689}}, {"type": "Feature", "geometry": {"type": "Point", "coordinates": [-56.0881, -34.0996]}, "properties": {"region_id": "URY-3", "region_name": "Florida", "country_iso": "URY", "region_index": 2, "resource": "None", "is_capital": false, "region_color": "#971616", "base_color": "#b91c1c", "centroid_lon": -56.0881, "centroid_lat": -34.0996}}, {"type": "Feature", "geometry": {"type": "Point", "coordinates": [-54.8606, -34.5701]}, "properties": {"region_id": "URY-4", "region_name": "Maldonado", "country_iso": "URY", "region_index": 3, "resource": "None", "is_capital": false, "region_color": "#c13737", "base_color": "#b91c1c", "centroid_lon": -54.8606, "centroid_lat": -34.5701}}, {"type": "Feature", "geometry": {"type": "Point", "coordinates": [-54.8445, -33.4924]}, "properties": {"region_id": "URY-5", "region_name": "Durazno", "country_iso": "URY", "region_index": 4, "resource": "None", "is_capital": false, "region_color": "#851414", "base_color": "#b91c1c", "centroid_lon": -54.8445, "centroid_lat": -33.4924}}, {"type": "Feature", "geometry": {"type": "Point", "coordinates": [-57.0043, -31.0128]}, "properties": {"region_id": "URY-6", "region_name": "Salto", "country_iso": "URY", "region_index": 5, "resource": "None", "is_capital": false, "region_color": "#ce6060", "base_color": "#b91c1c", "centroid_lon": -57.0043, "centroid_lat": -31.0128}}, {"type": "Feature", "geometry": {"type": "Point", "coordinates": [-57.5046, -33.7229]}, "properties": {"region_id": "URY-7", "region_name": "Soriano", "country_iso": "URY", "region_index": 6, "resource": "None", "is_capital": false, "region_color": "#a21818", "base_color": "#b91c1c", "centroid_lon": -57.5046, "centroid_lat": -33.7229}}, {"type": "Feature", "geometry": {"type": "Point", "coordinates": [119.3893, -0.2725]}, "properties": {"region_id": "IDN-1", "region_name": "Java", "country_iso": "IDN", "region_index": 0, "resource": "None", "is_capital": true, "region_color": "#7c2d12", "base_color": "#7c2d12", "centroid_lon": 119.3893, "centroid_lat": -0.2725}}, {"type": "Feature", "geometry": {"type": "Point", "coordinates": [136.5959, -4.0869]}, "properties": {"region_id": "IDN-2", "region_name": "Sumatra", "country_iso": "IDN", "region_index": 1, "resource": "None", "is_capital": false, "region_color": "#985b46", "base_color": "#7c2d12", "centroid_lon": 136.5959, "centroid_lat": -4.0869}}, {"type": "Feature", "geometry": {"type": "Point", "coordinates": [102.7785, -1.8488]}, "properties": {"region_id": "IDN-3", "region_name": "Kalimantan", "country_iso": "IDN", "region_index": 2, "resource": "None", "is_capital": false, "region_color": "#65240e", "base_color": "#7c2d12", "centroid_lon": 102.7785, "centroid_lat": -1.8488}}, {"type": "Feature", "geometry": {"type": "Point", "coordinates": [108.5856, -7.0327]}, "properties": {"region_id": "IDN-4", "region_name": "Sulawesi", "country_iso": "IDN", "region_index": 3, "resource": "None", "is_capital": false, "region_color": "#8b462e", "base_color": "#7c2d12", "centroid_lon": 108.5856, "centroid_lat": -7.0327}}, {"type": "Feature", "geometry": {"type": "Point", "coordinates": [110.5143, -0.2681]}, "properties": {"region_id": "IDN-5", "region_name": "Papua", "country_iso": "IDN", "region_index": 4, "resource": "None", "is_capital": false, "region_color": "#59200c", "base_color": "#7c2d12", "centroid_lon": 110.5143, "centroid_lat": -0.2681}}, {"type": "Feature", "geometry": {"type": "Point", "coordinates": [98.1012, 3.1045]}, "properties": {"region_id": "IDN-6", "region_name": "Bali & Nusa", "country_iso": "IDN", "region_index": 5, "resource": "None", "is_capital": false, "region_color": "#a36c59", "base_color": "#7c2d12", "centroid_lon": 98.1012, "centroid_lat": 3.1045}}, {"type": "Feature", "geometry": {"type": "Point", "coordinates": [115.1651, -4.4167]}, "properties": {"region_id": "IDN-7", "region_name": "Maluku", "country_iso": "IDN", "region_index": 6, "resource": "None", "is_capital": false, "region_color": "#6d270f", "base_color": "#7c2d12", "centroid_lon": 115.1651, "centroid_lat": -4.4167}}, {"type": "Feature", "geometry": {"type": "Point", "coordinates": [102.4665, 5.1208]}, "properties": {"region_id": "MYS-1", "region_name": "Kelantan", "country_iso": "MYS", "region_index": 0, "resource": "None", "is_capital": true, "region_color": "#9f1239", "base_color": "#9f1239", "centroid_lon": 102.4665, "centroid_lat": 5.1208}}, {"type": "Feature", "geometry": {"type": "Point", "coordinates": [117.1324, 5.3461]}, "properties": {"region_id": "MYS-2", "region_name": "Sabah", "country_iso": "MYS", "region_index": 1, "resource": "None", "is_capital": false, "region_color": "#b44664", "base_color": "#9f1239", "centroid_lon": 117.1324, "centroid_lat": 5.3461}}, {"type": "Feature", "geometry": {"type": "Point", "coordinates": [102.8415, 3.1509]}, "properties": {"region_id": "MYS-3", "region_name": "Pahang", "country_iso": "MYS", "region_index": 2, "resource": "None", "is_capital": false, "region_color": "#820e2e", "base_color": "#9f1239", "centroid_lon": 102.8415, "centroid_lat": 3.1509}}, {"type": "Feature", "geometry": {"type": "Point", "coordinates": [101.1209, 4.7692]}, "properties": {"region_id": "MYS-4", "region_name": "Perak", "country_iso": "MYS", "region_index": 3, "resource": "None", "is_capital": false, "region_color": "#aa2e50", "base_color": "#9f1239", "centroid_lon": 101.1209, "centroid_lat": 4.7692}}, {"type": "Feature", "geometry": {"type": "Point", "coordinates": [101.8924, 2.9672]}, "properties": {"region_id": "MYS-5", "region_name": "Selangor", "country_iso": "MYS", "region_index": 4, "resource": "None", "is_capital": false, "region_color": "#720c29", "base_color": "#9f1239", "centroid_lon": 101.8924, "centroid_lat": 2.9672}}, {"type": "Feature", "geometry": {"type": "Point", "coordinates": [113.2903, 2.5968]}, "properties": {"region_id": "MYS-6", "region_name": "Sarawak", "country_iso": "MYS", "region_index": 5, "resource": "None", "is_capital": false, "region_color": "#bb5974", "base_color": "#9f1239", "centroid_lon": 113.2903, "centroid_lat": 2.5968}}, {"type": "Feature", "geometry": {"type": "Point", "coordinates": [100.564, 5.9215]}, "properties": {"region_id": "MYS-7", "region_name": "Kedah", "country_iso": "MYS", "region_index": 6, "resource": "None", "is_capital": false, "region_color": "#8b0f32", "base_color": "#9f1239", "centroid_lon": 100.564, "centroid_lat": 5.9215}}, {"type": "Feature", "geometry": {"type": "Point", "coordinates": [-69.9275, -27.3831]}, "properties": {"region_id": "CHL-1", "region_name": "Atacama", "country_iso": "CHL", "region_index": 0, "resource": "None", "is_capital": true, "region_color": "#0f766e", "base_color": "#0f766e", "centroid_lon": -69.9275, "centroid_lat": -27.3831}}, {"type": "Feature", "geometry": {"type": "Point", "coordinates": [-69.4786, -19.7189]}, "properties": {"region_id": "CHL-2", "region_name": "Tarapac\u00e1", "country_iso": "CHL", "region_index": 1, "resource": "None", "is_capital": false, "region_color": "#43948d", "base_color": "#0f766e", "centroid_lon": -69.4786, "centroid_lat": -19.7189}}, {"type": "Feature", "geometry": {"type": "Point", "coordinates": [-72.0392, -37.272]}, "properties": {"region_id": "CHL-3", "region_name": "La Araucan\u00eda", "country_iso": "CHL", "region_index": 2, "resource": "None", "is_capital": false, "region_color": "#0c605a", "base_color": "#0f766e", "centroid_lon": -72.0392, "centroid_lat": -37.272}}, {"type": "Feature", "geometry": {"type": "Point", "coordinates": [-70.9668, -32.3449]}, "properties": {"region_id": "CHL-4", "region_name": "Coquimbo", "country_iso": "CHL", "region_index": 3, "resource": "None", "is_capital": false, "region_color": "#2b867f", "base_color": "#0f766e", "centroid_lon": -70.9668, "centroid_lat": -32.3449}}, {"type": "Feature", "geometry": {"type": "Point", "coordinates": [-71.7852, -52.4612]}, "properties": {"region_id": "CHL-5", "region_name": "Magallanes y Ant\u00e1rtica Chilena", "country_iso": "CHL", "region_index": 4, "resource": "None", "is_capital": false, "region_color": "#0a544f", "base_color": "#0f766e", "centroid_lon": -71.7852, "centroid_lat": -52.4612}}, {"type": "Feature", "geometry": {"type": "Point", "coordinates": [-73.0715, -44.6466]}, "properties": {"region_id": "CHL-6", "region_name": "Ais\u00e9n del General Carlos Ib\u00e1\u00f1ez del Campo", "country_iso": "CHL", "region_index": 5, "resource": "None", "is_capital": false, "region_color": "#579f99", "base_color": "#0f766e", "centroid_lon": -73.0715, "centroid_lat": -44.6466}}, {"type": "Feature", "geometry": {"type": "Point", "coordinates": [-69.1157, -23.4771]}, "properties": {"region_id": "CHL-7", "region_name": "Antofagasta", "country_iso": "CHL", "region_index": 6, "resource": "None", "is_capital": false, "region_color": "#0d6760", "base_color": "#0f766e", "centroid_lon": -69.1157, "centroid_lat": -23.4771}}, {"type": "Feature", "geometry": {"type": "Point", "coordinates": [-67.6914, -18.6465]}, "properties": {"region_id": "BOL-1", "region_name": "Oruro", "country_iso": "BOL", "region_index": 0, "resource": "None", "is_capital": true, "region_color": "#6d28d9", "base_color": "#6d28d9", "centroid_lon": -67.6914, "centroid_lat": -18.6465}}, {"type": "Feature", "geometry": {"type": "Point", "coordinates": [-68.1498, -15.1961]}, "properties": {"region_id": "BOL-2", "region_name": "La Paz", "country_iso": "BOL", "region_index": 1, "resource": "None", "is_capital": false, "region_color": "#8d57e1", "base_color": "#6d28d9", "centroid_lon": -68.1498, "centroid_lat": -15.1961}}, {"type": "Feature", "geometry": {"type": "Point", "coordinates": [-64.1332, -20.6808]}, "properties": {"region_id": "BOL-3", "region_name": "Chuquisaca", "country_iso": "BOL", "region_index": 2, "resource": "None", "is_capital": false, "region_color": "#5920b1", "base_color": "#6d28d9", "centroid_lon": -64.1332, "centroid_lat": -20.6808}}, {"type": "Feature", "geometry": {"type": "Point", "coordinates": [-66.7302, -20.5724]}, "properties": {"region_id": "BOL-4", "region_name": "Potos\u00ed", "country_iso": "BOL", "region_index": 3, "resource": "None", "is_capital": false, "region_color": "#7e41dd", "base_color": "#6d28d9", "centroid_lon": -66.7302, "centroid_lat": -20.5724}}, {"type": "Feature", "geometry": {"type": "Point", "coordinates": [-65.6241, -17.2147]}, "properties": {"region_id": "BOL-5", "region_name": "Cochabamba", "country_iso": "BOL", "region_index": 4, "resource": "None", "is_capital": false, "region_color": "#4e1c9c", "base_color": "#6d28d9", "centroid_lon": -65.6241, "centroid_lat": -17.2147}}, {"type": "Feature", "geometry": {"type": "Point", "coordinates": [-61.5002, -17.2376]}, "properties": {"region_id": "BOL-6", "region_name": "Santa Cruz", "country_iso": "BOL", "region_index": 5, "resource": "None", "is_capital": false, "region_color": "#9868e4", "base_color": "#6d28d9", "centroid_lon": -61.5002, "centroid_lat": -17.2376}}, {"type": "Feature", "geometry": {"type": "Point", "coordinates": [-65.7169, -13.1655]}, "properties": {"region_id": "BOL-7", "region_name": "El Beni", "country_iso": "BOL", "region_index": 6, "resource": "None", "is_capital": false, "region_color": "#5f23be", "base_color": "#6d28d9", "centroid_lon": -65.7169, "centroid_lat": -13.1655}}, {"type": "Feature", "geometry": {"type": "Point", "coordinates": [-72.7681, -14.3003]}, "properties": {"region_id": "PER-1", "region_name": "Cusco", "country_iso": "PER", "region_index": 0, "resource": "None", "is_capital": true, "region_color": "#be185d", "base_color": "#be185d", "centroid_lon": -72.7681, "centroid_lat": -14.3003}}, {"type": "Feature", "geometry": {"type": "Point", "coordinates": [-74.8483, -4.1859]}, "properties": {"region_id": "PER-2", "region_name": "Loreto", "country_iso": "PER", "region_index": 1, "resource": "None", "is_capital": false, "region_color": "#cc4a80", "base_color": "#be185d", "centroid_lon": -74.8483, "centroid_lat": -4.1859}}, {"type": "Feature", "geometry": {"type": "Point", "coordinates": [-70.5748, -17.2603]}, "properties": {"region_id": "PER-3", "region_name": "Tacna", "country_iso": "PER", "region_index": 2, "resource": "None", "is_capital": false, "region_color": "#9b134c", "base_color": "#be185d", "centroid_lon": -70.5748, "centroid_lat": -17.2603}}, {"type": "Feature", "geometry": {"type": "Point", "coordinates": [-70.2718, -13.3854]}, "properties": {"region_id": "PER-4", "region_name": "Madre de Dios", "country_iso": "PER", "region_index": 3, "resource": "None", "is_capital": false, "region_color": "#c53370", "base_color": "#be185d", "centroid_lon": -70.2718, "centroid_lat": -13.3854}}, {"type": "Feature", "geometry": {"type": "Point", "coordinates": [-74.3039, -9.6924]}, "properties": {"region_id": "PER-5", "region_name": "Ucayali", "country_iso": "PER", "region_index": 4, "resource": "None", "is_capital": false, "region_color": "#881142", "base_color": "#be185d", "centroid_lon": -74.3039, "centroid_lat": -9.6924}}, {"type": "Feature", "geometry": {"type": "Point", "coordinates": [-75.5479, -12.3333]}, "properties": {"region_id": "PER-6", "region_name": "Jun\u00edn", "country_iso": "PER", "region_index": 5, "resource": "None", "is_capital": false, "region_color": "#d15d8d", "base_color": "#be185d", "centroid_lon": -75.5479, "centroid_lat": -12.3333}}, {"type": "Feature", "geometry": {"type": "Point", "coordinates": [-78.3187, -7.0956]}, "properties": {"region_id": "PER-7", "region_name": "San Mart\u00edn", "country_iso": "PER", "region_index": 6, "resource": "None", "is_capital": false, "region_color": "#a71551", "base_color": "#be185d", "centroid_lon": -78.3187, "centroid_lat": -7.0956}}, {"type": "Feature", "geometry": {"type": "Point", "coordinates": [33.7892, 35.033]}, "properties": {"region_id": "ESB-1", "region_name": "Dhekelia", "country_iso": "ESB", "region_index": 0, "resource": "None", "is_capital": true, "region_color": "#065f46", "base_color": "#065f46", "centroid_lon": 33.7892, "centroid_lat": 35.033}}, {"type": "Feature", "geometry": {"type": "Point", "coordinates": [33.4428, 34.8748]}, "properties": {"region_id": "CYP-1", "region_name": "Larnaca", "country_iso": "CYP", "region_index": 0, "resource": "None", "is_capital": true, "region_color": "#6d28d9", "base_color": "#6d28d9", "centroid_lon": 33.4428, "centroid_lat": 34.8748}}, {"type": "Feature", "geometry": {"type": "Point", "coordinates": [33.9545, 35.0087]}, "properties": {"region_id": "CYP-2", "region_name": "Famagusta", "country_iso": "CYP", "region_index": 1, "resource": "None", "is_capital": false, "region_color": "#8d57e1", "base_color": "#6d28d9", "centroid_lon": 33.9545, "centroid_lat": 35.0087}}, {"type": "Feature", "geometry": {"type": "Point", "coordinates": [33.0505, 35.0356]}, "properties": {"region_id": "CYP-3", "region_name": "Nicosia", "country_iso": "CYP", "region_index": 2, "resource": "None", "is_capital": false, "region_color": "#5920b1", "base_color": "#6d28d9", "centroid_lon": 33.0505, "centroid_lat": 35.0356}}, {"type": "Feature", "geometry": {"type": "Point", "coordinates": [32.9537, 34.7862]}, "properties": {"region_id": "CYP-4", "region_name": "Limassol", "country_iso": "CYP", "region_index": 3, "resource": "None", "is_capital": false, "region_color": "#7e41dd", "base_color": "#6d28d9", "centroid_lon": 32.9537, "centroid_lat": 34.7862}}, {"type": "Feature", "geometry": {"type": "Point", "coordinates": [32.5317, 34.9083]}, "properties": {"region_id": "CYP-5", "region_name": "Paphos", "country_iso": "CYP", "region_index": 4, "resource": "None", "is_capital": false, "region_color": "#4e1c9c", "base_color": "#6d28d9", "centroid_lon": 32.5317, "centroid_lat": 34.9083}}, {"type": "Feature", "geometry": {"type": "Point", "coordinates": [84.8159, 22.646]}, "properties": {"region_id": "IND-1", "region_name": "Punjab", "country_iso": "IND", "region_index": 0, "resource": "Grain", "is_capital": false, "region_color": "#c2410c", "base_color": "#c2410c", "centroid_lon": 84.8159, "centroid_lat": 22.646}}, {"type": "Feature", "geometry": {"type": "Point", "coordinates": [94.6637, 28.0379]}, "properties": {"region_id": "IND-2", "region_name": "Rajasthan", "country_iso": "IND", "region_index": 1, "resource": "None", "is_capital": false, "region_color": "#cf6a41", "base_color": "#c2410c", "centroid_lon": 94.6637, "centroid_lat": 28.0379}}, {"type": "Feature", "geometry": {"type": "Point", "coordinates": [77.4374, 16.1585]}, "properties": {"region_id": "IND-3", "region_name": "Gujarat", "country_iso": "IND", "region_index": 2, "resource": "Oil", "is_capital": false, "region_color": "#9f3509", "base_color": "#c2410c", "centroid_lon": 77.4374, "centroid_lat": 16.1585}}, {"type": "Feature", "geometry": {"type": "Point", "coordinates": [76.8685, 32.2517]}, "properties": {"region_id": "IND-4", "region_name": "Maharashtra", "country_iso": "IND", "region_index": 3, "resource": "Iron", "is_capital": false, "region_color": "#c95729", "base_color": "#c2410c", "centroid_lon": 76.8685, "centroid_lat": 32.2517}}, {"type": "Feature", "geometry": {"type": "Point", "coordinates": [76.2451, 25.3261]}, "properties": {"region_id": "IND-5", "region_name": "Tamil Nadu", "country_iso": "IND", "region_index": 4, "resource": "None", "is_capital": false, "region_color": "#8b2e08", "base_color": "#c2410c", "centroid_lon": 76.2451, "centroid_lat": 25.3261}}, {"type": "Feature", "geometry": {"type": "Point", "coordinates": [92.9517, 11.2939]}, "properties": {"region_id": "IND-6", "region_name": "Uttar Pradesh", "country_iso": "IND", "region_index": 5, "resource": "Grain", "is_capital": true, "region_color": "#d47a54", "base_color": "#c2410c", "centroid_lon": 92.9517, "centroid_lat": 11.2939}}, {"type": "Feature", "geometry": {"type": "Point", "coordinates": [92.8296, 25.4779]}, "properties": {"region_id": "IND-7", "region_name": "Assam", "country_iso": "IND", "region_index": 6, "resource": "Oil", "is_capital": false, "region_color": "#aa390a", "base_color": "#c2410c", "centroid_lon": 92.8296, "centroid_lat": 25.4779}}, {"type": "Feature", "geometry": {"type": "Point", "coordinates": [126.497, 45.7699]}, "properties": {"region_id": "CHN-1", "region_name": "Beijing Region", "country_iso": "CHN", "region_index": 0, "resource": "Iron", "is_capital": true, "region_color": "#b91c1c", "base_color": "#b91c1c", "centroid_lon": 126.497, "centroid_lat": 45.7699}}, {"type": "Feature", "geometry": {"type": "Point", "coordinates": [88.2559, 37.1582]}, "properties": {"region_id": "CHN-2", "region_name": "Shanghai Region", "country_iso": "CHN", "region_index": 1, "resource": "None", "is_capital": false, "region_color": "#c84d4d", "base_color": "#b91c1c", "centroid_lon": 88.2559, "centroid_lat": 37.1582}}, {"type": "Feature", "geometry": {"type": "Point", "coordinates": [112.4007, 28.912]}, "properties": {"region_id": "CHN-3", "region_name": "Guangdong", "country_iso": "CHN", "region_index": 2, "resource": "None", "is_capital": false, "region_color": "#971616", "base_color": "#b91c1c", "centroid_lon": 112.4007, "centroid_lat": 28.912}}, {"type": "Feature", "geometry": {"type": "Point", "coordinates": [110.6709, 23.3067]}, "properties": {"region_id": "CHN-4", "region_name": "Sichuan", "country_iso": "CHN", "region_index": 3, "resource": "Grain", "is_capital": false, "region_color": "#c13737", "base_color": "#b91c1c", "centroid_lon": 110.6709, "centroid_lat": 23.3067}}, {"type": "Feature", "geometry": {"type": "Point", "coordinates": [118.4526, 31.733]}, "properties": {"region_id": "CHN-5", "region_name": "Xinjiang", "country_iso": "CHN", "region_index": 4, "resource": "Oil", "is_capital": false, "region_color": "#851414", "base_color": "#b91c1c", "centroid_lon": 118.4526, "centroid_lat": 31.733}}, {"type": "Feature", "geometry": {"type": "Point", "coordinates": [113.3261, 41.2736]}, "properties": {"region_id": "CHN-6", "region_name": "Tibet", "country_iso": "CHN", "region_index": 5, "resource": "Iron", "is_capital": false, "region_color": "#ce6060", "base_color": "#b91c1c", "centroid_lon": 113.3261, "centroid_lat": 41.2736}}, {"type": "Feature", "geometry": {"type": "Point", "coordinates": [102.3409, 30.9408]}, "properties": {"region_id": "CHN-7", "region_name": "Inner Mongolia", "country_iso": "CHN", "region_index": 6, "resource": "Grain", "is_capital": false, "region_color": "#a21818", "base_color": "#b91c1c", "centroid_lon": 102.3409, "centroid_lat": 30.9408}}, {"type": "Feature", "geometry": {"type": "Point", "coordinates": [34.8511, 30.8335]}, "properties": {"region_id": "ISR-1", "region_name": "HaDarom", "country_iso": "ISR", "region_index": 0, "resource": "None", "is_capital": true, "region_color": "#be123c", "base_color": "#be123c", "centroid_lon": 34.8511, "centroid_lat": 30.8335}}, {"type": "Feature", "geometry": {"type": "Point", "coordinates": [35.4714, 32.864]}, "properties": {"region_id": "ISR-2", "region_name": "HaZafon", "country_iso": "ISR", "region_index": 1, "resource": "None", "is_capital": false, "region_color": "#cc4666", "base_color": "#be123c", "centroid_lon": 35.4714, "centroid_lat": 32.864}}, {"type": "Feature", "geometry": {"type": "Point", "coordinates": [35.0146, 32.6093]}, "properties": {"region_id": "ISR-3", "region_name": "Haifa", "country_iso": "ISR", "region_index": 2, "resource": "None", "is_capital": false, "region_color": "#9b0e31", "base_color": "#be123c", "centroid_lon": 35.0146, "centroid_lat": 32.6093}}, {"type": "Feature", "geometry": {"type": "Point", "coordinates": [34.8814, 32.0624]}, "properties": {"region_id": "ISR-4", "region_name": "HaMerkaz", "country_iso": "ISR", "region_index": 3, "resource": "None", "is_capital": false, "region_color": "#c52e53", "base_color": "#be123c", "centroid_lon": 34.8814, "centroid_lat": 32.0624}}, {"type": "Feature", "geometry": {"type": "Point", "coordinates": [35.0283, 31.7559]}, "properties": {"region_id": "ISR-5", "region_name": "Jerusalem", "country_iso": "ISR", "region_index": 4, "resource": "None", "is_capital": false, "region_color": "#880c2b", "base_color": "#be123c", "centroid_lon": 35.0283, "centroid_lat": 31.7559}}, {"type": "Feature", "geometry": {"type": "Point", "coordinates": [34.8177, 32.0897]}, "properties": {"region_id": "ISR-6", "region_name": "Tel Aviv", "country_iso": "ISR", "region_index": 5, "resource": "None", "is_capital": false, "region_color": "#d15976", "base_color": "#be123c", "centroid_lon": 34.8177, "centroid_lat": 32.0897}}, {"type": "Feature", "geometry": {"type": "Point", "coordinates": [34.3663, 31.4054]}, "properties": {"region_id": "PSX-1", "region_name": "Gaza Strip", "country_iso": "PSX", "region_index": 0, "resource": "None", "is_capital": true, "region_color": "#6d28d9", "base_color": "#6d28d9", "centroid_lon": 34.3663, "centroid_lat": 31.4054}}, {"type": "Feature", "geometry": {"type": "Point", "coordinates": [35.2635, 31.9432]}, "properties": {"region_id": "PSX-2", "region_name": "West Bank", "country_iso": "PSX", "region_index": 1, "resource": "None", "is_capital": false, "region_color": "#8d57e1", "base_color": "#6d28d9", "centroid_lon": 35.2635, "centroid_lat": 31.9432}}, {"type": "Feature", "geometry": {"type": "Point", "coordinates": [35.5185, 33.3141]}, "properties": {"region_id": "LBN-1", "region_name": "An Nabatiyah", "country_iso": "LBN", "region_index": 0, "resource": "None", "is_capital": true, "region_color": "#166534", "base_color": "#166534", "centroid_lon": 35.5185, "centroid_lat": 33.3141}}, {"type": "Feature", "geometry": {"type": "Point", "coordinates": [35.3503, 33.3597]}, "properties": {"region_id": "LBN-2", "region_name": "South Lebanon", "country_iso": "LBN", "region_index": 1, "resource": "None", "is_capital": false, "region_color": "#498660", "base_color": "#166534", "centroid_lon": 35.3503, "centroid_lat": 33.3597}}, {"type": "Feature", "geometry": {"type": "Point", "coordinates": [36.1248, 33.9813]}, "properties": {"region_id": "LBN-3", "region_name": "Beqaa", "country_iso": "LBN", "region_index": 2, "resource": "None", "is_capital": false, "region_color": "#12522a", "base_color": "#166534", "centroid_lon": 36.1248, "centroid_lat": 33.9813}}, {"type": "Feature", "geometry": {"type": "Point", "coordinates": [36.0384, 34.4126]}, "properties": {"region_id": "LBN-4", "region_name": "North Lebanon", "country_iso": "LBN", "region_index": 3, "resource": "None", "is_capital": false, "region_color": "#31774c", "base_color": "#166534", "centroid_lon": 36.0384, "centroid_lat": 34.4126}}, {"type": "Feature", "geometry": {"type": "Point", "coordinates": [35.7009, 33.8974]}, "properties": {"region_id": "LBN-5", "region_name": "Mount Lebanon", "country_iso": "LBN", "region_index": 4, "resource": "None", "is_capital": false, "region_color": "#0f4825", "base_color": "#166534", "centroid_lon": 35.7009, "centroid_lat": 33.8974}}, {"type": "Feature", "geometry": {"type": "Point", "coordinates": [35.5201, 33.8961]}, "properties": {"region_id": "LBN-6", "region_name": "Beirut", "country_iso": "LBN", "region_index": 5, "resource": "None", "is_capital": false, "region_color": "#5b9370", "base_color": "#166534", "centroid_lon": 35.5201, "centroid_lat": 33.8961}}, {"type": "Feature", "geometry": {"type": "Point", "coordinates": [42.0425, 9.5073]}, "properties": {"region_id": "ETH-1", "region_name": "Dire Dawa", "country_iso": "ETH", "region_index": 0, "resource": "None", "is_capital": true, "region_color": "#1d4ed8", "base_color": "#1d4ed8", "centroid_lon": 42.0425, "centroid_lat": 9.5073}}, {"type": "Feature", "geometry": {"type": "Point", "coordinates": [43.3229, 6.9409]}, "properties": {"region_id": "ETH-2", "region_name": "Somali", "country_iso": "ETH", "region_index": 1, "resource": "None", "is_capital": false, "region_color": "#4e74e0", "base_color": "#1d4ed8", "centroid_lon": 43.3229, "centroid_lat": 6.9409}}, {"type": "Feature", "geometry": {"type": "Point", "coordinates": [36.724, 6.4596]}, "properties": {"region_id": "ETH-3", "region_name": "Southern Nations, Nationalities and Peoples", "country_iso": "ETH", "region_index": 2, "resource": "None", "is_capital": false, "region_color": "#173fb1", "base_color": "#1d4ed8", "centroid_lon": 36.724, "centroid_lat": 6.4596}}, {"type": "Feature", "geometry": {"type": "Point", "coordinates": [38.964, 12.0863]}, "properties": {"region_id": "ETH-4", "region_name": "Amhara", "country_iso": "ETH", "region_index": 3, "resource": "None", "is_capital": false, "region_color": "#3863dc", "base_color": "#1d4ed8", "centroid_lon": 38.964, "centroid_lat": 12.0863}}, {"type": "Feature", "geometry": {"type": "Point", "coordinates": [38.7035, 7.5182]}, "properties": {"region_id": "ETH-5", "region_name": "Oromiya", "country_iso": "ETH", "region_index": 4, "resource": "None", "is_capital": false, "region_color": "#14389b", "base_color": "#1d4ed8", "centroid_lon": 38.7035, "centroid_lat": 7.5182}}, {"type": "Feature", "geometry": {"type": "Point", "coordinates": [34.226, 7.818]}, "properties": {"region_id": "ETH-6", "region_name": "Gambela Peoples", "country_iso": "ETH", "region_index": 5, "resource": "None", "is_capital": false, "region_color": "#6083e3", "base_color": "#1d4ed8", "centroid_lon": 34.226, "centroid_lat": 7.818}}, {"type": "Feature", "geometry": {"type": "Point", "coordinates": [35.4702, 10.581]}, "properties": {"region_id": "ETH-7", "region_name": "Benshangul-Gumaz", "country_iso": "ETH", "region_index": 6, "resource": "None", "is_capital": false, "region_color": "#1944be", "base_color": "#1d4ed8", "centroid_lon": 35.4702, "centroid_lat": 10.581}}, {"type": "Feature", "geometry": {"type": "Point", "coordinates": [26.4763, 8.3879]}, "properties": {"region_id": "SDS-1", "region_name": "Western Bahr el Ghazal", "country_iso": "SDS", "region_index": 0, "resource": "None", "is_capital": true, "region_color": "#9f1239", "base_color": "#9f1239", "centroid_lon": 26.4763, "centroid_lat": 8.3879}}, {"type": "Feature", "geometry": {"type": "Point", "coordinates": [33.5574, 4.9161]}, "properties": {"region_id": "SDS-2", "region_name": "Eastern Equatoria", "country_iso": "SDS", "region_index": 1, "resource": "None", "is_capital": false, "region_color": "#b44664", "base_color": "#9f1239", "centroid_lon": 33.5574, "centroid_lat": 4.9161}}, {"type": "Feature", "geometry": {"type": "Point", "coordinates": [32.7783, 9.9063]}, "properties": {"region_id": "SDS-3", "region_name": "Upper Nile", "country_iso": "SDS", "region_index": 2, "resource": "None", "is_capital": false, "region_color": "#820e2e", "base_color": "#9f1239", "centroid_lon": 32.7783, "centroid_lat": 9.9063}}, {"type": "Feature", "geometry": {"type": "Point", "coordinates": [28.7616, 8.0753]}, "properties": {"region_id": "SDS-4", "region_name": "Warrap", "country_iso": "SDS", "region_index": 3, "resource": "None", "is_capital": false, "region_color": "#aa2e50", "base_color": "#9f1239", "centroid_lon": 28.7616, "centroid_lat": 8.0753}}, {"type": "Feature", "geometry": {"type": "Point", "coordinates": [29.9212, 8.8799]}, "properties": {"region_id": "SDS-5", "region_name": "Unity", "country_iso": "SDS", "region_index": 4, "resource": "None", "is_capital": false, "region_color": "#720c29", "base_color": "#9f1239", "centroid_lon": 29.9212, "centroid_lat": 8.8799}}, {"type": "Feature", "geometry": {"type": "Point", "coordinates": [32.291, 7.4186]}, "properties": {"region_id": "SDS-6", "region_name": "Jonglei", "country_iso": "SDS", "region_index": 5, "resource": "None", "is_capital": false, "region_color": "#bb5974", "base_color": "#9f1239", "centroid_lon": 32.291, "centroid_lat": 7.4186}}, {"type": "Feature", "geometry": {"type": "Point", "coordinates": [29.6903, 5.5905]}, "properties": {"region_id": "SDS-7", "region_name": "Western Equatoria", "country_iso": "SDS", "region_index": 6, "resource": "None", "is_capital": false, "region_color": "#8b0f32", "base_color": "#9f1239", "centroid_lon": 29.6903, "centroid_lat": 5.5905}}, {"type": "Feature", "geometry": {"type": "Point", "coordinates": [44.3449, 1.9026]}, "properties": {"region_id": "SOM-1", "region_name": "Shabeellaha Hoose", "country_iso": "SOM", "region_index": 0, "resource": "None", "is_capital": true, "region_color": "#0891b2", "base_color": "#0891b2", "centroid_lon": 44.3449, "centroid_lat": 1.9026}}, {"type": "Feature", "geometry": {"type": "Point", "coordinates": [48.1346, 6.3864]}, "properties": {"region_id": "SOM-2", "region_name": "Mudug", "country_iso": "SOM", "region_index": 1, "resource": "None", "is_capital": false, "region_color": "#3ea9c2", "base_color": "#0891b2", "centroid_lon": 48.1346, "centroid_lat": 6.3864}}, {"type": "Feature", "geometry": {"type": "Point", "coordinates": [49.6971, 9.6291]}, "properties": {"region_id": "SOM-3", "region_name": "Bari", "country_iso": "SOM", "region_index": 2, "resource": "None", "is_capital": false, "region_color": "#067691", "base_color": "#0891b2", "centroid_lon": 49.6971, "centroid_lat": 9.6291}}, {"type": "Feature", "geometry": {"type": "Point", "coordinates": [43.7097, 3.2197]}, "properties": {"region_id": "SOM-4", "region_name": "Bay", "country_iso": "SOM", "region_index": 3, "resource": "None", "is_capital": false, "region_color": "#259ebb", "base_color": "#0891b2", "centroid_lon": 43.7097, "centroid_lat": 3.2197}}, {"type": "Feature", "geometry": {"type": "Point", "coordinates": [46.2391, 4.7535]}, "properties": {"region_id": "SOM-5", "region_name": "Galguduud", "country_iso": "SOM", "region_index": 4, "resource": "None", "is_capital": false, "region_color": "#056880", "base_color": "#0891b2", "centroid_lon": 46.2391, "centroid_lat": 4.7535}}, {"type": "Feature", "geometry": {"type": "Point", "coordinates": [41.9861, 1.4144]}, "properties": {"region_id": "SOM-6", "region_name": "Jubbada Hoose", "country_iso": "SOM", "region_index": 5, "resource": "None", "is_capital": false, "region_color": "#52b2c9", "base_color": "#0891b2", "centroid_lon": 41.9861, "centroid_lat": 1.4144}}, {"type": "Feature", "geometry": {"type": "Point", "coordinates": [46.0007, 3.0259]}, "properties": {"region_id": "SOM-7", "region_name": "Shabeellaha Dhexe", "country_iso": "SOM", "region_index": 6, "resource": "None", "is_capital": false, "region_color": "#077f9c", "base_color": "#0891b2", "centroid_lon": 46.0007, "centroid_lat": 3.0259}}, {"type": "Feature", "geometry": {"type": "Point", "coordinates": [37.9055, 1.1169]}, "properties": {"region_id": "KEN-1", "region_name": "Eastern", "country_iso": "KEN", "region_index": 0, "resource": "None", "is_capital": true, "region_color": "#a16207", "base_color": "#a16207", "centroid_lon": 37.9055, "centroid_lat": 1.1169}}, {"type": "Feature", "geometry": {"type": "Point", "coordinates": [35.9273, 1.0863]}, "properties": {"region_id": "KEN-2", "region_name": "Rift Valley", "country_iso": "KEN", "region_index": 1, "resource": "None", "is_capital": false, "region_color": "#b5843d", "base_color": "#a16207", "centroid_lon": 35.9273, "centroid_lat": 1.0863}}, {"type": "Feature", "geometry": {"type": "Point", "coordinates": [34.5668, 0.4876]}, "properties": {"region_id": "KEN-3", "region_name": "Western", "country_iso": "KEN", "region_index": 2, "resource": "None", "is_capital": false, "region_color": "#845005", "base_color": "#a16207", "centroid_lon": 34.5668, "centroid_lat": 0.4876}}, {"type": "Feature", "geometry": {"type": "Point", "coordinates": [40.2137, 1.3321]}, "properties": {"region_id": "KEN-4", "region_name": "North-Eastern", "country_iso": "KEN", "region_index": 3, "resource": "None", "is_capital": false, "region_color": "#ac7424", "base_color": "#a16207", "centroid_lon": 40.2137, "centroid_lat": 1.3321}}, {"type": "Feature", "geometry": {"type": "Point", "coordinates": [36.8573, -0.6134]}, "properties": {"region_id": "KEN-5", "region_name": "Central", "country_iso": "KEN", "region_index": 4, "resource": "None", "is_capital": false, "region_color": "#734605", "base_color": "#a16207", "centroid_lon": 36.8573, "centroid_lat": -0.6134}}, {"type": "Feature", "geometry": {"type": "Point", "coordinates": [39.3136, -2.4914]}, "properties": {"region_id": "KEN-6", "region_name": "Coast", "country_iso": "KEN", "region_index": 5, "resource": "None", "is_capital": false, "region_color": "#bd9151", "base_color": "#a16207", "centroid_lon": 39.3136, "centroid_lat": -2.4914}}, {"type": "Feature", "geometry": {"type": "Point", "coordinates": [34.4638, -0.5054]}, "properties": {"region_id": "KEN-7", "region_name": "Nyanza", "country_iso": "KEN", "region_index": 6, "resource": "None", "is_capital": false, "region_color": "#8d5606", "base_color": "#a16207", "centroid_lon": 34.4638, "centroid_lat": -0.5054}}, {"type": "Feature", "geometry": {"type": "Point", "coordinates": [35.1806, -14.7444]}, "properties": {"region_id": "MWI-1", "region_name": "Mangochi", "country_iso": "MWI", "region_index": 0, "resource": "None", "is_capital": true, "region_color": "#a16207", "base_color": "#a16207", "centroid_lon": 35.1806, "centroid_lat": -14.7444}}, {"type": "Feature", "geometry": {"type": "Point", "coordinates": [33.9491, -11.6787]}, "properties": {"region_id": "MWI-2", "region_name": "Mzimba", "country_iso": "MWI", "region_index": 1, "resource": "None", "is_capital": false, "region_color": "#b5843d", "base_color": "#a16207", "centroid_lon": 33.9491, "centroid_lat": -11.6787}}, {"type": "Feature", "geometry": {"type": "Point", "coordinates": [33.9427, -10.2963]}, "properties": {"region_id": "MWI-3", "region_name": "Chitipa", "country_iso": "MWI", "region_index": 2, "resource": "None", "is_capital": false, "region_color": "#845005", "base_color": "#a16207", "centroid_lon": 33.9427, "centroid_lat": -10.2963}}, {"type": "Feature", "geometry": {"type": "Point", "coordinates": [34.0241, -13.866]}, "properties": {"region_id": "MWI-4", "region_name": "Lilongwe", "country_iso": "MWI", "region_index": 3, "resource": "None", "is_capital": false, "region_color": "#ac7424", "base_color": "#a16207", "centroid_lon": 34.0241, "centroid_lat": -13.866}}, {"type": "Feature", "geometry": {"type": "Point", "coordinates": [34.1992, -12.7965]}, "properties": {"region_id": "MWI-5", "region_name": "Nkhotakota", "country_iso": "MWI", "region_index": 4, "resource": "None", "is_capital": false, "region_color": "#734605", "base_color": "#a16207", "centroid_lon": 34.1992, "centroid_lat": -12.7965}}, {"type": "Feature", "geometry": {"type": "Point", "coordinates": [33.2771, -13.192]}, "properties": {"region_id": "MWI-6", "region_name": "Kasungu", "country_iso": "MWI", "region_index": 5, "resource": "None", "is_capital": false, "region_color": "#bd9151", "base_color": "#a16207", "centroid_lon": 33.2771, "centroid_lat": -13.192}}, {"type": "Feature", "geometry": {"type": "Point", "coordinates": [34.9964, -15.9978]}, "properties": {"region_id": "MWI-7", "region_name": "Chikwawa", "country_iso": "MWI", "region_index": 6, "resource": "None", "is_capital": false, "region_color": "#8d5606", "base_color": "#a16207", "centroid_lon": 34.9964, "centroid_lat": -15.9978}}, {"type": "Feature", "geometry": {"type": "Point", "coordinates": [37.7421, -7.1305]}, "properties": {"region_id": "TZA-1", "region_name": "Morogoro", "country_iso": "TZA", "region_index": 0, "resource": "None", "is_capital": true, "region_color": "#0891b2", "base_color": "#0891b2", "centroid_lon": 37.7421, "centroid_lat": -7.1305}}, {"type": "Feature", "geometry": {"type": "Point", "coordinates": [30.8561, -5.6472]}, "properties": {"region_id": "TZA-2", "region_name": "Katavi", "country_iso": "TZA", "region_index": 1, "resource": "None", "is_capital": false, "region_color": "#3ea9c2", "base_color": "#0891b2", "centroid_lon": 30.8561, "centroid_lat": -5.6472}}, {"type": "Feature", "geometry": {"type": "Point", "coordinates": [33.7082, -8.2599]}, "properties": {"region_id": "TZA-3", "region_name": "Mbeya", "country_iso": "TZA", "region_index": 2, "resource": "None", "is_capital": false, "region_color": "#067691", "base_color": "#0891b2", "centroid_lon": 33.7082, "centroid_lat": -8.2599}}, {"type": "Feature", "geometry": {"type": "Point", "coordinates": [35.8265, -4.8007]}, "properties": {"region_id": "TZA-4", "region_name": "Singida", "country_iso": "TZA", "region_index": 3, "resource": "None", "is_capital": false, "region_color": "#259ebb", "base_color": "#0891b2", "centroid_lon": 35.8265, "centroid_lat": -4.8007}}, {"type": "Feature", "geometry": {"type": "Point", "coordinates": [32.8698, -2.3068]}, "properties": {"region_id": "TZA-5", "region_name": "Kagera", "country_iso": "TZA", "region_index": 4, "resource": "None", "is_capital": false, "region_color": "#056880", "base_color": "#0891b2", "centroid_lon": 32.8698, "centroid_lat": -2.3068}}, {"type": "Feature", "geometry": {"type": "Point", "coordinates": [37.5495, -10.1734]}, "properties": {"region_id": "TZA-6", "region_name": "Lindi", "country_iso": "TZA", "region_index": 5, "resource": "None", "is_capital": false, "region_color": "#52b2c9", "base_color": "#0891b2", "centroid_lon": 37.5495, "centroid_lat": -10.1734}}, {"type": "Feature", "geometry": {"type": "Point", "coordinates": [32.8508, -4.9661]}, "properties": {"region_id": "TZA-7", "region_name": "Tabora", "country_iso": "TZA", "region_index": 6, "resource": "None", "is_capital": false, "region_color": "#077f9c", "base_color": "#0891b2", "centroid_lon": 32.8508, "centroid_lat": -4.9661}}, {"type": "Feature", "geometry": {"type": "Point", "coordinates": [36.2092, 32.8507]}, "properties": {"region_id": "SYR-1", "region_name": "Dar`a", "country_iso": "SYR", "region_index": 0, "resource": "None", "is_capital": true, "region_color": "#0891b2", "base_color": "#0891b2", "centroid_lon": 36.2092, "centroid_lat": 32.8507}}, {"type": "Feature", "geometry": {"type": "Point", "coordinates": [37.9872, 34.8971]}, "properties": {"region_id": "SYR-2", "region_name": "Homs (Hims)", "country_iso": "SYR", "region_index": 1, "resource": "None", "is_capital": false, "region_color": "#3ea9c2", "base_color": "#0891b2", "centroid_lon": 37.9872, "centroid_lat": 34.8971}}, {"type": "Feature", "geometry": {"type": "Point", "coordinates": [35.9213, 33.1567]}, "properties": {"region_id": "SYR-3", "region_name": "Quneitra", "country_iso": "SYR", "region_index": 2, "resource": "None", "is_capital": false, "region_color": "#067691", "base_color": "#0891b2", "centroid_lon": 35.9213, "centroid_lat": 33.1567}}, {"type": "Feature", "geometry": {"type": "Point", "coordinates": [39.7371, 35.4965]}, "properties": {"region_id": "SYR-4", "region_name": "Dayr Az Zawr", "country_iso": "SYR", "region_index": 3, "resource": "None", "is_capital": false, "region_color": "#259ebb", "base_color": "#0891b2", "centroid_lon": 39.7371, "centroid_lat": 35.4965}}, {"type": "Feature", "geometry": {"type": "Point", "coordinates": [40.9075, 36.5179]}, "properties": {"region_id": "SYR-5", "region_name": "Hasaka (Al Haksa)", "country_iso": "SYR", "region_index": 4, "resource": "None", "is_capital": false, "region_color": "#056880", "base_color": "#0891b2", "centroid_lon": 40.9075, "centroid_lat": 36.5179}}, {"type": "Feature", "geometry": {"type": "Point", "coordinates": [36.419, 35.5889]}, "properties": {"region_id": "SYR-6", "region_name": "Idlib", "country_iso": "SYR", "region_index": 5, "resource": "None", "is_capital": false, "region_color": "#52b2c9", "base_color": "#0891b2", "centroid_lon": 36.419, "centroid_lat": 35.5889}}, {"type": "Feature", "geometry": {"type": "Point", "coordinates": [36.9615, 33.272]}, "properties": {"region_id": "SYR-7", "region_name": "Rif Dimashq", "country_iso": "SYR", "region_index": 6, "resource": "None", "is_capital": false, "region_color": "#077f9c", "base_color": "#0891b2", "centroid_lon": 36.9615, "centroid_lat": 33.272}}, {"type": "Feature", "geometry": {"type": "Point", "coordinates": [46.253, 9.7323]}, "properties": {"region_id": "SOL-1", "region_name": "Somaliland", "country_iso": "SOL", "region_index": 0, "resource": "None", "is_capital": true, "region_color": "#be123c", "base_color": "#be123c", "centroid_lon": 46.253, "centroid_lat": 9.7323}}, {"type": "Feature", "geometry": {"type": "Point", "coordinates": [2.3172, 48.4396]}, "properties": {"region_id": "FRA-1", "region_name": "\u00cele-de-France", "country_iso": "FRA", "region_index": 0, "resource": "None", "is_capital": true, "region_color": "#4338ca", "base_color": "#4338ca", "centroid_lon": 2.3172, "centroid_lat": 48.4396}}, {"type": "Feature", "geometry": {"type": "Point", "coordinates": [54.0474, -19.9323]}, "properties": {"region_id": "FRA-2", "region_name": "Normandy", "country_iso": "FRA", "region_index": 1, "resource": "Grain", "is_capital": false, "region_color": "#6c63d5", "base_color": "#4338ca", "centroid_lon": 54.0474, "centroid_lat": -19.9323}}, {"type": "Feature", "geometry": {"type": "Point", "coordinates": [5.5078, 48.1125]}, "properties": {"region_id": "FRA-3", "region_name": "Bretagne", "country_iso": "FRA", "region_index": 2, "resource": "None", "is_capital": false, "region_color": "#362da5", "base_color": "#4338ca", "centroid_lon": 5.5078, "centroid_lat": 48.1125}}, {"type": "Feature", "geometry": {"type": "Point", "coordinates": [5.4998, 44.5062]}, "properties": {"region_id": "FRA-4", "region_name": "Alsace", "country_iso": "FRA", "region_index": 3, "resource": "Iron", "is_capital": false, "region_color": "#594fd0", "base_color": "#4338ca", "centroid_lon": 5.4998, "centroid_lat": 44.5062}}, {"type": "Feature", "geometry": {"type": "Point", "coordinates": [-1.3798, 47.9569]}, "properties": {"region_id": "FRA-5", "region_name": "Provence", "country_iso": "FRA", "region_index": 4, "resource": "None", "is_capital": false, "region_color": "#302891", "base_color": "#4338ca", "centroid_lon": -1.3798, "centroid_lat": 47.9569}}, {"type": "Feature", "geometry": {"type": "Point", "coordinates": [1.0316, 44.566]}, "properties": {"region_id": "FRA-6", "region_name": "Aquitaine", "country_iso": "FRA", "region_index": 5, "resource": "Grain", "is_capital": false, "region_color": "#7b73d9", "base_color": "#4338ca", "centroid_lon": 1.0316, "centroid_lat": 44.566}}, {"type": "Feature", "geometry": {"type": "Point", "coordinates": [-53.4804, 4.2603]}, "properties": {"region_id": "FRA-7", "region_name": "Rh\u00f4ne-Alpes", "country_iso": "FRA", "region_index": 6, "resource": "Iron", "is_capital": false, "region_color": "#3a31b1", "base_color": "#4338ca", "centroid_lon": -53.4804, "centroid_lat": 4.2603}}, {"type": "Feature", "geometry": {"type": "Point", "coordinates": [-56.6427, 5.6006]}, "properties": {"region_id": "SUR-1", "region_name": "Nickerie", "country_iso": "SUR", "region_index": 0, "resource": "None", "is_capital": true, "region_color": "#166534", "base_color": "#166534", "centroid_lon": -56.6427, "centroid_lat": 5.6006}}, {"type": "Feature", "geometry": {"type": "Point", "coordinates": [-56.0406, 3.7597]}, "properties": {"region_id": "SUR-2", "region_name": "Sipaliwini", "country_iso": "SUR", "region_index": 1, "resource": "None", "is_capital": false, "region_color": "#498660", "base_color": "#166534", "centroid_lon": -56.0406, "centroid_lat": 3.7597}}, {"type": "Feature", "geometry": {"type": "Point", "coordinates": [-55.6417, 5.6958]}, "properties": {"region_id": "SUR-3", "region_name": "Saramacca", "country_iso": "SUR", "region_index": 2, "resource": "None", "is_capital": false, "region_color": "#12522a", "base_color": "#166534", "centroid_lon": -55.6417, "centroid_lat": 5.6958}}, {"type": "Feature", "geometry": {"type": "Point", "coordinates": [-55.1205, 4.7378]}, "properties": {"region_id": "SUR-4", "region_name": "Brokopondo", "country_iso": "SUR", "region_index": 3, "resource": "None", "is_capital": false, "region_color": "#31774c", "base_color": "#166534", "centroid_lon": -55.1205, "centroid_lat": 4.7378}}, {"type": "Feature", "geometry": {"type": "Point", "coordinates": [-54.5352, 5.663]}, "properties": {"region_id": "SUR-5", "region_name": "Marowijne", "country_iso": "SUR", "region_index": 4, "resource": "None", "is_capital": false, "region_color": "#0f4825", "base_color": "#166534", "centroid_lon": -54.5352, "centroid_lat": 5.663}}, {"type": "Feature", "geometry": {"type": "Point", "coordinates": [-55.2064, 5.7665]}, "properties": {"region_id": "SUR-6", "region_name": "Wanica", "country_iso": "SUR", "region_index": 5, "resource": "None", "is_capital": false, "region_color": "#5b9370", "base_color": "#166534", "centroid_lon": -55.2064, "centroid_lat": 5.7665}}, {"type": "Feature", "geometry": {"type": "Point", "coordinates": [-55.3125, 5.3393]}, "properties": {"region_id": "SUR-7", "region_name": "Para", "country_iso": "SUR", "region_index": 6, "resource": "None", "is_capital": false, "region_color": "#13582d", "base_color": "#166534", "centroid_lon": -55.3125, "centroid_lat": 5.3393}}, {"type": "Feature", "geometry": {"type": "Point", "coordinates": [-59.7469, 5.7545]}, "properties": {"region_id": "GUY-1", "region_name": "Pomeroon-Supenaam", "country_iso": "GUY", "region_index": 0, "resource": "None", "is_capital": true, "region_color": "#0f766e", "base_color": "#0f766e", "centroid_lon": -59.7469, "centroid_lat": 5.7545}}, {"type": "Feature", "geometry": {"type": "Point", "coordinates": [-58.4618, 3.0317]}, "properties": {"region_id": "GUY-2", "region_name": "Upper Demerara-Berbice", "country_iso": "GUY", "region_index": 1, "resource": "None", "is_capital": false, "region_color": "#43948d", "base_color": "#0f766e", "centroid_lon": -58.4618, "centroid_lat": 3.0317}}, {"type": "Feature", "geometry": {"type": "Point", "coordinates": [-59.7445, 7.6082]}, "properties": {"region_id": "GUY-3", "region_name": "Barima-Waini", "country_iso": "GUY", "region_index": 2, "resource": "None", "is_capital": false, "region_color": "#0c605a", "base_color": "#0f766e", "centroid_lon": -59.7445, "centroid_lat": 7.6082}}, {"type": "Feature", "geometry": {"type": "Point", "coordinates": [-58.2806, 5.38]}, "properties": {"region_id": "GUY-4", "region_name": "Upper Takutu-Upper Essequibo", "country_iso": "GUY", "region_index": 3, "resource": "None", "is_capital": false, "region_color": "#2b867f", "base_color": "#0f766e", "centroid_lon": -58.2806, "centroid_lat": 5.38}}, {"type": "Feature", "geometry": {"type": "Point", "coordinates": [-58.8231, 7.1794]}, "properties": {"region_id": "GUY-5", "region_name": "Cuyuni-Mazaruni", "country_iso": "GUY", "region_index": 4, "resource": "None", "is_capital": false, "region_color": "#0a544f", "base_color": "#0f766e", "centroid_lon": -58.8231, "centroid_lat": 7.1794}}, {"type": "Feature", "geometry": {"type": "Point", "coordinates": [-58.4733, 6.5824]}, "properties": {"region_id": "GUY-6", "region_name": "Demerara-Mahaica", "country_iso": "GUY", "region_index": 5, "resource": "None", "is_capital": false, "region_color": "#579f99", "base_color": "#0f766e", "centroid_lon": -58.4733, "centroid_lat": 6.5824}}, {"type": "Feature", "geometry": {"type": "Point", "coordinates": [-57.9507, 6.3057]}, "properties": {"region_id": "GUY-7", "region_name": "Essequibo Islands-West Demerara", "country_iso": "GUY", "region_index": 6, "resource": "None", "is_capital": false, "region_color": "#0d6760", "base_color": "#0f766e", "centroid_lon": -57.9507, "centroid_lat": 6.3057}}, {"type": "Feature", "geometry": {"type": "Point", "coordinates": [126.6068, 37.4708]}, "properties": {"region_id": "KOR-1", "region_name": "Seoul Region", "country_iso": "KOR", "region_index": 0, "resource": "None", "is_capital": true, "region_color": "#0c4a6e", "base_color": "#0c4a6e", "centroid_lon": 126.6068, "centroid_lat": 37.4708}}, {"type": "Feature", "geometry": {"type": "Point", "coordinates": [128.3352, 37.6648]}, "properties": {"region_id": "KOR-2", "region_name": "Gyeonggi", "country_iso": "KOR", "region_index": 1, "resource": "None", "is_capital": false, "region_color": "#41718d", "base_color": "#0c4a6e", "centroid_lon": 128.3352, "centroid_lat": 37.6648}}, {"type": "Feature", "geometry": {"type": "Point", "coordinates": [127.1297, 37.5326]}, "properties": {"region_id": "KOR-3", "region_name": "Busan", "country_iso": "KOR", "region_index": 2, "resource": "None", "is_capital": false, "region_color": "#093c5a", "base_color": "#0c4a6e", "centroid_lon": 127.1297, "centroid_lat": 37.5326}}, {"type": "Feature", "geometry": {"type": "Point", "coordinates": [126.8876, 34.6994]}, "properties": {"region_id": "KOR-4", "region_name": "Daegu", "country_iso": "KOR", "region_index": 3, "resource": "None", "is_capital": false, "region_color": "#295f7f", "base_color": "#0c4a6e", "centroid_lon": 126.8876, "centroid_lat": 34.6994}}, {"type": "Feature", "geometry": {"type": "Point", "coordinates": [128.5948, 35.9158]}, "properties": {"region_id": "KOR-5", "region_name": "Incheon", "country_iso": "KOR", "region_index": 4, "resource": "None", "is_capital": false, "region_color": "#08354f", "base_color": "#0c4a6e", "centroid_lon": 128.5948, "centroid_lat": 35.9158}}, {"type": "Feature", "geometry": {"type": "Point", "coordinates": [127.7542, 36.6914]}, "properties": {"region_id": "KOR-6", "region_name": "Gwangju", "country_iso": "KOR", "region_index": 5, "resource": "None", "is_capital": false, "region_color": "#548099", "base_color": "#0c4a6e", "centroid_lon": 127.7542, "centroid_lat": 36.6914}}, {"type": "Feature", "geometry": {"type": "Point", "coordinates": [127.0248, 36.0756]}, "properties": {"region_id": "KOR-7", "region_name": "Daejeon", "country_iso": "KOR", "region_index": 6, "resource": "None", "is_capital": false, "region_color": "#0a4160", "base_color": "#0c4a6e", "centroid_lon": 127.0248, "centroid_lat": 36.0756}}, {"type": "Feature", "geometry": {"type": "Point", "coordinates": [126.168, 39.4073]}, "properties": {"region_id": "PRK-1", "region_name": "P'y\u014fngan-namdo", "country_iso": "PRK", "region_index": 0, "resource": "None", "is_capital": true, "region_color": "#a16207", "base_color": "#a16207", "centroid_lon": 126.168, "centroid_lat": 39.4073}}, {"type": "Feature", "geometry": {"type": "Point", "coordinates": [125.9888, 38.3714]}, "properties": {"region_id": "PRK-2", "region_name": "Hwanghae-bukto", "country_iso": "PRK", "region_index": 1, "resource": "None", "is_capital": false, "region_color": "#b5843d", "base_color": "#a16207", "centroid_lon": 125.9888, "centroid_lat": 38.3714}}, {"type": "Feature", "geometry": {"type": "Point", "coordinates": [127.461, 38.7255]}, "properties": {"region_id": "PRK-3", "region_name": "Kangw\u014fn-do", "country_iso": "PRK", "region_index": 2, "resource": "None", "is_capital": false, "region_color": "#845005", "base_color": "#a16207", "centroid_lon": 127.461, "centroid_lat": 38.7255}}, {"type": "Feature", "geometry": {"type": "Point", "coordinates": [129.5398, 41.8149]}, "properties": {"region_id": "PRK-4", "region_name": "Hamgy\u014fng-bukto", "country_iso": "PRK", "region_index": 3, "resource": "None", "is_capital": false, "region_color": "#ac7424", "base_color": "#a16207", "centroid_lon": 129.5398, "centroid_lat": 41.8149}}, {"type": "Feature", "geometry": {"type": "Point", "coordinates": [127.899, 40.6959]}, "properties": {"region_id": "PRK-5", "region_name": "Hamgy\u014fng-namdo", "country_iso": "PRK", "region_index": 4, "resource": "None", "is_capital": false, "region_color": "#734605", "base_color": "#a16207", "centroid_lon": 127.899, "centroid_lat": 40.6959}}, {"type": "Feature", "geometry": {"type": "Point", "coordinates": [125.277, 40.0446]}, "properties": {"region_id": "PRK-6", "region_name": "P'y\u014fngan-bukto", "country_iso": "PRK", "region_index": 5, "resource": "None", "is_capital": false, "region_color": "#bd9151", "base_color": "#a16207", "centroid_lon": 125.277, "centroid_lat": 40.0446}}, {"type": "Feature", "geometry": {"type": "Point", "coordinates": [126.4787, 40.7676]}, "properties": {"region_id": "PRK-7", "region_name": "Chagang-do", "country_iso": "PRK", "region_index": 6, "resource": "None", "is_capital": false, "region_color": "#8d5606", "base_color": "#a16207", "centroid_lon": 126.4787, "centroid_lat": 40.7676}}, {"type": "Feature", "geometry": {"type": "Point", "coordinates": [-4.8478, 34.6677]}, "properties": {"region_id": "MAR-1", "region_name": "Taza - Al Hoceima - Taounate", "country_iso": "MAR", "region_index": 0, "resource": "None", "is_capital": true, "region_color": "#0891b2", "base_color": "#0891b2", "centroid_lon": -4.8478, "centroid_lat": 34.6677}}, {"type": "Feature", "geometry": {"type": "Point", "coordinates": [-9.7687, 28.237]}, "properties": {"region_id": "MAR-2", "region_name": "Guelmim - Es-Semara", "country_iso": "MAR", "region_index": 1, "resource": "None", "is_capital": false, "region_color": "#3ea9c2", "base_color": "#0891b2", "centroid_lon": -9.7687, "centroid_lat": 28.237}}, {"type": "Feature", "geometry": {"type": "Point", "coordinates": [-6.9147, 33.3082]}, "properties": {"region_id": "MAR-3", "region_name": "Chaouia - Ouardigha", "country_iso": "MAR", "region_index": 2, "resource": "None", "is_capital": false, "region_color": "#067691", "base_color": "#0891b2", "centroid_lon": -6.9147, "centroid_lat": 33.3082}}, {"type": "Feature", "geometry": {"type": "Point", "coordinates": [-2.9776, 33.4474]}, "properties": {"region_id": "MAR-4", "region_name": "Oriental", "country_iso": "MAR", "region_index": 3, "resource": "None", "is_capital": false, "region_color": "#259ebb", "base_color": "#0891b2", "centroid_lon": -2.9776, "centroid_lat": 33.4474}}, {"type": "Feature", "geometry": {"type": "Point", "coordinates": [-5.1674, 32.0951]}, "properties": {"region_id": "MAR-5", "region_name": "Mekn\u00e8s - Tafilalet", "country_iso": "MAR", "region_index": 4, "resource": "None", "is_capital": false, "region_color": "#056880", "base_color": "#0891b2", "centroid_lon": -5.1674, "centroid_lat": 32.0951}}, {"type": "Feature", "geometry": {"type": "Point", "coordinates": [-7.7953, 31.0484]}, "properties": {"region_id": "MAR-6", "region_name": "Souss - Massa - Dra\u00e2", "country_iso": "MAR", "region_index": 5, "resource": "None", "is_capital": false, "region_color": "#52b2c9", "base_color": "#0891b2", "centroid_lon": -7.7953, "centroid_lat": 31.0484}}, {"type": "Feature", "geometry": {"type": "Point", "coordinates": [-14.2044, 24.4733]}, "properties": {"region_id": "MAR-7", "region_name": "Oued el Dahab", "country_iso": "MAR", "region_index": 6, "resource": "None", "is_capital": false, "region_color": "#077f9c", "base_color": "#0891b2", "centroid_lon": -14.2044, "centroid_lat": 24.4733}}, {"type": "Feature", "geometry": {"type": "Point", "coordinates": [-12.217, 24.2301]}, "properties": {"region_id": "SAH-1", "region_name": "Western Sahara", "country_iso": "SAH", "region_index": 0, "resource": "None", "is_capital": true, "region_color": "#166534", "base_color": "#166534", "centroid_lon": -12.217, "centroid_lat": 24.2301}}, {"type": "Feature", "geometry": {"type": "Point", "coordinates": [-84.6049, 10.5601]}, "properties": {"region_id": "CRI-1", "region_name": "Alajuela", "country_iso": "CRI", "region_index": 0, "resource": "None", "is_capital": true, "region_color": "#a16207", "base_color": "#a16207", "centroid_lon": -84.6049, "centroid_lat": 10.5601}}, {"type": "Feature", "geometry": {"type": "Point", "coordinates": [-85.3868, 10.4446]}, "properties": {"region_id": "CRI-2", "region_name": "Guanacaste", "country_iso": "CRI", "region_index": 1, "resource": "None", "is_capital": false, "region_color": "#b5843d", "base_color": "#a16207", "centroid_lon": -85.3868, "centroid_lat": 10.4446}}, {"type": "Feature", "geometry": {"type": "Point", "coordinates": [-83.3457, 9.9546]}, "properties": {"region_id": "CRI-3", "region_name": "Lim\u00f3n", "country_iso": "CRI", "region_index": 2, "resource": "None", "is_capital": false, "region_color": "#845005", "base_color": "#a16207", "centroid_lon": -83.3457, "centroid_lat": 9.9546}}, {"type": "Feature", "geometry": {"type": "Point", "coordinates": [-83.7274, 9.1505]}, "properties": {"region_id": "CRI-4", "region_name": "Puntarenas", "country_iso": "CRI", "region_index": 3, "resource": "None", "is_capital": false, "region_color": "#ac7424", "base_color": "#a16207", "centroid_lon": -83.7274, "centroid_lat": 9.1505}}, {"type": "Feature", "geometry": {"type": "Point", "coordinates": [-84.0186, 10.4328]}, "properties": {"region_id": "CRI-5", "region_name": "Heredia", "country_iso": "CRI", "region_index": 4, "resource": "None", "is_capital": false, "region_color": "#734605", "base_color": "#a16207", "centroid_lon": -84.0186, "centroid_lat": 10.4328}}, {"type": "Feature", "geometry": {"type": "Point", "coordinates": [-83.986, 9.6151]}, "properties": {"region_id": "CRI-6", "region_name": "San Jos\u00e9", "country_iso": "CRI", "region_index": 5, "resource": "None", "is_capital": false, "region_color": "#bd9151", "base_color": "#a16207", "centroid_lon": -83.986, "centroid_lat": 9.6151}}, {"type": "Feature", "geometry": {"type": "Point", "coordinates": [-83.6992, 9.8104]}, "properties": {"region_id": "CRI-7", "region_name": "Cartago", "country_iso": "CRI", "region_index": 6, "resource": "None", "is_capital": false, "region_color": "#8d5606", "base_color": "#a16207", "centroid_lon": -83.6992, "centroid_lat": 9.8104}}, {"type": "Feature", "geometry": {"type": "Point", "coordinates": [-86.3128, 13.4803]}, "properties": {"region_id": "NIC-1", "region_name": "Nueva Segovia", "country_iso": "NIC", "region_index": 0, "resource": "None", "is_capital": true, "region_color": "#065f46", "base_color": "#065f46", "centroid_lon": -86.3128, "centroid_lat": 13.4803}}, {"type": "Feature", "geometry": {"type": "Point", "coordinates": [-84.3231, 12.029]}, "properties": {"region_id": "NIC-2", "region_name": "Atl\u00e1ntico Sur", "country_iso": "NIC", "region_index": 1, "resource": "None", "is_capital": false, "region_color": "#3c826e", "base_color": "#065f46", "centroid_lon": -84.3231, "centroid_lat": 12.029}}, {"type": "Feature", "geometry": {"type": "Point", "coordinates": [-85.522, 12.9546]}, "properties": {"region_id": "NIC-3", "region_name": "Matagalpa", "country_iso": "NIC", "region_index": 2, "resource": "None", "is_capital": false, "region_color": "#044d39", "base_color": "#065f46", "centroid_lon": -85.522, "centroid_lat": 12.9546}}, {"type": "Feature", "geometry": {"type": "Point", "coordinates": [-86.8484, 12.7075]}, "properties": {"region_id": "NIC-4", "region_name": "Le\u00f3n", "country_iso": "NIC", "region_index": 3, "resource": "None", "is_capital": false, "region_color": "#23725c", "base_color": "#065f46", "centroid_lon": -86.8484, "centroid_lat": 12.7075}}, {"type": "Feature", "geometry": {"type": "Point", "coordinates": [-85.9311, 11.8083]}, "properties": {"region_id": "NIC-5", "region_name": "Rivas", "country_iso": "NIC", "region_index": 4, "resource": "None", "is_capital": false, "region_color": "#044432", "base_color": "#065f46", "centroid_lon": -85.9311, "centroid_lat": 11.8083}}, {"type": "Feature", "geometry": {"type": "Point", "coordinates": [-85.3006, 12.2102]}, "properties": {"region_id": "NIC-6", "region_name": "Chontales", "country_iso": "NIC", "region_index": 5, "resource": "None", "is_capital": false, "region_color": "#508f7d", "base_color": "#065f46", "centroid_lon": -85.3006, "centroid_lat": 12.2102}}, {"type": "Feature", "geometry": {"type": "Point", "coordinates": [-84.4924, 13.9419]}, "properties": {"region_id": "NIC-7", "region_name": "Atl\u00e1ntico Norte", "country_iso": "NIC", "region_index": 6, "resource": "None", "is_capital": false, "region_color": "#05533d", "base_color": "#065f46", "centroid_lon": -84.4924, "centroid_lat": 13.9419}}, {"type": "Feature", "geometry": {"type": "Point", "coordinates": [13.5245, -3.463]}, "properties": {"region_id": "COG-1", "region_name": "L\u00e9koumou", "country_iso": "COG", "region_index": 0, "resource": "None", "is_capital": true, "region_color": "#0369a1", "base_color": "#0369a1", "centroid_lon": 13.5245, "centroid_lat": -3.463}}, {"type": "Feature", "geometry": {"type": "Point", "coordinates": [15.4501, 0.4291]}, "properties": {"region_id": "COG-2", "region_name": "Sangha", "country_iso": "COG", "region_index": 1, "resource": "None", "is_capital": false, "region_color": "#3a8ab5", "base_color": "#0369a1", "centroid_lon": 15.4501, "centroid_lat": 0.4291}}, {"type": "Feature", "geometry": {"type": "Point", "coordinates": [17.4498, 1.9314]}, "properties": {"region_id": "COG-3", "region_name": "Likouala", "country_iso": "COG", "region_index": 2, "resource": "None", "is_capital": false, "region_color": "#025684", "base_color": "#0369a1", "centroid_lon": 17.4498, "centroid_lat": 1.9314}}, {"type": "Feature", "geometry": {"type": "Point", "coordinates": [15.0239, -3.6873]}, "properties": {"region_id": "COG-4", "region_name": "Pool", "country_iso": "COG", "region_index": 3, "resource": "None", "is_capital": false, "region_color": "#217bac", "base_color": "#0369a1", "centroid_lon": 15.0239, "centroid_lat": -3.6873}}, {"type": "Feature", "geometry": {"type": "Point", "coordinates": [15.3841, -2.0992]}, "properties": {"region_id": "COG-5", "region_name": "Plateaux", "country_iso": "COG", "region_index": 4, "resource": "None", "is_capital": false, "region_color": "#024b73", "base_color": "#0369a1", "centroid_lon": 15.3841, "centroid_lat": -2.0992}}, {"type": "Feature", "geometry": {"type": "Point", "coordinates": [11.9151, -4.2084]}, "properties": {"region_id": "COG-6", "region_name": "Kouilou", "country_iso": "COG", "region_index": 5, "resource": "None", "is_capital": false, "region_color": "#4e96bd", "base_color": "#0369a1", "centroid_lon": 11.9151, "centroid_lat": -4.2084}}, {"type": "Feature", "geometry": {"type": "Point", "coordinates": [12.4553, -3.1167]}, "properties": {"region_id": "COG-7", "region_name": "Niari", "country_iso": "COG", "region_index": 6, "resource": "None", "is_capital": false, "region_color": "#025c8d", "base_color": "#0369a1", "centroid_lon": 12.4553, "centroid_lat": -3.1167}}, {"type": "Feature", "geometry": {"type": "Point", "coordinates": [26.4126, -3.0882]}, "properties": {"region_id": "COD-1", "region_name": "Maniema", "country_iso": "COD", "region_index": 0, "resource": "None", "is_capital": true, "region_color": "#b45309", "base_color": "#b45309", "centroid_lon": 26.4126, "centroid_lat": -3.0882}}, {"type": "Feature", "geometry": {"type": "Point", "coordinates": [17.6764, -4.5376]}, "properties": {"region_id": "COD-2", "region_name": "Bandundu", "country_iso": "COD", "region_index": 1, "resource": "None", "is_capital": false, "region_color": "#c4783f", "base_color": "#b45309", "centroid_lon": 17.6764, "centroid_lat": -4.5376}}, {"type": "Feature", "geometry": {"type": "Point", "coordinates": [20.606, 1.0417]}, "properties": {"region_id": "COD-3", "region_name": "\u00c9quateur", "country_iso": "COD", "region_index": 2, "resource": "None", "is_capital": false, "region_color": "#934407", "base_color": "#b45309", "centroid_lon": 20.606, "centroid_lat": 1.0417}}, {"type": "Feature", "geometry": {"type": "Point", "coordinates": [26.3563, 2.0905]}, "properties": {"region_id": "COD-4", "region_name": "Orientale", "country_iso": "COD", "region_index": 3, "resource": "None", "is_capital": false, "region_color": "#bd6726", "base_color": "#b45309", "centroid_lon": 26.3563, "centroid_lat": 2.0905}}, {"type": "Feature", "geometry": {"type": "Point", "coordinates": [22.8434, -4.9576]}, "properties": {"region_id": "COD-5", "region_name": "Kasa\u00ef-Oriental", "country_iso": "COD", "region_index": 4, "resource": "None", "is_capital": false, "region_color": "#813b06", "base_color": "#b45309", "centroid_lon": 22.8434, "centroid_lat": -4.9576}}, {"type": "Feature", "geometry": {"type": "Point", "coordinates": [26.3858, -8.7562]}, "properties": {"region_id": "COD-6", "region_name": "Katanga", "country_iso": "COD", "region_index": 5, "resource": "None", "is_capital": false, "region_color": "#ca8652", "base_color": "#b45309", "centroid_lon": 26.3858, "centroid_lat": -8.7562}}, {"type": "Feature", "geometry": {"type": "Point", "coordinates": [28.4585, -1.9517]}, "properties": {"region_id": "COD-7", "region_name": "Sud-Kivu", "country_iso": "COD", "region_index": 6, "resource": "None", "is_capital": false, "region_color": "#9e4907", "base_color": "#b45309", "centroid_lon": 28.4585, "centroid_lat": -1.9517}}, {"type": "Feature", "geometry": {"type": "Point", "coordinates": [89.2501, 27.1112]}, "properties": {"region_id": "BTN-1", "region_name": "Chhukha", "country_iso": "BTN", "region_index": 0, "resource": "None", "is_capital": true, "region_color": "#7c3aed", "base_color": "#7c3aed", "centroid_lon": 89.2501, "centroid_lat": 27.1112}}, {"type": "Feature", "geometry": {"type": "Point", "coordinates": [91.4758, 27.6704]}, "properties": {"region_id": "BTN-2", "region_name": "Tashi Yangtse", "country_iso": "BTN", "region_index": 1, "resource": "None", "is_capital": false, "region_color": "#9865f0", "base_color": "#7c3aed", "centroid_lon": 91.4758, "centroid_lat": 27.6704}}, {"type": "Feature", "geometry": {"type": "Point", "coordinates": [91.5291, 27.1299]}, "properties": {"region_id": "BTN-3", "region_name": "Tashigang", "country_iso": "BTN", "region_index": 2, "resource": "None", "is_capital": false, "region_color": "#652fc2", "base_color": "#7c3aed", "centroid_lon": 91.5291, "centroid_lat": 27.1299}}, {"type": "Feature", "geometry": {"type": "Point", "coordinates": [90.5699, 27.0081]}, "properties": {"region_id": "BTN-4", "region_name": "Geylegphug", "country_iso": "BTN", "region_index": 3, "resource": "None", "is_capital": false, "region_color": "#8b51ef", "base_color": "#7c3aed", "centroid_lon": 90.5699, "centroid_lat": 27.0081}}, {"type": "Feature", "geometry": {"type": "Point", "coordinates": [90.0052, 27.7034]}, "properties": {"region_id": "BTN-5", "region_name": "Gasa", "country_iso": "BTN", "region_index": 4, "resource": "None", "is_capital": false, "region_color": "#5929aa", "base_color": "#7c3aed", "centroid_lon": 90.0052, "centroid_lat": 27.7034}}, {"type": "Feature", "geometry": {"type": "Point", "coordinates": [90.7919, 27.654]}, "properties": {"region_id": "BTN-6", "region_name": "Lhuntshi", "country_iso": "BTN", "region_index": 5, "resource": "None", "is_capital": false, "region_color": "#a375f2", "base_color": "#7c3aed", "centroid_lon": 90.7919, "centroid_lat": 27.654}}, {"type": "Feature", "geometry": {"type": "Point", "coordinates": [89.467, 27.5432]}, "properties": {"region_id": "BTN-7", "region_name": "Thimphu", "country_iso": "BTN", "region_index": 6, "resource": "None", "is_capital": false, "region_color": "#6d33d0", "base_color": "#7c3aed", "centroid_lon": 89.467, "centroid_lat": 27.5432}}, {"type": "Feature", "geometry": {"type": "Point", "coordinates": [25.9784, 50.1674]}, "properties": {"region_id": "UKR-1", "region_name": "Kyiv Region", "country_iso": "UKR", "region_index": 0, "resource": "None", "is_capital": true, "region_color": "#1d4ed8", "base_color": "#1d4ed8", "centroid_lon": 25.9784, "centroid_lat": 50.1674}}, {"type": "Feature", "geometry": {"type": "Point", "coordinates": [28.5662, 49.8313]}, "properties": {"region_id": "UKR-2", "region_name": "Kharkiv", "country_iso": "UKR", "region_index": 1, "resource": "None", "is_capital": false, "region_color": "#4e74e0", "base_color": "#1d4ed8", "centroid_lon": 28.5662, "centroid_lat": 49.8313}}, {"type": "Feature", "geometry": {"type": "Point", "coordinates": [36.6662, 48.4766]}, "properties": {"region_id": "UKR-3", "region_name": "Odessa", "country_iso": "UKR", "region_index": 2, "resource": "None", "is_capital": false, "region_color": "#173fb1", "base_color": "#1d4ed8", "centroid_lon": 36.6662, "centroid_lat": 48.4766}}, {"type": "Feature", "geometry": {"type": "Point", "coordinates": [31.696, 47.2792]}, "properties": {"region_id": "UKR-4", "region_name": "Donetsk", "country_iso": "UKR", "region_index": 3, "resource": "None", "is_capital": false, "region_color": "#3863dc", "base_color": "#1d4ed8", "centroid_lon": 31.696, "centroid_lat": 47.2792}}, {"type": "Feature", "geometry": {"type": "Point", "coordinates": [23.9455, 49.0735]}, "properties": {"region_id": "UKR-5", "region_name": "Lviv", "country_iso": "UKR", "region_index": 4, "resource": "None", "is_capital": false, "region_color": "#14389b", "base_color": "#1d4ed8", "centroid_lon": 23.9455, "centroid_lat": 49.0735}}, {"type": "Feature", "geometry": {"type": "Point", "coordinates": [31.2895, 50.447]}, "properties": {"region_id": "UKR-6", "region_name": "Dnipro", "country_iso": "UKR", "region_index": 5, "resource": "None", "is_capital": false, "region_color": "#6083e3", "base_color": "#1d4ed8", "centroid_lon": 31.2895, "centroid_lat": 50.447}}, {"type": "Feature", "geometry": {"type": "Point", "coordinates": [33.9216, 50.3494]}, "properties": {"region_id": "UKR-7", "region_name": "Zaporizhzhia", "country_iso": "UKR", "region_index": 6, "resource": "None", "is_capital": false, "region_color": "#1944be", "base_color": "#1d4ed8", "centroid_lon": 33.9216, "centroid_lat": 50.3494}}, {"type": "Feature", "geometry": {"type": "Point", "coordinates": [29.6464, 52.2928]}, "properties": {"region_id": "BLR-1", "region_name": "Gomel", "country_iso": "BLR", "region_index": 0, "resource": "None", "is_capital": true, "region_color": "#0891b2", "base_color": "#0891b2", "centroid_lon": 29.6464, "centroid_lat": 52.2928}}, {"type": "Feature", "geometry": {"type": "Point", "coordinates": [25.4901, 52.3772]}, "properties": {"region_id": "BLR-2", "region_name": "Brest", "country_iso": "BLR", "region_index": 1, "resource": "None", "is_capital": false, "region_color": "#3ea9c2", "base_color": "#0891b2", "centroid_lon": 25.4901, "centroid_lat": 52.3772}}, {"type": "Feature", "geometry": {"type": "Point", "coordinates": [28.9022, 55.2158]}, "properties": {"region_id": "BLR-3", "region_name": "Vitebsk", "country_iso": "BLR", "region_index": 2, "resource": "None", "is_capital": false, "region_color": "#067691", "base_color": "#0891b2", "centroid_lon": 28.9022, "centroid_lat": 55.2158}}, {"type": "Feature", "geometry": {"type": "Point", "coordinates": [25.156, 53.7176]}, "properties": {"region_id": "BLR-4", "region_name": "Grodno", "country_iso": "BLR", "region_index": 3, "resource": "None", "is_capital": false, "region_color": "#259ebb", "base_color": "#0891b2", "centroid_lon": 25.156, "centroid_lat": 53.7176}}, {"type": "Feature", "geometry": {"type": "Point", "coordinates": [30.4189, 53.6117]}, "properties": {"region_id": "BLR-5", "region_name": "Mogilev", "country_iso": "BLR", "region_index": 4, "resource": "None", "is_capital": false, "region_color": "#056880", "base_color": "#0891b2", "centroid_lon": 30.4189, "centroid_lat": 53.6117}}, {"type": "Feature", "geometry": {"type": "Point", "coordinates": [27.6826, 53.7656]}, "properties": {"region_id": "BLR-6", "region_name": "Minsk", "country_iso": "BLR", "region_index": 5, "resource": "None", "is_capital": false, "region_color": "#52b2c9", "base_color": "#0891b2", "centroid_lon": 27.6826, "centroid_lat": 53.7656}}, {"type": "Feature", "geometry": {"type": "Point", "coordinates": [27.6111, 53.9077]}, "properties": {"region_id": "BLR-7", "region_name": "City of Minsk", "country_iso": "BLR", "region_index": 6, "resource": "None", "is_capital": false, "region_color": "#077f9c", "base_color": "#0891b2", "centroid_lon": 27.6111, "centroid_lat": 53.9077}}, {"type": "Feature", "geometry": {"type": "Point", "coordinates": [16.7053, -23.5155]}, "properties": {"region_id": "NAM-1", "region_name": "Hardap", "country_iso": "NAM", "region_index": 0, "resource": "None", "is_capital": true, "region_color": "#166534", "base_color": "#166534", "centroid_lon": 16.7053, "centroid_lat": -23.5155}}, {"type": "Feature", "geometry": {"type": "Point", "coordinates": [13.9167, -19.132]}, "properties": {"region_id": "NAM-2", "region_name": "Kunene", "country_iso": "NAM", "region_index": 1, "resource": "None", "is_capital": false, "region_color": "#498660", "base_color": "#166534", "centroid_lon": 13.9167, "centroid_lat": -19.132}}, {"type": "Feature", "geometry": {"type": "Point", "coordinates": [17.6064, -26.976]}, "properties": {"region_id": "NAM-3", "region_name": "Karas", "country_iso": "NAM", "region_index": 2, "resource": "None", "is_capital": false, "region_color": "#12522a", "base_color": "#166534", "centroid_lon": 17.6064, "centroid_lat": -26.976}}, {"type": "Feature", "geometry": {"type": "Point", "coordinates": [20.6834, -18.2436]}, "properties": {"region_id": "NAM-4", "region_name": "Kavango", "country_iso": "NAM", "region_index": 3, "resource": "None", "is_capital": false, "region_color": "#31774c", "base_color": "#166534", "centroid_lon": 20.6834, "centroid_lat": -18.2436}}, {"type": "Feature", "geometry": {"type": "Point", "coordinates": [16.965, -18.3741]}, "properties": {"region_id": "NAM-5", "region_name": "Oshikoto", "country_iso": "NAM", "region_index": 4, "resource": "None", "is_capital": false, "region_color": "#0f4825", "base_color": "#166534", "centroid_lon": 16.965, "centroid_lat": -18.3741}}, {"type": "Feature", "geometry": {"type": "Point", "coordinates": [18.7552, -21.0091]}, "properties": {"region_id": "NAM-6", "region_name": "Otjozondjupa", "country_iso": "NAM", "region_index": 5, "resource": "None", "is_capital": false, "region_color": "#5b9370", "base_color": "#166534", "centroid_lon": 18.7552, "centroid_lat": -21.0091}}, {"type": "Feature", "geometry": {"type": "Point", "coordinates": [15.1023, -18.3265]}, "properties": {"region_id": "NAM-7", "region_name": "Omusati", "country_iso": "NAM", "region_index": 6, "resource": "None", "is_capital": false, "region_color": "#13582d", "base_color": "#166534", "centroid_lon": 15.1023, "centroid_lat": -18.3265}}, {"type": "Feature", "geometry": {"type": "Point", "coordinates": [30.7268, -28.7173]}, "properties": {"region_id": "ZAF-1", "region_name": "Gauteng", "country_iso": "ZAF", "region_index": 0, "resource": "None", "is_capital": true, "region_color": "#991b1b", "base_color": "#991b1b", "centroid_lon": 30.7268, "centroid_lat": -28.7173}}, {"type": "Feature", "geometry": {"type": "Point", "coordinates": [21.404, -29.4446]}, "properties": {"region_id": "ZAF-2", "region_name": "KwaZulu-Natal", "country_iso": "ZAF", "region_index": 1, "resource": "None", "is_capital": false, "region_color": "#af4d4d", "base_color": "#991b1b", "centroid_lon": 21.404, "centroid_lat": -29.4446}}, {"type": "Feature", "geometry": {"type": "Point", "coordinates": [25.5089, -26.2707]}, "properties": {"region_id": "ZAF-3", "region_name": "Western Cape", "country_iso": "ZAF", "region_index": 2, "resource": "None", "is_capital": false, "region_color": "#7d1616", "base_color": "#991b1b", "centroid_lon": 25.5089, "centroid_lat": -26.2707}}, {"type": "Feature", "geometry": {"type": "Point", "coordinates": [26.6189, -30.6451]}, "properties": {"region_id": "ZAF-4", "region_name": "Eastern Cape", "country_iso": "ZAF", "region_index": 3, "resource": "None", "is_capital": false, "region_color": "#a53636", "base_color": "#991b1b", "centroid_lon": 26.6189, "centroid_lat": -30.6451}}, {"type": "Feature", "geometry": {"type": "Point", "coordinates": [29.8628, -25.915]}, "properties": {"region_id": "ZAF-5", "region_name": "Limpopo", "country_iso": "ZAF", "region_index": 4, "resource": "None", "is_capital": false, "region_color": "#6e1313", "base_color": "#991b1b", "centroid_lon": 29.8628, "centroid_lat": -25.915}}, {"type": "Feature", "geometry": {"type": "Point", "coordinates": [29.2826, -23.7877]}, "properties": {"region_id": "ZAF-6", "region_name": "Mpumalanga", "country_iso": "ZAF", "region_index": 5, "resource": "None", "is_capital": false, "region_color": "#b75f5f", "base_color": "#991b1b", "centroid_lon": 29.2826, "centroid_lat": -23.7877}}, {"type": "Feature", "geometry": {"type": "Point", "coordinates": [20.6317, -33.0307]}, "properties": {"region_id": "ZAF-7", "region_name": "Northern Cape", "country_iso": "ZAF", "region_index": 6, "resource": "None", "is_capital": false, "region_color": "#861717", "base_color": "#991b1b", "centroid_lon": 20.6317, "centroid_lat": -33.0307}}, {"type": "Feature", "geometry": {"type": "Point", "coordinates": [-63.0577, 18.0771]}, "properties": {"region_id": "MAF-1", "region_name": "St. Martin", "country_iso": "MAF", "region_index": 0, "resource": "None", "is_capital": true, "region_color": "#15803d", "base_color": "#15803d", "centroid_lon": -63.0577, "centroid_lat": 18.0771}}, {"type": "Feature", "geometry": {"type": "Point", "coordinates": [-63.067, 18.0426]}, "properties": {"region_id": "SXM-1", "region_name": "Sint Maarten", "country_iso": "SXM", "region_index": 0, "resource": "None", "is_capital": true, "region_color": "#065f46", "base_color": "#065f46", "centroid_lon": -63.067, "centroid_lat": 18.0426}}, {"type": "Feature", "geometry": {"type": "Point", "coordinates": [54.011, 23.6488]}, "properties": {"region_id": "ARE-1", "region_name": "Abu Dhabi", "country_iso": "ARE", "region_index": 0, "resource": "None", "is_capital": true, "region_color": "#be185d", "base_color": "#be185d", "centroid_lon": 54.011, "centroid_lat": 23.6488}}, {"type": "Feature", "geometry": {"type": "Point", "coordinates": [56.1954, 25.3613]}, "properties": {"region_id": "ARE-2", "region_name": "Fujayrah", "country_iso": "ARE", "region_index": 1, "resource": "None", "is_capital": false, "region_color": "#cc4a80", "base_color": "#be185d", "centroid_lon": 56.1954, "centroid_lat": 25.3613}}, {"type": "Feature", "geometry": {"type": "Point", "coordinates": [56.0465, 24.8063]}, "properties": {"region_id": "ARE-3", "region_name": "Neutral Zone", "country_iso": "ARE", "region_index": 2, "resource": "None", "is_capital": false, "region_color": "#9b134c", "base_color": "#be185d", "centroid_lon": 56.0465, "centroid_lat": 24.8063}}, {"type": "Feature", "geometry": {"type": "Point", "coordinates": [56.0363, 25.448]}, "properties": {"region_id": "ARE-4", "region_name": "Ras Al Khaymah", "country_iso": "ARE", "region_index": 3, "resource": "None", "is_capital": false, "region_color": "#c53370", "base_color": "#be185d", "centroid_lon": 56.0363, "centroid_lat": 25.448}}, {"type": "Feature", "geometry": {"type": "Point", "coordinates": [55.5548, 25.0081]}, "properties": {"region_id": "ARE-5", "region_name": "Dubay", "country_iso": "ARE", "region_index": 4, "resource": "None", "is_capital": false, "region_color": "#881142", "base_color": "#be185d", "centroid_lon": 55.5548, "centroid_lat": 25.0081}}, {"type": "Feature", "geometry": {"type": "Point", "coordinates": [56.2761, 24.9349]}, "properties": {"region_id": "ARE-6", "region_name": "Neutral Zone", "country_iso": "ARE", "region_index": 5, "resource": "None", "is_capital": false, "region_color": "#d15d8d", "base_color": "#be185d", "centroid_lon": 56.2761, "centroid_lat": 24.9349}}, {"type": "Feature", "geometry": {"type": "Point", "coordinates": [55.7215, 25.4569]}, "properties": {"region_id": "ARE-7", "region_name": "Umm Al Qaywayn", "country_iso": "ARE", "region_index": 6, "resource": "None", "is_capital": false, "region_color": "#a71551", "base_color": "#be185d", "centroid_lon": 55.7215, "centroid_lat": 25.4569}}, {"type": "Feature", "geometry": {"type": "Point", "coordinates": [57.4395, 22.4468]}, "properties": {"region_id": "OMN-1", "region_name": "Ad Dakhliyah", "country_iso": "OMN", "region_index": 0, "resource": "None", "is_capital": true, "region_color": "#9f1239", "base_color": "#9f1239", "centroid_lon": 57.4395, "centroid_lat": 22.4468}}, {"type": "Feature", "geometry": {"type": "Point", "coordinates": [56.1547, 23.3721]}, "properties": {"region_id": "OMN-2", "region_name": "Al Dhahira", "country_iso": "OMN", "region_index": 1, "resource": "None", "is_capital": false, "region_color": "#b44664", "base_color": "#9f1239", "centroid_lon": 56.1547, "centroid_lat": 23.3721}}, {"type": "Feature", "geometry": {"type": "Point", "coordinates": [56.285, 25.9733]}, "properties": {"region_id": "OMN-3", "region_name": "Musandam", "country_iso": "OMN", "region_index": 2, "resource": "None", "is_capital": false, "region_color": "#820e2e", "base_color": "#9f1239", "centroid_lon": 56.285, "centroid_lat": 25.9733}}, {"type": "Feature", "geometry": {"type": "Point", "coordinates": [54.4935, 18.5712]}, "properties": {"region_id": "OMN-4", "region_name": "Dhofar", "country_iso": "OMN", "region_index": 3, "resource": "None", "is_capital": false, "region_color": "#aa2e50", "base_color": "#9f1239", "centroid_lon": 54.4935, "centroid_lat": 18.5712}}, {"type": "Feature", "geometry": {"type": "Point", "coordinates": [58.2231, 23.3617]}, "properties": {"region_id": "OMN-5", "region_name": "Muscat", "country_iso": "OMN", "region_index": 4, "resource": "None", "is_capital": false, "region_color": "#720c29", "base_color": "#9f1239", "centroid_lon": 58.2231, "centroid_lat": 23.3617}}, {"type": "Feature", "geometry": {"type": "Point", "coordinates": [58.7576, 21.9209]}, "properties": {"region_id": "OMN-6", "region_name": "Ash Sharqiyah South", "country_iso": "OMN", "region_index": 5, "resource": "None", "is_capital": false, "region_color": "#bb5974", "base_color": "#9f1239", "centroid_lon": 58.7576, "centroid_lat": 21.9209}}, {"type": "Feature", "geometry": {"type": "Point", "coordinates": [56.8279, 20.5859]}, "properties": {"region_id": "OMN-7", "region_name": "Al Wusta", "country_iso": "OMN", "region_index": 6, "resource": "None", "is_capital": false, "region_color": "#8b0f32", "base_color": "#9f1239", "centroid_lon": 56.8279, "centroid_lat": 20.5859}}, {"type": "Feature", "geometry": {"type": "Point", "coordinates": [64.196, 41.502]}, "properties": {"region_id": "UZB-1", "region_name": "Navoi", "country_iso": "UZB", "region_index": 0, "resource": "None", "is_capital": true, "region_color": "#b91c1c", "base_color": "#b91c1c", "centroid_lon": 64.196, "centroid_lat": 41.502}}, {"type": "Feature", "geometry": {"type": "Point", "coordinates": [69.515, 41.0595]}, "properties": {"region_id": "UZB-2", "region_name": "Tashkent", "country_iso": "UZB", "region_index": 1, "resource": "None", "is_capital": false, "region_color": "#c84d4d", "base_color": "#b91c1c", "centroid_lon": 69.515, "centroid_lat": 41.0595}}, {"type": "Feature", "geometry": {"type": "Point", "coordinates": [71.2862, 40.4433]}, "properties": {"region_id": "UZB-3", "region_name": "Ferghana", "country_iso": "UZB", "region_index": 2, "resource": "None", "is_capital": false, "region_color": "#971616", "base_color": "#b91c1c", "centroid_lon": 71.2862, "centroid_lat": 40.4433}}, {"type": "Feature", "geometry": {"type": "Point", "coordinates": [66.8477, 39.2326]}, "properties": {"region_id": "UZB-4", "region_name": "Kashkadarya", "country_iso": "UZB", "region_index": 3, "resource": "None", "is_capital": false, "region_color": "#c13737", "base_color": "#b91c1c", "centroid_lon": 66.8477, "centroid_lat": 39.2326}}, {"type": "Feature", "geometry": {"type": "Point", "coordinates": [72.305, 40.7491]}, "properties": {"region_id": "UZB-5", "region_name": "Andijon", "country_iso": "UZB", "region_index": 4, "resource": "None", "is_capital": false, "region_color": "#851414", "base_color": "#b91c1c", "centroid_lon": 72.305, "centroid_lat": 40.7491}}, {"type": "Feature", "geometry": {"type": "Point", "coordinates": [58.9027, 43.3366]}, "properties": {"region_id": "UZB-6", "region_name": "Karakalpakstan", "country_iso": "UZB", "region_index": 5, "resource": "None", "is_capital": false, "region_color": "#ce6060", "base_color": "#b91c1c", "centroid_lon": 58.9027, "centroid_lat": 43.3366}}, {"type": "Feature", "geometry": {"type": "Point", "coordinates": [71.2575, 41.039]}, "properties": {"region_id": "UZB-7", "region_name": "Namangan", "country_iso": "UZB", "region_index": 6, "resource": "None", "is_capital": false, "region_color": "#a21818", "base_color": "#b91c1c", "centroid_lon": 71.2575, "centroid_lat": 41.039}}, {"type": "Feature", "geometry": {"type": "Point", "coordinates": [65.2835, 44.5011]}, "properties": {"region_id": "KAZ-1", "region_name": "Qyzylorda", "country_iso": "KAZ", "region_index": 0, "resource": "None", "is_capital": true, "region_color": "#0f766e", "base_color": "#0f766e", "centroid_lon": 65.2835, "centroid_lat": 44.5011}}, {"type": "Feature", "geometry": {"type": "Point", "coordinates": [80.0191, 47.1631]}, "properties": {"region_id": "KAZ-2", "region_name": "East Kazakhstan", "country_iso": "KAZ", "region_index": 1, "resource": "None", "is_capital": false, "region_color": "#43948d", "base_color": "#0f766e", "centroid_lon": 80.0191, "centroid_lat": 47.1631}}, {"type": "Feature", "geometry": {"type": "Point", "coordinates": [51.2804, 48.8536]}, "properties": {"region_id": "KAZ-3", "region_name": "West Kazakhstan", "country_iso": "KAZ", "region_index": 2, "resource": "None", "is_capital": false, "region_color": "#0c605a", "base_color": "#0f766e", "centroid_lon": 51.2804, "centroid_lat": 48.8536}}, {"type": "Feature", "geometry": {"type": "Point", "coordinates": [57.0169, 47.0863]}, "properties": {"region_id": "KAZ-4", "region_name": "Aqt\u00f6be", "country_iso": "KAZ", "region_index": 3, "resource": "None", "is_capital": false, "region_color": "#2b867f", "base_color": "#0f766e", "centroid_lon": 57.0169, "centroid_lat": 47.0863}}, {"type": "Feature", "geometry": {"type": "Point", "coordinates": [69.1507, 52.1312]}, "properties": {"region_id": "KAZ-5", "region_name": "Qostanay", "country_iso": "KAZ", "region_index": 4, "resource": "None", "is_capital": false, "region_color": "#0a544f", "base_color": "#0f766e", "centroid_lon": 69.1507, "centroid_lat": 52.1312}}, {"type": "Feature", "geometry": {"type": "Point", "coordinates": [71.038, 48.1777]}, "properties": {"region_id": "KAZ-6", "region_name": "Qaraghandy", "country_iso": "KAZ", "region_index": 5, "resource": "None", "is_capital": false, "region_color": "#579f99", "base_color": "#0f766e", "centroid_lon": 71.038, "centroid_lat": 48.1777}}, {"type": "Feature", "geometry": {"type": "Point", "coordinates": [72.2015, 44.29]}, "properties": {"region_id": "KAZ-7", "region_name": "Zhambyl", "country_iso": "KAZ", "region_index": 6, "resource": "None", "is_capital": false, "region_color": "#0d6760", "base_color": "#0f766e", "centroid_lon": 72.2015, "centroid_lat": 44.29}}, {"type": "Feature", "geometry": {"type": "Point", "coordinates": [69.1998, 39.7814]}, "properties": {"region_id": "TJK-1", "region_name": "Leninabad", "country_iso": "TJK", "region_index": 0, "resource": "None", "is_capital": true, "region_color": "#065f46", "base_color": "#065f46", "centroid_lon": 69.1998, "centroid_lat": 39.7814}}, {"type": "Feature", "geometry": {"type": "Point", "coordinates": [70.147, 38.8923]}, "properties": {"region_id": "TJK-2", "region_name": "Tadzhikistan Territories", "country_iso": "TJK", "region_index": 1, "resource": "None", "is_capital": false, "region_color": "#3c826e", "base_color": "#065f46", "centroid_lon": 70.147, "centroid_lat": 38.8923}}, {"type": "Feature", "geometry": {"type": "Point", "coordinates": [72.8783, 38.1132]}, "properties": {"region_id": "TJK-3", "region_name": "Gorno-Badakhshan", "country_iso": "TJK", "region_index": 2, "resource": "None", "is_capital": false, "region_color": "#044d39", "base_color": "#065f46", "centroid_lon": 72.8783, "centroid_lat": 38.1132}}, {"type": "Feature", "geometry": {"type": "Point", "coordinates": [69.1299, 37.8312]}, "properties": {"region_id": "TJK-4", "region_name": "Khatlon", "country_iso": "TJK", "region_index": 3, "resource": "None", "is_capital": false, "region_color": "#23725c", "base_color": "#065f46", "centroid_lon": 69.1299, "centroid_lat": 37.8312}}, {"type": "Feature", "geometry": {"type": "Point", "coordinates": [68.7693, 38.5606]}, "properties": {"region_id": "TJK-5", "region_name": "Dushanbe", "country_iso": "TJK", "region_index": 4, "resource": "None", "is_capital": false, "region_color": "#044432", "base_color": "#065f46", "centroid_lon": 68.7693, "centroid_lat": 38.5606}}, {"type": "Feature", "geometry": {"type": "Point", "coordinates": [25.2689, 54.8334]}, "properties": {"region_id": "LTU-1", "region_name": "Vilniaus", "country_iso": "LTU", "region_index": 0, "resource": "None", "is_capital": true, "region_color": "#0f766e", "base_color": "#0f766e", "centroid_lon": 25.2689, "centroid_lat": 54.8334}}, {"type": "Feature", "geometry": {"type": "Point", "coordinates": [25.1948, 55.7131]}, "properties": {"region_id": "LTU-2", "region_name": "Panevezio", "country_iso": "LTU", "region_index": 1, "resource": "None", "is_capital": false, "region_color": "#43948d", "base_color": "#0f766e", "centroid_lon": 25.1948, "centroid_lat": 55.7131}}, {"type": "Feature", "geometry": {"type": "Point", "coordinates": [22.1413, 55.9932]}, "properties": {"region_id": "LTU-3", "region_name": "Tel\u0161iai", "country_iso": "LTU", "region_index": 2, "resource": "None", "is_capital": false, "region_color": "#0c605a", "base_color": "#0f766e", "centroid_lon": 22.1413, "centroid_lat": 55.9932}}, {"type": "Feature", "geometry": {"type": "Point", "coordinates": [23.7742, 54.7224]}, "properties": {"region_id": "LTU-4", "region_name": "Kauno", "country_iso": "LTU", "region_index": 3, "resource": "None", "is_capital": false, "region_color": "#2b867f", "base_color": "#0f766e", "centroid_lon": 23.7742, "centroid_lat": 54.7224}}, {"type": "Feature", "geometry": {"type": "Point", "coordinates": [23.2547, 55.9496]}, "properties": {"region_id": "LTU-5", "region_name": "\u0160iauliai", "country_iso": "LTU", "region_index": 4, "resource": "None", "is_capital": false, "region_color": "#0a544f", "base_color": "#0f766e", "centroid_lon": 23.2547, "centroid_lat": 55.9496}}, {"type": "Feature", "geometry": {"type": "Point", "coordinates": [21.5441, 55.6922]}, "properties": {"region_id": "LTU-6", "region_name": "Klaipedos", "country_iso": "LTU", "region_index": 5, "resource": "None", "is_capital": false, "region_color": "#579f99", "base_color": "#0f766e", "centroid_lon": 21.5441, "centroid_lat": 55.6922}}, {"type": "Feature", "geometry": {"type": "Point", "coordinates": [22.5087, 55.326]}, "properties": {"region_id": "LTU-7", "region_name": "Taurages", "country_iso": "LTU", "region_index": 6, "resource": "None", "is_capital": false, "region_color": "#0d6760", "base_color": "#0f766e", "centroid_lon": 22.5087, "centroid_lat": 55.326}}, {"type": "Feature", "geometry": {"type": "Point", "coordinates": [-41.7277, -8.6361]}, "properties": {"region_id": "BRA-1", "region_name": "Bras\u00edlia Region", "country_iso": "BRA", "region_index": 0, "resource": "None", "is_capital": true, "region_color": "#15803d", "base_color": "#15803d", "centroid_lon": -41.7277, "centroid_lat": -8.6361}}, {"type": "Feature", "geometry": {"type": "Point", "coordinates": [-64.9535, -5.4155]}, "properties": {"region_id": "BRA-2", "region_name": "S\u00e3o Paulo", "country_iso": "BRA", "region_index": 1, "resource": "None", "is_capital": false, "region_color": "#489b67", "base_color": "#15803d", "centroid_lon": -64.9535, "centroid_lat": -5.4155}}, {"type": "Feature", "geometry": {"type": "Point", "coordinates": [-53.3179, -29.7326]}, "properties": {"region_id": "BRA-3", "region_name": "Amazonas", "country_iso": "BRA", "region_index": 2, "resource": "None", "is_capital": false, "region_color": "#116832", "base_color": "#15803d", "centroid_lon": -53.3179, "centroid_lat": -29.7326}}, {"type": "Feature", "geometry": {"type": "Point", "coordinates": [-53.0959, -13.1549]}, "properties": {"region_id": "BRA-4", "region_name": "Rio de Janeiro", "country_iso": "BRA", "region_index": 3, "resource": "Oil", "is_capital": false, "region_color": "#318f54", "base_color": "#15803d", "centroid_lon": -53.0959, "centroid_lat": -13.1549}}, {"type": "Feature", "geometry": {"type": "Point", "coordinates": [-54.206, -2.7066]}, "properties": {"region_id": "BRA-5", "region_name": "Minas Gerais", "country_iso": "BRA", "region_index": 4, "resource": "Iron", "is_capital": false, "region_color": "#0f5c2b", "base_color": "#15803d", "centroid_lon": -54.206, "centroid_lat": -2.7066}}, {"type": "Feature", "geometry": {"type": "Point", "coordinates": [-51.9523, -22.5943]}, "properties": {"region_id": "BRA-6", "region_name": "Mato Grosso", "country_iso": "BRA", "region_index": 5, "resource": "Grain", "is_capital": false, "region_color": "#5ba677", "base_color": "#15803d", "centroid_lon": -51.9523, "centroid_lat": -22.5943}}, {"type": "Feature", "geometry": {"type": "Point", "coordinates": [-44.2689, -18.7746]}, "properties": {"region_id": "BRA-7", "region_name": "Bahia", "country_iso": "BRA", "region_index": 6, "resource": "Grain", "is_capital": false, "region_color": "#127035", "base_color": "#15803d", "centroid_lon": -44.2689, "centroid_lat": -18.7746}}, {"type": "Feature", "geometry": {"type": "Point", "coordinates": [107.8612, 47.0868]}, "properties": {"region_id": "MNG-1", "region_name": "Hentiy", "country_iso": "MNG", "region_index": 0, "resource": "None", "is_capital": true, "region_color": "#b91c1c", "base_color": "#b91c1c", "centroid_lon": 107.8612, "centroid_lat": 47.0868}}, {"type": "Feature", "geometry": {"type": "Point", "coordinates": [113.5396, 46.2229]}, "properties": {"region_id": "MNG-2", "region_name": "S\u00fchbaatar", "country_iso": "MNG", "region_index": 1, "resource": "None", "is_capital": false, "region_color": "#c84d4d", "base_color": "#b91c1c", "centroid_lon": 113.5396, "centroid_lat": 46.2229}}, {"type": "Feature", "geometry": {"type": "Point", "coordinates": [115.4569, 48.1527]}, "properties": {"region_id": "MNG-3", "region_name": "Dornod", "country_iso": "MNG", "region_index": 2, "resource": "None", "is_capital": false, "region_color": "#971616", "base_color": "#b91c1c", "centroid_lon": 115.4569, "centroid_lat": 48.1527}}, {"type": "Feature", "geometry": {"type": "Point", "coordinates": [94.1572, 47.3213]}, "properties": {"region_id": "MNG-4", "region_name": "Govi-Altay", "country_iso": "MNG", "region_index": 3, "resource": "None", "is_capital": false, "region_color": "#c13737", "base_color": "#b91c1c", "centroid_lon": 94.1572, "centroid_lat": 47.3213}}, {"type": "Feature", "geometry": {"type": "Point", "coordinates": [101.6265, 46.0753]}, "properties": {"region_id": "MNG-5", "region_name": "\u00d6mn\u00f6govi", "country_iso": "MNG", "region_index": 4, "resource": "None", "is_capital": false, "region_color": "#851414", "base_color": "#b91c1c", "centroid_lon": 101.6265, "centroid_lat": 46.0753}}, {"type": "Feature", "geometry": {"type": "Point", "coordinates": [104.7692, 49.1971]}, "properties": {"region_id": "MNG-6", "region_name": "Bulgan", "country_iso": "MNG", "region_index": 5, "resource": "None", "is_capital": false, "region_color": "#ce6060", "base_color": "#b91c1c", "centroid_lon": 104.7692, "centroid_lat": 49.1971}}, {"type": "Feature", "geometry": {"type": "Point", "coordinates": [109.7419, 44.5276]}, "properties": {"region_id": "MNG-7", "region_name": "Dornogovi", "country_iso": "MNG", "region_index": 6, "resource": "None", "is_capital": false, "region_color": "#a21818", "base_color": "#b91c1c", "centroid_lon": 109.7419, "centroid_lat": 44.5276}}, {"type": "Feature", "geometry": {"type": "Point", "coordinates": [70.8751, 62.7024]}, "properties": {"region_id": "RUS-1", "region_name": "Moscow Oblast", "country_iso": "RUS", "region_index": 0, "resource": "Iron", "is_capital": true, "region_color": "#7c3aed", "base_color": "#7c3aed", "centroid_lon": 70.8751, "centroid_lat": 62.7024}}, {"type": "Feature", "geometry": {"type": "Point", "coordinates": [32.9941, 62.0274]}, "properties": {"region_id": "RUS-2", "region_name": "St. Petersburg", "country_iso": "RUS", "region_index": 1, "resource": "None", "is_capital": false, "region_color": "#9865f0", "base_color": "#7c3aed", "centroid_lon": 32.9941, "centroid_lat": 62.0274}}, {"type": "Feature", "geometry": {"type": "Point", "coordinates": [43.1111, 46.4457]}, "properties": {"region_id": "RUS-3", "region_name": "Siberia", "country_iso": "RUS", "region_index": 2, "resource": "Oil", "is_capital": false, "region_color": "#652fc2", "base_color": "#7c3aed", "centroid_lon": 43.1111, "centroid_lat": 46.4457}}, {"type": "Feature", "geometry": {"type": "Point", "coordinates": [52.28, 62.1683]}, "properties": {"region_id": "RUS-4", "region_name": "Volga Region", "country_iso": "RUS", "region_index": 3, "resource": "Grain", "is_capital": false, "region_color": "#8b51ef", "base_color": "#7c3aed", "centroid_lon": 52.28, "centroid_lat": 62.1683}}, {"type": "Feature", "geometry": {"type": "Point", "coordinates": [131.9318, 62.6875]}, "properties": {"region_id": "RUS-5", "region_name": "Urals", "country_iso": "RUS", "region_index": 4, "resource": "Iron", "is_capital": false, "region_color": "#5929aa", "base_color": "#7c3aed", "centroid_lon": 131.9318, "centroid_lat": 62.6875}}, {"type": "Feature", "geometry": {"type": "Point", "coordinates": [96.1827, 62.7861]}, "properties": {"region_id": "RUS-6", "region_name": "Far East", "country_iso": "RUS", "region_index": 5, "resource": "Oil", "is_capital": false, "region_color": "#a375f2", "base_color": "#7c3aed", "centroid_lon": 96.1827, "centroid_lat": 62.7861}}, {"type": "Feature", "geometry": {"type": "Point", "coordinates": [40.3766, 55.694]}, "properties": {"region_id": "RUS-7", "region_name": "Caucasus", "country_iso": "RUS", "region_index": 6, "resource": "Grain", "is_capital": false, "region_color": "#6d33d0", "base_color": "#7c3aed", "centroid_lon": 40.3766, "centroid_lat": 55.694}}, {"type": "Feature", "geometry": {"type": "Point", "coordinates": [17.6207, 49.6342]}, "properties": {"region_id": "CZE-1", "region_name": "Moravskoslezsk\u00fd", "country_iso": "CZE", "region_index": 0, "resource": "None", "is_capital": true, "region_color": "#b91c1c", "base_color": "#b91c1c", "centroid_lon": 17.6207, "centroid_lat": 49.6342}}, {"type": "Feature", "geometry": {"type": "Point", "coordinates": [15.4965, 50.5034]}, "properties": {"region_id": "CZE-2", "region_name": "Kr\u00e1lov\u00e9hradeck\u00fd", "country_iso": "CZE", "region_index": 1, "resource": "None", "is_capital": false, "region_color": "#c84d4d", "base_color": "#b91c1c", "centroid_lon": 15.4965, "centroid_lat": 50.5034}}, {"type": "Feature", "geometry": {"type": "Point", "coordinates": [14.3053, 50.1579]}, "properties": {"region_id": "CZE-3", "region_name": "St\u0159edo\u010desk\u00fd", "country_iso": "CZE", "region_index": 2, "resource": "None", "is_capital": false, "region_color": "#971616", "base_color": "#b91c1c", "centroid_lon": 14.3053, "centroid_lat": 50.1579}}, {"type": "Feature", "geometry": {"type": "Point", "coordinates": [14.4297, 49.078]}, "properties": {"region_id": "CZE-4", "region_name": "Jiho\u010desk\u00fd", "country_iso": "CZE", "region_index": 3, "resource": "None", "is_capital": false, "region_color": "#c13737", "base_color": "#b91c1c", "centroid_lon": 14.4297, "centroid_lat": 49.078}}, {"type": "Feature", "geometry": {"type": "Point", "coordinates": [13.2113, 49.5898]}, "properties": {"region_id": "CZE-5", "region_name": "Plze\u0148sk\u00fd", "country_iso": "CZE", "region_index": 4, "resource": "None", "is_capital": false, "region_color": "#851414", "base_color": "#b91c1c", "centroid_lon": 13.2113, "centroid_lat": 49.5898}}, {"type": "Feature", "geometry": {"type": "Point", "coordinates": [16.1615, 49.4042]}, "properties": {"region_id": "CZE-6", "region_name": "Jihomoravsk\u00fd", "country_iso": "CZE", "region_index": 5, "resource": "None", "is_capital": false, "region_color": "#ce6060", "base_color": "#b91c1c", "centroid_lon": 16.1615, "centroid_lat": 49.4042}}, {"type": "Feature", "geometry": {"type": "Point", "coordinates": [12.7373, 50.1604]}, "properties": {"region_id": "CZE-7", "region_name": "Karlovarsk\u00fd", "country_iso": "CZE", "region_index": 6, "resource": "None", "is_capital": false, "region_color": "#a21818", "base_color": "#b91c1c", "centroid_lon": 12.7373, "centroid_lat": 50.1604}}, {"type": "Feature", "geometry": {"type": "Point", "coordinates": [7.3923, 49.8416]}, "properties": {"region_id": "DEU-1", "region_name": "Berlin", "country_iso": "DEU", "region_index": 0, "resource": "None", "is_capital": true, "region_color": "#4d7c0f", "base_color": "#4d7c0f", "centroid_lon": 7.3923, "centroid_lat": 49.8416}}, {"type": "Feature", "geometry": {"type": "Point", "coordinates": [13.3275, 51.0392]}, "properties": {"region_id": "DEU-2", "region_name": "Bavaria", "country_iso": "DEU", "region_index": 1, "resource": "Iron", "is_capital": false, "region_color": "#749843", "base_color": "#4d7c0f", "centroid_lon": 13.3275, "centroid_lat": 51.0392}}, {"type": "Feature", "geometry": {"type": "Point", "coordinates": [9.1615, 52.7651]}, "properties": {"region_id": "DEU-3", "region_name": "North Rhine", "country_iso": "DEU", "region_index": 2, "resource": "Iron", "is_capital": false, "region_color": "#3f650c", "base_color": "#4d7c0f", "centroid_lon": 9.1615, "centroid_lat": 52.7651}}, {"type": "Feature", "geometry": {"type": "Point", "coordinates": [9.8423, 54.1468]}, "properties": {"region_id": "DEU-4", "region_name": "Brandenburg", "country_iso": "DEU", "region_index": 3, "resource": "Grain", "is_capital": false, "region_color": "#628b2b", "base_color": "#4d7c0f", "centroid_lon": 9.8423, "centroid_lat": 54.1468}}, {"type": "Feature", "geometry": {"type": "Point", "coordinates": [13.0043, 53.0265]}, "properties": {"region_id": "DEU-5", "region_name": "Saxony", "country_iso": "DEU", "region_index": 4, "resource": "None", "is_capital": false, "region_color": "#37590a", "base_color": "#4d7c0f", "centroid_lon": 13.0043, "centroid_lat": 53.0265}}, {"type": "Feature", "geometry": {"type": "Point", "coordinates": [11.4112, 49.8614]}, "properties": {"region_id": "DEU-6", "region_name": "Hamburg", "country_iso": "DEU", "region_index": 5, "resource": "None", "is_capital": false, "region_color": "#82a357", "base_color": "#4d7c0f", "centroid_lon": 11.4112, "centroid_lat": 49.8614}}, {"type": "Feature", "geometry": {"type": "Point", "coordinates": [8.4698, 50.1545]}, "properties": {"region_id": "DEU-7", "region_name": "Baden-W\u00fcrttemberg", "country_iso": "DEU", "region_index": 6, "resource": "None", "is_capital": false, "region_color": "#436d0d", "base_color": "#4d7c0f", "centroid_lon": 8.4698, "centroid_lat": 50.1545}}, {"type": "Feature", "geometry": {"type": "Point", "coordinates": [26.4084, 59.0224]}, "properties": {"region_id": "EST-1", "region_name": "L\u00e4\u00e4ne-Viru", "country_iso": "EST", "region_index": 0, "resource": "None", "is_capital": true, "region_color": "#6d28d9", "base_color": "#6d28d9", "centroid_lon": 26.4084, "centroid_lat": 59.0224}}, {"type": "Feature", "geometry": {"type": "Point", "coordinates": [24.2802, 58.5634]}, "properties": {"region_id": "EST-2", "region_name": "P\u00e4rnu", "country_iso": "EST", "region_index": 1, "resource": "None", "is_capital": false, "region_color": "#8d57e1", "base_color": "#6d28d9", "centroid_lon": 24.2802, "centroid_lat": 58.5634}}, {"type": "Feature", "geometry": {"type": "Point", "coordinates": [25.7323, 58.4252]}, "properties": {"region_id": "EST-3", "region_name": "Viljandi", "country_iso": "EST", "region_index": 2, "resource": "None", "is_capital": false, "region_color": "#5920b1", "base_color": "#6d28d9", "centroid_lon": 25.7323, "centroid_lat": 58.4252}}, {"type": "Feature", "geometry": {"type": "Point", "coordinates": [22.5491, 58.5234]}, "properties": {"region_id": "EST-4", "region_name": "Saare", "country_iso": "EST", "region_index": 3, "resource": "None", "is_capital": false, "region_color": "#7e41dd", "base_color": "#6d28d9", "centroid_lon": 22.5491, "centroid_lat": 58.5234}}, {"type": "Feature", "geometry": {"type": "Point", "coordinates": [27.3132, 59.1815]}, "properties": {"region_id": "EST-5", "region_name": "Ida-Viru", "country_iso": "EST", "region_index": 4, "resource": "None", "is_capital": false, "region_color": "#4e1c9c", "base_color": "#6d28d9", "centroid_lon": 27.3132, "centroid_lat": 59.1815}}, {"type": "Feature", "geometry": {"type": "Point", "coordinates": [26.9483, 58.1242]}, "properties": {"region_id": "EST-6", "region_name": "Tartu", "country_iso": "EST", "region_index": 5, "resource": "None", "is_capital": false, "region_color": "#9868e4", "base_color": "#6d28d9", "centroid_lon": 26.9483, "centroid_lat": 58.1242}}, {"type": "Feature", "geometry": {"type": "Point", "coordinates": [24.8442, 59.1611]}, "properties": {"region_id": "EST-7", "region_name": "Harju", "country_iso": "EST", "region_index": 6, "resource": "None", "is_capital": false, "region_color": "#5f23be", "base_color": "#6d28d9", "centroid_lon": 24.8442, "centroid_lat": 59.1611}}, {"type": "Feature", "geometry": {"type": "Point", "coordinates": [24.3156, 56.8992]}, "properties": {"region_id": "LVA-1", "region_name": "Jelgava", "country_iso": "LVA", "region_index": 0, "resource": "None", "is_capital": true, "region_color": "#15803d", "base_color": "#15803d", "centroid_lon": 24.3156, "centroid_lat": 56.8992}}, {"type": "Feature", "geometry": {"type": "Point", "coordinates": [25.3594, 56.6031]}, "properties": {"region_id": "LVA-2", "region_name": "Ogre", "country_iso": "LVA", "region_index": 1, "resource": "None", "is_capital": false, "region_color": "#489b67", "base_color": "#15803d", "centroid_lon": 25.3594, "centroid_lat": 56.6031}}, {"type": "Feature", "geometry": {"type": "Point", "coordinates": [25.4861, 57.5066]}, "properties": {"region_id": "LVA-3", "region_name": "Smiltenes", "country_iso": "LVA", "region_index": 2, "resource": "None", "is_capital": false, "region_color": "#116832", "base_color": "#15803d", "centroid_lon": 25.4861, "centroid_lat": 57.5066}}, {"type": "Feature", "geometry": {"type": "Point", "coordinates": [26.4394, 56.5733]}, "properties": {"region_id": "LVA-4", "region_name": "Madona", "country_iso": "LVA", "region_index": 3, "resource": "None", "is_capital": false, "region_color": "#318f54", "base_color": "#15803d", "centroid_lon": 26.4394, "centroid_lat": 56.5733}}, {"type": "Feature", "geometry": {"type": "Point", "coordinates": [22.7662, 56.9206]}, "properties": {"region_id": "LVA-5", "region_name": "Talsi", "country_iso": "LVA", "region_index": 4, "resource": "None", "is_capital": false, "region_color": "#0f5c2b", "base_color": "#15803d", "centroid_lon": 22.7662, "centroid_lat": 56.9206}}, {"type": "Feature", "geometry": {"type": "Point", "coordinates": [21.6813, 56.8619]}, "properties": {"region_id": "LVA-6", "region_name": "Ventspils", "country_iso": "LVA", "region_index": 5, "resource": "None", "is_capital": false, "region_color": "#5ba677", "base_color": "#15803d", "centroid_lon": 21.6813, "centroid_lat": 56.8619}}, {"type": "Feature", "geometry": {"type": "Point", "coordinates": [27.411, 56.6535]}, "properties": {"region_id": "LVA-7", "region_name": "Rezeknes", "country_iso": "LVA", "region_index": 6, "resource": "None", "is_capital": false, "region_color": "#127035", "base_color": "#15803d", "centroid_lon": 27.411, "centroid_lat": 56.6535}}, {"type": "Feature", "geometry": {"type": "Point", "coordinates": [9.3942, 60.462]}, "properties": {"region_id": "NOR-1", "region_name": "Oppland", "country_iso": "NOR", "region_index": 0, "resource": "None", "is_capital": true, "region_color": "#4338ca", "base_color": "#4338ca", "centroid_lon": 9.3942, "centroid_lat": 60.462}}, {"type": "Feature", "geometry": {"type": "Point", "coordinates": [11.0065, 62.1632]}, "properties": {"region_id": "NOR-2", "region_name": "Hedmark", "country_iso": "NOR", "region_index": 1, "resource": "None", "is_capital": false, "region_color": "#6c63d5", "base_color": "#4338ca", "centroid_lon": 11.0065, "centroid_lat": 62.1632}}, {"type": "Feature", "geometry": {"type": "Point", "coordinates": [18.6642, 77.0871]}, "properties": {"region_id": "NOR-3", "region_name": "Svalbard", "country_iso": "NOR", "region_index": 2, "resource": "None", "is_capital": false, "region_color": "#362da5", "base_color": "#4338ca", "centroid_lon": 18.6642, "centroid_lat": 77.0871}}, {"type": "Feature", "geometry": {"type": "Point", "coordinates": [3.3985, -54.4295]}, "properties": {"region_id": "NOR-4", "region_name": "Bouvet Island", "country_iso": "NOR", "region_index": 3, "resource": "None", "is_capital": false, "region_color": "#594fd0", "base_color": "#4338ca", "centroid_lon": 3.3985, "centroid_lat": -54.4295}}, {"type": "Feature", "geometry": {"type": "Point", "coordinates": [25.8892, 69.9197]}, "properties": {"region_id": "NOR-5", "region_name": "Finnmark", "country_iso": "NOR", "region_index": 4, "resource": "None", "is_capital": false, "region_color": "#302891", "base_color": "#4338ca", "centroid_lon": 25.8892, "centroid_lat": 69.9197}}, {"type": "Feature", "geometry": {"type": "Point", "coordinates": [6.9598, 60.5768]}, "properties": {"region_id": "NOR-6", "region_name": "Sogn og Fjordane", "country_iso": "NOR", "region_index": 5, "resource": "None", "is_capital": false, "region_color": "#7b73d9", "base_color": "#4338ca", "centroid_lon": 6.9598, "centroid_lat": 60.5768}}, {"type": "Feature", "geometry": {"type": "Point", "coordinates": [13.7327, 66.0098]}, "properties": {"region_id": "NOR-7", "region_name": "Nordland", "country_iso": "NOR", "region_index": 6, "resource": "None", "is_capital": false, "region_color": "#3a31b1", "base_color": "#4338ca", "centroid_lon": 13.7327, "centroid_lat": 66.0098}}, {"type": "Feature", "geometry": {"type": "Point", "coordinates": [14.1377, 57.5146]}, "properties": {"region_id": "SWE-1", "region_name": "V\u00e4stra G\u00f6taland", "country_iso": "SWE", "region_index": 0, "resource": "None", "is_capital": true, "region_color": "#1d4ed8", "base_color": "#1d4ed8", "centroid_lon": 14.1377, "centroid_lat": 57.5146}}, {"type": "Feature", "geometry": {"type": "Point", "coordinates": [14.0374, 60.3048]}, "properties": {"region_id": "SWE-2", "region_name": "Dalarna", "country_iso": "SWE", "region_index": 1, "resource": "None", "is_capital": false, "region_color": "#4e74e0", "base_color": "#1d4ed8", "centroid_lon": 14.0374, "centroid_lat": 60.3048}}, {"type": "Feature", "geometry": {"type": "Point", "coordinates": [19.3311, 66.2388]}, "properties": {"region_id": "SWE-3", "region_name": "Norrbotten", "country_iso": "SWE", "region_index": 2, "resource": "None", "is_capital": false, "region_color": "#173fb1", "base_color": "#1d4ed8", "centroid_lon": 19.3311, "centroid_lat": 66.2388}}, {"type": "Feature", "geometry": {"type": "Point", "coordinates": [17.177, 59.6171]}, "properties": {"region_id": "SWE-4", "region_name": "Uppsala", "country_iso": "SWE", "region_index": 3, "resource": "None", "is_capital": false, "region_color": "#3863dc", "base_color": "#1d4ed8", "centroid_lon": 17.177, "centroid_lat": 59.6171}}, {"type": "Feature", "geometry": {"type": "Point", "coordinates": [16.8439, 62.3828]}, "properties": {"region_id": "SWE-5", "region_name": "V\u00e4sternorrland", "country_iso": "SWE", "region_index": 4, "resource": "None", "is_capital": false, "region_color": "#14389b", "base_color": "#1d4ed8", "centroid_lon": 16.8439, "centroid_lat": 62.3828}}, {"type": "Feature", "geometry": {"type": "Point", "coordinates": [18.5387, 57.4982]}, "properties": {"region_id": "SWE-6", "region_name": "Gotland", "country_iso": "SWE", "region_index": 5, "resource": "None", "is_capital": false, "region_color": "#6083e3", "base_color": "#1d4ed8", "centroid_lon": 18.5387, "centroid_lat": 57.4982}}, {"type": "Feature", "geometry": {"type": "Point", "coordinates": [14.3326, 63.2625]}, "properties": {"region_id": "SWE-7", "region_name": "J\u00e4mtland", "country_iso": "SWE", "region_index": 6, "resource": "None", "is_capital": false, "region_color": "#1944be", "base_color": "#1d4ed8", "centroid_lon": 14.3326, "centroid_lat": 63.2625}}, {"type": "Feature", "geometry": {"type": "Point", "coordinates": [29.9331, 62.9117]}, "properties": {"region_id": "FIN-1", "region_name": "North Karelia", "country_iso": "FIN", "region_index": 0, "resource": "None", "is_capital": true, "region_color": "#0891b2", "base_color": "#0891b2", "centroid_lon": 29.9331, "centroid_lat": 62.9117}}, {"type": "Feature", "geometry": {"type": "Point", "coordinates": [26.3358, 67.718]}, "properties": {"region_id": "FIN-2", "region_name": "Lapland", "country_iso": "FIN", "region_index": 1, "resource": "None", "is_capital": false, "region_color": "#3ea9c2", "base_color": "#0891b2", "centroid_lon": 26.3358, "centroid_lat": 67.718}}, {"type": "Feature", "geometry": {"type": "Point", "coordinates": [22.3865, 61.0468]}, "properties": {"region_id": "FIN-3", "region_name": "Finland Proper", "country_iso": "FIN", "region_index": 2, "resource": "None", "is_capital": false, "region_color": "#067691", "base_color": "#0891b2", "centroid_lon": 22.3865, "centroid_lat": 61.0468}}, {"type": "Feature", "geometry": {"type": "Point", "coordinates": [25.3979, 61.5603]}, "properties": {"region_id": "FIN-4", "region_name": "Central Finland", "country_iso": "FIN", "region_index": 3, "resource": "None", "is_capital": false, "region_color": "#259ebb", "base_color": "#0891b2", "centroid_lon": 25.3979, "centroid_lat": 61.5603}}, {"type": "Feature", "geometry": {"type": "Point", "coordinates": [23.2713, 62.5462]}, "properties": {"region_id": "FIN-5", "region_name": "Pirkanmaa", "country_iso": "FIN", "region_index": 4, "resource": "None", "is_capital": false, "region_color": "#056880", "base_color": "#0891b2", "centroid_lon": 23.2713, "centroid_lat": 62.5462}}, {"type": "Feature", "geometry": {"type": "Point", "coordinates": [27.4066, 64.7934]}, "properties": {"region_id": "FIN-6", "region_name": "Northern Ostrobothnia", "country_iso": "FIN", "region_index": 5, "resource": "None", "is_capital": false, "region_color": "#52b2c9", "base_color": "#0891b2", "centroid_lon": 27.4066, "centroid_lat": 64.7934}}, {"type": "Feature", "geometry": {"type": "Point", "coordinates": [27.7709, 62.3519]}, "properties": {"region_id": "FIN-7", "region_name": "Northern Savonia", "country_iso": "FIN", "region_index": 6, "resource": "None", "is_capital": false, "region_color": "#077f9c", "base_color": "#0891b2", "centroid_lon": 27.7709, "centroid_lat": 62.3519}}, {"type": "Feature", "geometry": {"type": "Point", "coordinates": [108.3947, 14.1149]}, "properties": {"region_id": "VNM-1", "region_name": "Gia Lai", "country_iso": "VNM", "region_index": 0, "resource": "None", "is_capital": true, "region_color": "#7f1d1d", "base_color": "#7f1d1d", "centroid_lon": 108.3947, "centroid_lat": 14.1149}}, {"type": "Feature", "geometry": {"type": "Point", "coordinates": [105.7432, 10.2224]}, "properties": {"region_id": "VNM-2", "region_name": "Ki\u00ean Giang", "country_iso": "VNM", "region_index": 1, "resource": "None", "is_capital": false, "region_color": "#9b4e4e", "base_color": "#7f1d1d", "centroid_lon": 105.7432, "centroid_lat": 10.2224}}, {"type": "Feature", "geometry": {"type": "Point", "coordinates": [107.9344, 11.8847]}, "properties": {"region_id": "VNM-3", "region_name": "\u0110\u1eafk L\u1eafk", "country_iso": "VNM", "region_index": 2, "resource": "None", "is_capital": false, "region_color": "#681717", "base_color": "#7f1d1d", "centroid_lon": 107.9344, "centroid_lat": 11.8847}}, {"type": "Feature", "geometry": {"type": "Point", "coordinates": [104.4016, 21.9816]}, "properties": {"region_id": "VNM-4", "region_name": "Son La", "country_iso": "VNM", "region_index": 3, "resource": "None", "is_capital": false, "region_color": "#8e3838", "base_color": "#7f1d1d", "centroid_lon": 104.4016, "centroid_lat": 21.9816}}, {"type": "Feature", "geometry": {"type": "Point", "coordinates": [107.6204, 16.05]}, "properties": {"region_id": "VNM-5", "region_name": "Qu\u00e0ng Nam", "country_iso": "VNM", "region_index": 4, "resource": "None", "is_capital": false, "region_color": "#5b1414", "base_color": "#7f1d1d", "centroid_lon": 107.6204, "centroid_lat": 16.05}}, {"type": "Feature", "geometry": {"type": "Point", "coordinates": [105.4417, 18.6027]}, "properties": {"region_id": "VNM-6", "region_name": "Ngh\u1ec7 An", "country_iso": "VNM", "region_index": 5, "resource": "None", "is_capital": false, "region_color": "#a56060", "base_color": "#7f1d1d", "centroid_lon": 105.4417, "centroid_lat": 18.6027}}, {"type": "Feature", "geometry": {"type": "Point", "coordinates": [106.0586, 20.9342]}, "properties": {"region_id": "VNM-7", "region_name": "Thanh H\u00f3a", "country_iso": "VNM", "region_index": 6, "resource": "None", "is_capital": false, "region_color": "#6f1919", "base_color": "#7f1d1d", "centroid_lon": 106.0586, "centroid_lat": 20.9342}}, {"type": "Feature", "geometry": {"type": "Point", "coordinates": [103.5087, 13.2058]}, "properties": {"region_id": "KHM-1", "region_name": "Siemr\u00e9ab", "country_iso": "KHM", "region_index": 0, "resource": "None", "is_capital": true, "region_color": "#0891b2", "base_color": "#0891b2", "centroid_lon": 103.5087, "centroid_lat": 13.2058}}, {"type": "Feature", "geometry": {"type": "Point", "coordinates": [105.3819, 13.122]}, "properties": {"region_id": "KHM-2", "region_name": "Preah Vih\u00e9ar", "country_iso": "KHM", "region_index": 1, "resource": "None", "is_capital": false, "region_color": "#3ea9c2", "base_color": "#0891b2", "centroid_lon": 105.3819, "centroid_lat": 13.122}}, {"type": "Feature", "geometry": {"type": "Point", "coordinates": [106.747, 13.426]}, "properties": {"region_id": "KHM-3", "region_name": "M\u00f4nd\u00f3l Kiri", "country_iso": "KHM", "region_index": 2, "resource": "None", "is_capital": false, "region_color": "#067691", "base_color": "#0891b2", "centroid_lon": 106.747, "centroid_lat": 13.426}}, {"type": "Feature", "geometry": {"type": "Point", "coordinates": [103.5091, 11.4167]}, "properties": {"region_id": "KHM-4", "region_name": "Ka\u00f4h Kong", "country_iso": "KHM", "region_index": 3, "resource": "None", "is_capital": false, "region_color": "#259ebb", "base_color": "#0891b2", "centroid_lon": 103.5091, "centroid_lat": 11.4167}}, {"type": "Feature", "geometry": {"type": "Point", "coordinates": [104.5716, 11.7388]}, "properties": {"region_id": "KHM-5", "region_name": "K\u00e2mp\u00f3ng Sp\u0153", "country_iso": "KHM", "region_index": 4, "resource": "None", "is_capital": false, "region_color": "#056880", "base_color": "#0891b2", "centroid_lon": 104.5716, "centroid_lat": 11.7388}}, {"type": "Feature", "geometry": {"type": "Point", "coordinates": [104.5277, 10.8614]}, "properties": {"region_id": "KHM-6", "region_name": "K\u00e2mp\u00f4t", "country_iso": "KHM", "region_index": 5, "resource": "None", "is_capital": false, "region_color": "#52b2c9", "base_color": "#0891b2", "centroid_lon": 104.5277, "centroid_lat": 10.8614}}, {"type": "Feature", "geometry": {"type": "Point", "coordinates": [105.6021, 11.7056]}, "properties": {"region_id": "KHM-7", "region_name": "K\u00e2mp\u00f3ng Cham", "country_iso": "KHM", "region_index": 6, "resource": "None", "is_capital": false, "region_color": "#077f9c", "base_color": "#0891b2", "centroid_lon": 105.6021, "centroid_lat": 11.7056}}, {"type": "Feature", "geometry": {"type": "Point", "coordinates": [5.9732, 49.9301]}, "properties": {"region_id": "LUX-1", "region_name": "Diekirch", "country_iso": "LUX", "region_index": 0, "resource": "None", "is_capital": true, "region_color": "#9f1239", "base_color": "#9f1239", "centroid_lon": 5.9732, "centroid_lat": 49.9301}}, {"type": "Feature", "geometry": {"type": "Point", "coordinates": [6.3404, 49.678]}, "properties": {"region_id": "LUX-2", "region_name": "Grevenmacher", "country_iso": "LUX", "region_index": 1, "resource": "None", "is_capital": false, "region_color": "#b44664", "base_color": "#9f1239", "centroid_lon": 6.3404, "centroid_lat": 49.678}}, {"type": "Feature", "geometry": {"type": "Point", "coordinates": [6.0556, 49.6148]}, "properties": {"region_id": "LUX-3", "region_name": "Luxembourg", "country_iso": "LUX", "region_index": 2, "resource": "None", "is_capital": false, "region_color": "#820e2e", "base_color": "#9f1239", "centroid_lon": 6.0556, "centroid_lat": 49.6148}}, {"type": "Feature", "geometry": {"type": "Point", "coordinates": [4.8507, 50.2536]}, "properties": {"region_id": "BEL-1", "region_name": "Namur", "country_iso": "BEL", "region_index": 0, "resource": "None", "is_capital": true, "region_color": "#b91c1c", "base_color": "#b91c1c", "centroid_lon": 4.8507, "centroid_lat": 50.2536}}, {"type": "Feature", "geometry": {"type": "Point", "coordinates": [3.9644, 50.4582]}, "properties": {"region_id": "BEL-2", "region_name": "Hainaut", "country_iso": "BEL", "region_index": 1, "resource": "None", "is_capital": false, "region_color": "#c84d4d", "base_color": "#b91c1c", "centroid_lon": 3.9644, "centroid_lat": 50.4582}}, {"type": "Feature", "geometry": {"type": "Point", "coordinates": [3.0498, 51.0067]}, "properties": {"region_id": "BEL-3", "region_name": "West Flanders", "country_iso": "BEL", "region_index": 2, "resource": "None", "is_capital": false, "region_color": "#971616", "base_color": "#b91c1c", "centroid_lon": 3.0498, "centroid_lat": 51.0067}}, {"type": "Feature", "geometry": {"type": "Point", "coordinates": [5.5667, 50.3894]}, "properties": {"region_id": "BEL-4", "region_name": "Luxembourg", "country_iso": "BEL", "region_index": 3, "resource": "None", "is_capital": false, "region_color": "#c13737", "base_color": "#b91c1c", "centroid_lon": 5.5667, "centroid_lat": 50.3894}}, {"type": "Feature", "geometry": {"type": "Point", "coordinates": [4.5822, 50.8124]}, "properties": {"region_id": "BEL-5", "region_name": "Flemish Brabant", "country_iso": "BEL", "region_index": 4, "resource": "None", "is_capital": false, "region_color": "#851414", "base_color": "#b91c1c", "centroid_lon": 4.5822, "centroid_lat": 50.8124}}, {"type": "Feature", "geometry": {"type": "Point", "coordinates": [4.7172, 51.2234]}, "properties": {"region_id": "BEL-6", "region_name": "Antwerp", "country_iso": "BEL", "region_index": 5, "resource": "None", "is_capital": false, "region_color": "#ce6060", "base_color": "#b91c1c", "centroid_lon": 4.7172, "centroid_lat": 51.2234}}, {"type": "Feature", "geometry": {"type": "Point", "coordinates": [3.8089, 51.0388]}, "properties": {"region_id": "BEL-7", "region_name": "East Flanders", "country_iso": "BEL", "region_index": 6, "resource": "None", "is_capital": false, "region_color": "#a21818", "base_color": "#b91c1c", "centroid_lon": 3.8089, "centroid_lat": 51.0388}}, {"type": "Feature", "geometry": {"type": "Point", "coordinates": [45.2972, 41.665]}, "properties": {"region_id": "GEO-1", "region_name": "Kakheti", "country_iso": "GEO", "region_index": 0, "resource": "None", "is_capital": true, "region_color": "#9f1239", "base_color": "#9f1239", "centroid_lon": 45.2972, "centroid_lat": 41.665}}, {"type": "Feature", "geometry": {"type": "Point", "coordinates": [42.2363, 42.5612]}, "properties": {"region_id": "GEO-2", "region_name": "Samegrelo-Zemo Svaneti", "country_iso": "GEO", "region_index": 1, "resource": "None", "is_capital": false, "region_color": "#b44664", "base_color": "#9f1239", "centroid_lon": 42.2363, "centroid_lat": 42.5612}}, {"type": "Feature", "geometry": {"type": "Point", "coordinates": [41.1689, 43.0966]}, "properties": {"region_id": "GEO-3", "region_name": "Abkhazia", "country_iso": "GEO", "region_index": 2, "resource": "None", "is_capital": false, "region_color": "#820e2e", "base_color": "#9f1239", "centroid_lon": 41.1689, "centroid_lat": 43.0966}}, {"type": "Feature", "geometry": {"type": "Point", "coordinates": [44.4128, 42.2058]}, "properties": {"region_id": "GEO-4", "region_name": "Mtskheta-Mtianeti", "country_iso": "GEO", "region_index": 3, "resource": "None", "is_capital": false, "region_color": "#aa2e50", "base_color": "#9f1239", "centroid_lon": 44.4128, "centroid_lat": 42.2058}}, {"type": "Feature", "geometry": {"type": "Point", "coordinates": [43.145, 42.6405]}, "properties": {"region_id": "GEO-5", "region_name": "Racha-Lechkhumi-Kvemo Svaneti", "country_iso": "GEO", "region_index": 4, "resource": "None", "is_capital": false, "region_color": "#720c29", "base_color": "#9f1239", "centroid_lon": 43.145, "centroid_lat": 42.6405}}, {"type": "Feature", "geometry": {"type": "Point", "coordinates": [42.6631, 41.987]}, "properties": {"region_id": "GEO-6", "region_name": "Imereti", "country_iso": "GEO", "region_index": 5, "resource": "None", "is_capital": false, "region_color": "#bb5974", "base_color": "#9f1239", "centroid_lon": 42.6631, "centroid_lat": 41.987}}, {"type": "Feature", "geometry": {"type": "Point", "coordinates": [43.3133, 41.5369]}, "properties": {"region_id": "GEO-7", "region_name": "Samtskhe-Javakheti", "country_iso": "GEO", "region_index": 6, "resource": "None", "is_capital": false, "region_color": "#8b0f32", "base_color": "#9f1239", "centroid_lon": 43.3133, "centroid_lat": 41.5369}}, {"type": "Feature", "geometry": {"type": "Point", "coordinates": [21.9102, 41.5482]}, "properties": {"region_id": "MKD-1", "region_name": "Kavadartsi", "country_iso": "MKD", "region_index": 0, "resource": "None", "is_capital": true, "region_color": "#166534", "base_color": "#166534", "centroid_lon": 21.9102, "centroid_lat": 41.5482}}, {"type": "Feature", "geometry": {"type": "Point", "coordinates": [22.4588, 41.3259]}, "properties": {"region_id": "MKD-2", "region_name": "Gevgelija", "country_iso": "MKD", "region_index": 1, "resource": "None", "is_capital": false, "region_color": "#498660", "base_color": "#166534", "centroid_lon": 22.4588, "centroid_lat": 41.3259}}, {"type": "Feature", "geometry": {"type": "Point", "coordinates": [20.8662, 41.542]}, "properties": {"region_id": "MKD-3", "region_name": "Brod", "country_iso": "MKD", "region_index": 2, "resource": "None", "is_capital": false, "region_color": "#12522a", "base_color": "#166534", "centroid_lon": 20.8662, "centroid_lat": 41.542}}, {"type": "Feature", "geometry": {"type": "Point", "coordinates": [22.6973, 41.707]}, "properties": {"region_id": "MKD-4", "region_name": "Berovo", "country_iso": "MKD", "region_index": 3, "resource": "None", "is_capital": false, "region_color": "#31774c", "base_color": "#166534", "centroid_lon": 22.6973, "centroid_lat": 41.707}}, {"type": "Feature", "geometry": {"type": "Point", "coordinates": [21.446, 41.9868]}, "properties": {"region_id": "MKD-5", "region_name": "Kumanovo", "country_iso": "MKD", "region_index": 4, "resource": "None", "is_capital": false, "region_color": "#0f4825", "base_color": "#166534", "centroid_lon": 21.446, "centroid_lat": 41.9868}}, {"type": "Feature", "geometry": {"type": "Point", "coordinates": [22.1792, 42.0547]}, "properties": {"region_id": "MKD-6", "region_name": "Kriva Palanka", "country_iso": "MKD", "region_index": 5, "resource": "None", "is_capital": false, "region_color": "#5b9370", "base_color": "#166534", "centroid_lon": 22.1792, "centroid_lat": 42.0547}}, {"type": "Feature", "geometry": {"type": "Point", "coordinates": [21.3953, 41.1708]}, "properties": {"region_id": "MKD-7", "region_name": "Prilep", "country_iso": "MKD", "region_index": 6, "resource": "None", "is_capital": false, "region_color": "#13582d", "base_color": "#166534", "centroid_lon": 21.3953, "centroid_lat": 41.1708}}, {"type": "Feature", "geometry": {"type": "Point", "coordinates": [19.7531, 41.6732]}, "properties": {"region_id": "ALB-1", "region_name": "Lezh\u00eb", "country_iso": "ALB", "region_index": 0, "resource": "None", "is_capital": true, "region_color": "#a16207", "base_color": "#a16207", "centroid_lon": 19.7531, "centroid_lat": 41.6732}}, {"type": "Feature", "geometry": {"type": "Point", "coordinates": [20.2042, 42.1988]}, "properties": {"region_id": "ALB-2", "region_name": "Kuk\u00ebs", "country_iso": "ALB", "region_index": 1, "resource": "None", "is_capital": false, "region_color": "#b5843d", "base_color": "#a16207", "centroid_lon": 20.2042, "centroid_lat": 42.1988}}, {"type": "Feature", "geometry": {"type": "Point", "coordinates": [20.2225, 41.6116]}, "properties": {"region_id": "ALB-3", "region_name": "Dib\u00ebr", "country_iso": "ALB", "region_index": 2, "resource": "None", "is_capital": false, "region_color": "#845005", "base_color": "#a16207", "centroid_lon": 20.2225, "centroid_lat": 41.6116}}, {"type": "Feature", "geometry": {"type": "Point", "coordinates": [19.9956, 40.1825]}, "properties": {"region_id": "ALB-4", "region_name": "Gjirokast\u00ebr", "country_iso": "ALB", "region_index": 3, "resource": "None", "is_capital": false, "region_color": "#ac7424", "base_color": "#a16207", "centroid_lon": 19.9956, "centroid_lat": 40.1825}}, {"type": "Feature", "geometry": {"type": "Point", "coordinates": [20.0588, 41.1333]}, "properties": {"region_id": "ALB-5", "region_name": "Elbasan", "country_iso": "ALB", "region_index": 4, "resource": "None", "is_capital": false, "region_color": "#734605", "base_color": "#a16207", "centroid_lon": 20.0588, "centroid_lat": 41.1333}}, {"type": "Feature", "geometry": {"type": "Point", "coordinates": [20.2243, 40.6693]}, "properties": {"region_id": "ALB-6", "region_name": "Kor\u00e7\u00eb", "country_iso": "ALB", "region_index": 5, "resource": "None", "is_capital": false, "region_color": "#bd9151", "base_color": "#a16207", "centroid_lon": 20.2243, "centroid_lat": 40.6693}}, {"type": "Feature", "geometry": {"type": "Point", "coordinates": [19.7015, 42.1691]}, "properties": {"region_id": "ALB-7", "region_name": "Shkod\u00ebr", "country_iso": "ALB", "region_index": 6, "resource": "None", "is_capital": false, "region_color": "#8d5606", "base_color": "#a16207", "centroid_lon": 19.7015, "centroid_lat": 42.1691}}, {"type": "Feature", "geometry": {"type": "Point", "coordinates": [46.6655, 39.7798]}, "properties": {"region_id": "AZE-1", "region_name": "K\u0259lb\u0259c\u0259r", "country_iso": "AZE", "region_index": 0, "resource": "None", "is_capital": true, "region_color": "#0891b2", "base_color": "#0891b2", "centroid_lon": 46.6655, "centroid_lat": 39.7798}}, {"type": "Feature", "geometry": {"type": "Point", "coordinates": [45.809, 40.8386]}, "properties": {"region_id": "AZE-2", "region_name": "Tovuz", "country_iso": "AZE", "region_index": 1, "resource": "None", "is_capital": false, "region_color": "#3ea9c2", "base_color": "#0891b2", "centroid_lon": 45.809, "centroid_lat": 40.8386}}, {"type": "Feature", "geometry": {"type": "Point", "coordinates": [48.9077, 40.7454]}, "properties": {"region_id": "AZE-3", "region_name": "Quba", "country_iso": "AZE", "region_index": 2, "resource": "None", "is_capital": false, "region_color": "#067691", "base_color": "#0891b2", "centroid_lon": 48.9077, "centroid_lat": 40.7454}}, {"type": "Feature", "geometry": {"type": "Point", "coordinates": [47.7798, 40.3336]}, "properties": {"region_id": "AZE-4", "region_name": "\u0130smay\u0131ll\u0131", "country_iso": "AZE", "region_index": 3, "resource": "None", "is_capital": false, "region_color": "#259ebb", "base_color": "#0891b2", "centroid_lon": 47.7798, "centroid_lat": 40.3336}}, {"type": "Feature", "geometry": {"type": "Point", "coordinates": [48.681, 39.3201]}, "properties": {"region_id": "AZE-5", "region_name": "Salyan", "country_iso": "AZE", "region_index": 4, "resource": "None", "is_capital": false, "region_color": "#056880", "base_color": "#0891b2", "centroid_lon": 48.681, "centroid_lat": 39.3201}}, {"type": "Feature", "geometry": {"type": "Point", "coordinates": [46.8531, 41.0771]}, "properties": {"region_id": "AZE-6", "region_name": "\u015e\u0259ki", "country_iso": "AZE", "region_index": 5, "resource": "None", "is_capital": false, "region_color": "#52b2c9", "base_color": "#0891b2", "centroid_lon": 46.8531, "centroid_lat": 41.0771}}, {"type": "Feature", "geometry": {"type": "Point", "coordinates": [45.48, 39.2993]}, "properties": {"region_id": "AZE-7", "region_name": "Bab\u0259k", "country_iso": "AZE", "region_index": 6, "resource": "None", "is_capital": false, "region_color": "#077f9c", "base_color": "#0891b2", "centroid_lon": 45.48, "centroid_lat": 39.2993}}, {"type": "Feature", "geometry": {"type": "Point", "coordinates": [20.8513, 42.6515]}, "properties": {"region_id": "KOS-1", "region_name": "Srbica", "country_iso": "KOS", "region_index": 0, "resource": "None", "is_capital": true, "region_color": "#a16207", "base_color": "#a16207", "centroid_lon": 20.8513, "centroid_lat": 42.6515}}, {"type": "Feature", "geometry": {"type": "Point", "coordinates": [20.6759, 42.1672]}, "properties": {"region_id": "KOS-2", "region_name": "Prizren", "country_iso": "KOS", "region_index": 1, "resource": "None", "is_capital": false, "region_color": "#b5843d", "base_color": "#a16207", "centroid_lon": 20.6759, "centroid_lat": 42.1672}}, {"type": "Feature", "geometry": {"type": "Point", "coordinates": [20.3738, 42.5754]}, "properties": {"region_id": "KOS-3", "region_name": "Pe\u0107", "country_iso": "KOS", "region_index": 2, "resource": "None", "is_capital": false, "region_color": "#845005", "base_color": "#a16207", "centroid_lon": 20.3738, "centroid_lat": 42.5754}}, {"type": "Feature", "geometry": {"type": "Point", "coordinates": [21.1965, 42.345]}, "properties": {"region_id": "KOS-4", "region_name": "Lipljan", "country_iso": "KOS", "region_index": 3, "resource": "None", "is_capital": false, "region_color": "#ac7424", "base_color": "#a16207", "centroid_lon": 21.1965, "centroid_lat": 42.345}}, {"type": "Feature", "geometry": {"type": "Point", "coordinates": [20.7637, 43.0071]}, "properties": {"region_id": "KOS-5", "region_name": "Leposavi\u0107", "country_iso": "KOS", "region_index": 4, "resource": "None", "is_capital": false, "region_color": "#734605", "base_color": "#a16207", "centroid_lon": 20.7637, "centroid_lat": 43.0071}}, {"type": "Feature", "geometry": {"type": "Point", "coordinates": [20.9206, 42.313]}, "properties": {"region_id": "KOS-6", "region_name": "Suva Reka", "country_iso": "KOS", "region_index": 5, "resource": "None", "is_capital": false, "region_color": "#bd9151", "base_color": "#a16207", "centroid_lon": 20.9206, "centroid_lat": 42.313}}, {"type": "Feature", "geometry": {"type": "Point", "coordinates": [21.3653, 42.653]}, "properties": {"region_id": "KOS-7", "region_name": "Podujevo", "country_iso": "KOS", "region_index": 6, "resource": "None", "is_capital": false, "region_color": "#8d5606", "base_color": "#a16207", "centroid_lon": 21.3653, "centroid_lat": 42.653}}, {"type": "Feature", "geometry": {"type": "Point", "coordinates": [34.2827, 38.0168]}, "properties": {"region_id": "TUR-1", "region_name": "Istanbul Region", "country_iso": "TUR", "region_index": 0, "resource": "None", "is_capital": true, "region_color": "#6d28d9", "base_color": "#6d28d9", "centroid_lon": 34.2827, "centroid_lat": 38.0168}}, {"type": "Feature", "geometry": {"type": "Point", "coordinates": [42.1438, 39.0777]}, "properties": {"region_id": "TUR-2", "region_name": "Ankara", "country_iso": "TUR", "region_index": 1, "resource": "None", "is_capital": false, "region_color": "#8d57e1", "base_color": "#6d28d9", "centroid_lon": 42.1438, "centroid_lat": 39.0777}}, {"type": "Feature", "geometry": {"type": "Point", "coordinates": [29.6784, 37.7498]}, "properties": {"region_id": "TUR-3", "region_name": "Aegean", "country_iso": "TUR", "region_index": 2, "resource": "None", "is_capital": false, "region_color": "#5920b1", "base_color": "#6d28d9", "centroid_lon": 29.6784, "centroid_lat": 37.7498}}, {"type": "Feature", "geometry": {"type": "Point", "coordinates": [30.1983, 40.1183]}, "properties": {"region_id": "TUR-4", "region_name": "Mediterranean", "country_iso": "TUR", "region_index": 3, "resource": "None", "is_capital": false, "region_color": "#7e41dd", "base_color": "#6d28d9", "centroid_lon": 30.1983, "centroid_lat": 40.1183}}, {"type": "Feature", "geometry": {"type": "Point", "coordinates": [33.8192, 40.6731]}, "properties": {"region_id": "TUR-5", "region_name": "Black Sea", "country_iso": "TUR", "region_index": 4, "resource": "None", "is_capital": false, "region_color": "#4e1c9c", "base_color": "#6d28d9", "centroid_lon": 33.8192, "centroid_lat": 40.6731}}, {"type": "Feature", "geometry": {"type": "Point", "coordinates": [27.3164, 40.0662]}, "properties": {"region_id": "TUR-6", "region_name": "Eastern Anatolia", "country_iso": "TUR", "region_index": 5, "resource": "None", "is_capital": false, "region_color": "#9868e4", "base_color": "#6d28d9", "centroid_lon": 27.3164, "centroid_lat": 40.0662}}, {"type": "Feature", "geometry": {"type": "Point", "coordinates": [38.2736, 39.0194]}, "properties": {"region_id": "TUR-7", "region_name": "Southeast", "country_iso": "TUR", "region_index": 6, "resource": "None", "is_capital": false, "region_color": "#5f23be", "base_color": "#6d28d9", "centroid_lon": 38.2736, "centroid_lat": 39.0194}}, {"type": "Feature", "geometry": {"type": "Point", "coordinates": [-6.6897, 42.3641]}, "properties": {"region_id": "ESP-1", "region_name": "Madrid", "country_iso": "ESP", "region_index": 0, "resource": "None", "is_capital": true, "region_color": "#c2410c", "base_color": "#c2410c", "centroid_lon": -6.6897, "centroid_lat": 42.3641}}, {"type": "Feature", "geometry": {"type": "Point", "coordinates": [-5.3309, 38.7311]}, "properties": {"region_id": "ESP-2", "region_name": "Catalonia", "country_iso": "ESP", "region_index": 1, "resource": "None", "is_capital": false, "region_color": "#cf6a41", "base_color": "#c2410c", "centroid_lon": -5.3309, "centroid_lat": 38.7311}}, {"type": "Feature", "geometry": {"type": "Point", "coordinates": [-3.3954, 37.4292]}, "properties": {"region_id": "ESP-3", "region_name": "Andalusia", "country_iso": "ESP", "region_index": 2, "resource": "None", "is_capital": false, "region_color": "#9f3509", "base_color": "#c2410c", "centroid_lon": -3.3954, "centroid_lat": 37.4292}}, {"type": "Feature", "geometry": {"type": "Point", "coordinates": [-3.2736, 41.9172]}, "properties": {"region_id": "ESP-4", "region_name": "Valencia", "country_iso": "ESP", "region_index": 3, "resource": "None", "is_capital": false, "region_color": "#c95729", "base_color": "#c2410c", "centroid_lon": -3.2736, "centroid_lat": 41.9172}}, {"type": "Feature", "geometry": {"type": "Point", "coordinates": [-1.2822, 39.8414]}, "properties": {"region_id": "ESP-5", "region_name": "Basque Country", "country_iso": "ESP", "region_index": 4, "resource": "None", "is_capital": false, "region_color": "#8b2e08", "base_color": "#c2410c", "centroid_lon": -1.2822, "centroid_lat": 39.8414}}, {"type": "Feature", "geometry": {"type": "Point", "coordinates": [1.1884, 41.6994]}, "properties": {"region_id": "ESP-6", "region_name": "Galicia", "country_iso": "ESP", "region_index": 5, "resource": "None", "is_capital": false, "region_color": "#d47a54", "base_color": "#c2410c", "centroid_lon": 1.1884, "centroid_lat": 41.6994}}, {"type": "Feature", "geometry": {"type": "Point", "coordinates": [-15.5808, 28.3335]}, "properties": {"region_id": "ESP-7", "region_name": "Castile", "country_iso": "ESP", "region_index": 6, "resource": "None", "is_capital": false, "region_color": "#aa390a", "base_color": "#c2410c", "centroid_lon": -15.5808, "centroid_lat": 28.3335}}, {"type": "Feature", "geometry": {"type": "Point", "coordinates": [100.6415, 20.3448]}, "properties": {"region_id": "LAO-1", "region_name": "Bokeo", "country_iso": "LAO", "region_index": 0, "resource": "None", "is_capital": true, "region_color": "#166534", "base_color": "#166534", "centroid_lon": 100.6415, "centroid_lat": 20.3448}}, {"type": "Feature", "geometry": {"type": "Point", "coordinates": [102.2251, 21.6557]}, "properties": {"region_id": "LAO-2", "region_name": "Ph\u00f4ngsali", "country_iso": "LAO", "region_index": 1, "resource": "None", "is_capital": false, "region_color": "#498660", "base_color": "#166534", "centroid_lon": 102.2251, "centroid_lat": 21.6557}}, {"type": "Feature", "geometry": {"type": "Point", "coordinates": [105.5107, 16.9902]}, "properties": {"region_id": "LAO-3", "region_name": "Savannakh\u00e9t", "country_iso": "LAO", "region_index": 2, "resource": "None", "is_capital": false, "region_color": "#12522a", "base_color": "#166534", "centroid_lon": 105.5107, "centroid_lat": 16.9902}}, {"type": "Feature", "geometry": {"type": "Point", "coordinates": [102.0265, 18.7713]}, "properties": {"region_id": "LAO-4", "region_name": "Vientiane", "country_iso": "LAO", "region_index": 3, "resource": "None", "is_capital": false, "region_color": "#31774c", "base_color": "#166534", "centroid_lon": 102.0265, "centroid_lat": 18.7713}}, {"type": "Feature", "geometry": {"type": "Point", "coordinates": [106.445, 15.1803]}, "properties": {"region_id": "LAO-5", "region_name": "Champasak", "country_iso": "LAO", "region_index": 4, "resource": "None", "is_capital": false, "region_color": "#0f4825", "base_color": "#166534", "centroid_lon": 106.445, "centroid_lat": 15.1803}}, {"type": "Feature", "geometry": {"type": "Point", "coordinates": [103.5213, 19.6512]}, "properties": {"region_id": "LAO-6", "region_name": "Louangphrabang", "country_iso": "LAO", "region_index": 5, "resource": "None", "is_capital": false, "region_color": "#5b9370", "base_color": "#166534", "centroid_lon": 103.5213, "centroid_lat": 19.6512}}, {"type": "Feature", "geometry": {"type": "Point", "coordinates": [101.4551, 20.6354]}, "properties": {"region_id": "LAO-7", "region_name": "Oud\u00f4mxai", "country_iso": "LAO", "region_index": 6, "resource": "None", "is_capital": false, "region_color": "#13582d", "base_color": "#166534", "centroid_lon": 101.4551, "centroid_lat": 20.6354}}, {"type": "Feature", "geometry": {"type": "Point", "coordinates": [75.6512, 41.3638]}, "properties": {"region_id": "KGZ-1", "region_name": "Naryn", "country_iso": "KGZ", "region_index": 0, "resource": "None", "is_capital": true, "region_color": "#6d28d9", "base_color": "#6d28d9", "centroid_lon": 75.6512, "centroid_lat": 41.3638}}, {"type": "Feature", "geometry": {"type": "Point", "coordinates": [77.9336, 42.1686]}, "properties": {"region_id": "KGZ-2", "region_name": "Ysyk-K\u00f6l", "country_iso": "KGZ", "region_index": 1, "resource": "None", "is_capital": false, "region_color": "#8d57e1", "base_color": "#6d28d9", "centroid_lon": 77.9336, "centroid_lat": 42.1686}}, {"type": "Feature", "geometry": {"type": "Point", "coordinates": [72.479, 41.5626]}, "properties": {"region_id": "KGZ-3", "region_name": "Jalal-Abad", "country_iso": "KGZ", "region_index": 2, "resource": "None", "is_capital": false, "region_color": "#5920b1", "base_color": "#6d28d9", "centroid_lon": 72.479, "centroid_lat": 41.5626}}, {"type": "Feature", "geometry": {"type": "Point", "coordinates": [73.2296, 40.1376]}, "properties": {"region_id": "KGZ-4", "region_name": "Osh", "country_iso": "KGZ", "region_index": 3, "resource": "None", "is_capital": false, "region_color": "#7e41dd", "base_color": "#6d28d9", "centroid_lon": 73.2296, "centroid_lat": 40.1376}}, {"type": "Feature", "geometry": {"type": "Point", "coordinates": [74.6191, 42.6208]}, "properties": {"region_id": "KGZ-5", "region_name": "Chuy", "country_iso": "KGZ", "region_index": 4, "resource": "None", "is_capital": false, "region_color": "#4e1c9c", "base_color": "#6d28d9", "centroid_lon": 74.6191, "centroid_lat": 42.6208}}, {"type": "Feature", "geometry": {"type": "Point", "coordinates": [70.838, 39.8613]}, "properties": {"region_id": "KGZ-6", "region_name": "Batken", "country_iso": "KGZ", "region_index": 5, "resource": "None", "is_capital": false, "region_color": "#9868e4", "base_color": "#6d28d9", "centroid_lon": 70.838, "centroid_lat": 39.8613}}, {"type": "Feature", "geometry": {"type": "Point", "coordinates": [72.1421, 42.4301]}, "properties": {"region_id": "KGZ-7", "region_name": "Talas", "country_iso": "KGZ", "region_index": 6, "resource": "None", "is_capital": false, "region_color": "#5f23be", "base_color": "#6d28d9", "centroid_lon": 72.1421, "centroid_lat": 42.4301}}, {"type": "Feature", "geometry": {"type": "Point", "coordinates": [44.1063, 40.3309]}, "properties": {"region_id": "ARM-1", "region_name": "Aragatsotn", "country_iso": "ARM", "region_index": 0, "resource": "None", "is_capital": true, "region_color": "#0891b2", "base_color": "#0891b2", "centroid_lon": 44.1063, "centroid_lat": 40.3309}}, {"type": "Feature", "geometry": {"type": "Point", "coordinates": [44.1862, 40.9052]}, "properties": {"region_id": "ARM-2", "region_name": "Lori", "country_iso": "ARM", "region_index": 1, "resource": "None", "is_capital": false, "region_color": "#3ea9c2", "base_color": "#0891b2", "centroid_lon": 44.1862, "centroid_lat": 40.9052}}, {"type": "Feature", "geometry": {"type": "Point", "coordinates": [45.1336, 40.8921]}, "properties": {"region_id": "ARM-3", "region_name": "Tavush", "country_iso": "ARM", "region_index": 2, "resource": "None", "is_capital": false, "region_color": "#067691", "base_color": "#0891b2", "centroid_lon": 45.1336, "centroid_lat": 40.8921}}, {"type": "Feature", "geometry": {"type": "Point", "coordinates": [45.3711, 40.1236]}, "properties": {"region_id": "ARM-4", "region_name": "Gegharkunik", "country_iso": "ARM", "region_index": 3, "resource": "None", "is_capital": false, "region_color": "#259ebb", "base_color": "#0891b2", "centroid_lon": 45.3711, "centroid_lat": 40.1236}}, {"type": "Feature", "geometry": {"type": "Point", "coordinates": [44.6994, 40.3541]}, "properties": {"region_id": "ARM-5", "region_name": "Kotayk", "country_iso": "ARM", "region_index": 4, "resource": "None", "is_capital": false, "region_color": "#056880", "base_color": "#0891b2", "centroid_lon": 44.6994, "centroid_lat": 40.3541}}, {"type": "Feature", "geometry": {"type": "Point", "coordinates": [44.7904, 39.9426]}, "properties": {"region_id": "ARM-6", "region_name": "Ararat", "country_iso": "ARM", "region_index": 5, "resource": "None", "is_capital": false, "region_color": "#52b2c9", "base_color": "#0891b2", "centroid_lon": 44.7904, "centroid_lat": 39.9426}}, {"type": "Feature", "geometry": {"type": "Point", "coordinates": [46.1386, 39.3287]}, "properties": {"region_id": "ARM-7", "region_name": "Syunik", "country_iso": "ARM", "region_index": 6, "resource": "None", "is_capital": false, "region_color": "#077f9c", "base_color": "#0891b2", "centroid_lon": 46.1386, "centroid_lat": 39.3287}}, {"type": "Feature", "geometry": {"type": "Point", "coordinates": [9.4214, 55.3613]}, "properties": {"region_id": "DNK-1", "region_name": "Syddanmark", "country_iso": "DNK", "region_index": 0, "resource": "None", "is_capital": true, "region_color": "#6d28d9", "base_color": "#6d28d9", "centroid_lon": 9.4214, "centroid_lat": 55.3613}}, {"type": "Feature", "geometry": {"type": "Point", "coordinates": [9.3896, 56.2463]}, "properties": {"region_id": "DNK-2", "region_name": "Midtjylland", "country_iso": "DNK", "region_index": 1, "resource": "None", "is_capital": false, "region_color": "#8d57e1", "base_color": "#6d28d9", "centroid_lon": 9.3896, "centroid_lat": 56.2463}}, {"type": "Feature", "geometry": {"type": "Point", "coordinates": [9.6978, 57.0619]}, "properties": {"region_id": "DNK-3", "region_name": "Nordjylland", "country_iso": "DNK", "region_index": 2, "resource": "None", "is_capital": false, "region_color": "#5920b1", "base_color": "#6d28d9", "centroid_lon": 9.6978, "centroid_lat": 57.0619}}, {"type": "Feature", "geometry": {"type": "Point", "coordinates": [11.6978, 55.2973]}, "properties": {"region_id": "DNK-4", "region_name": "Sja\u00e6lland", "country_iso": "DNK", "region_index": 3, "resource": "None", "is_capital": false, "region_color": "#7e41dd", "base_color": "#6d28d9", "centroid_lon": 11.6978, "centroid_lat": 55.2973}}, {"type": "Feature", "geometry": {"type": "Point", "coordinates": [12.8943, 55.6944]}, "properties": {"region_id": "DNK-5", "region_name": "Hovedstaden", "country_iso": "DNK", "region_index": 4, "resource": "None", "is_capital": false, "region_color": "#4e1c9c", "base_color": "#6d28d9", "centroid_lon": 12.8943, "centroid_lat": 55.6944}}, {"type": "Feature", "geometry": {"type": "Point", "coordinates": [13.0682, 27.8258]}, "properties": {"region_id": "LBY-1", "region_name": "Ash Shati'", "country_iso": "LBY", "region_index": 0, "resource": "None", "is_capital": true, "region_color": "#be185d", "base_color": "#be185d", "centroid_lon": 13.0682, "centroid_lat": 27.8258}}, {"type": "Feature", "geometry": {"type": "Point", "coordinates": [15.6886, 24.6111]}, "properties": {"region_id": "LBY-2", "region_name": "Murzuq", "country_iso": "LBY", "region_index": 1, "resource": "None", "is_capital": false, "region_color": "#cc4a80", "base_color": "#be185d", "centroid_lon": 15.6886, "centroid_lat": 24.6111}}, {"type": "Feature", "geometry": {"type": "Point", "coordinates": [10.8593, 30.3038]}, "properties": {"region_id": "LBY-3", "region_name": "Ghadamis", "country_iso": "LBY", "region_index": 2, "resource": "None", "is_capital": false, "region_color": "#9b134c", "base_color": "#be185d", "centroid_lon": 10.8593, "centroid_lat": 30.3038}}, {"type": "Feature", "geometry": {"type": "Point", "coordinates": [17.2256, 28.5415]}, "properties": {"region_id": "LBY-4", "region_name": "Al Jufrah", "country_iso": "LBY", "region_index": 3, "resource": "None", "is_capital": false, "region_color": "#c53370", "base_color": "#be185d", "centroid_lon": 17.2256, "centroid_lat": 28.5415}}, {"type": "Feature", "geometry": {"type": "Point", "coordinates": [11.4005, 26.197]}, "properties": {"region_id": "LBY-5", "region_name": "Ghat", "country_iso": "LBY", "region_index": 4, "resource": "None", "is_capital": false, "region_color": "#881142", "base_color": "#be185d", "centroid_lon": 11.4005, "centroid_lat": 26.197}}, {"type": "Feature", "geometry": {"type": "Point", "coordinates": [13.6719, 30.8468]}, "properties": {"region_id": "LBY-6", "region_name": "Mizdah", "country_iso": "LBY", "region_index": 5, "resource": "None", "is_capital": false, "region_color": "#d15d8d", "base_color": "#be185d", "centroid_lon": 13.6719, "centroid_lat": 30.8468}}, {"type": "Feature", "geometry": {"type": "Point", "coordinates": [22.1536, 26.4187]}, "properties": {"region_id": "LBY-7", "region_name": "Al Kufrah", "country_iso": "LBY", "region_index": 6, "resource": "None", "is_capital": false, "region_color": "#a71551", "base_color": "#be185d", "centroid_lon": 22.1536, "centroid_lat": 26.4187}}, {"type": "Feature", "geometry": {"type": "Point", "coordinates": [10.0763, 35.1944]}, "properties": {"region_id": "TUN-1", "region_name": "Sidi Bou Zid", "country_iso": "TUN", "region_index": 0, "resource": "None", "is_capital": true, "region_color": "#0369a1", "base_color": "#0369a1", "centroid_lon": 10.0763, "centroid_lat": 35.1944}}, {"type": "Feature", "geometry": {"type": "Point", "coordinates": [8.8742, 33.3015]}, "properties": {"region_id": "TUN-2", "region_name": "Kebili", "country_iso": "TUN", "region_index": 1, "resource": "None", "is_capital": false, "region_color": "#3a8ab5", "base_color": "#0369a1", "centroid_lon": 8.8742, "centroid_lat": 33.3015}}, {"type": "Feature", "geometry": {"type": "Point", "coordinates": [9.9388, 32.0072]}, "properties": {"region_id": "TUN-3", "region_name": "Tataouine", "country_iso": "TUN", "region_index": 2, "resource": "None", "is_capital": false, "region_color": "#025684", "base_color": "#0369a1", "centroid_lon": 9.9388, "centroid_lat": 32.0072}}, {"type": "Feature", "geometry": {"type": "Point", "coordinates": [10.3576, 33.4822]}, "properties": {"region_id": "TUN-4", "region_name": "M\u00e9denine", "country_iso": "TUN", "region_index": 3, "resource": "None", "is_capital": false, "region_color": "#217bac", "base_color": "#0369a1", "centroid_lon": 10.3576, "centroid_lat": 33.4822}}, {"type": "Feature", "geometry": {"type": "Point", "coordinates": [8.839, 35.8249]}, "properties": {"region_id": "TUN-5", "region_name": "Kass\u00e9rine", "country_iso": "TUN", "region_index": 4, "resource": "None", "is_capital": false, "region_color": "#024b73", "base_color": "#0369a1", "centroid_lon": 8.839, "centroid_lat": 35.8249}}, {"type": "Feature", "geometry": {"type": "Point", "coordinates": [9.898, 36.7214]}, "properties": {"region_id": "TUN-6", "region_name": "B\u00e9ja", "country_iso": "TUN", "region_index": 5, "resource": "None", "is_capital": false, "region_color": "#4e96bd", "base_color": "#0369a1", "centroid_lon": 9.898, "centroid_lat": 36.7214}}, {"type": "Feature", "geometry": {"type": "Point", "coordinates": [8.3942, 34.1961]}, "properties": {"region_id": "TUN-7", "region_name": "Gafsa", "country_iso": "TUN", "region_index": 6, "resource": "None", "is_capital": false, "region_color": "#025c8d", "base_color": "#0369a1", "centroid_lon": 8.3942, "centroid_lat": 34.1961}}, {"type": "Feature", "geometry": {"type": "Point", "coordinates": [27.4319, 44.7014]}, "properties": {"region_id": "ROU-1", "region_name": "Constanta", "country_iso": "ROU", "region_index": 0, "resource": "None", "is_capital": true, "region_color": "#be185d", "base_color": "#be185d", "centroid_lon": 27.4319, "centroid_lat": 44.7014}}, {"type": "Feature", "geometry": {"type": "Point", "coordinates": [24.4585, 44.533]}, "properties": {"region_id": "ROU-2", "region_name": "Dolj", "country_iso": "ROU", "region_index": 1, "resource": "None", "is_capital": false, "region_color": "#cc4a80", "base_color": "#be185d", "centroid_lon": 24.4585, "centroid_lat": 44.533}}, {"type": "Feature", "geometry": {"type": "Point", "coordinates": [22.2403, 45.7173]}, "properties": {"region_id": "ROU-3", "region_name": "Timis", "country_iso": "ROU", "region_index": 2, "resource": "None", "is_capital": false, "region_color": "#9b134c", "base_color": "#be185d", "centroid_lon": 22.2403, "centroid_lat": 45.7173}}, {"type": "Feature", "geometry": {"type": "Point", "coordinates": [23.8535, 46.8563]}, "properties": {"region_id": "ROU-4", "region_name": "Cluj", "country_iso": "ROU", "region_index": 3, "resource": "None", "is_capital": false, "region_color": "#c53370", "base_color": "#be185d", "centroid_lon": 23.8535, "centroid_lat": 46.8563}}, {"type": "Feature", "geometry": {"type": "Point", "coordinates": [27.9722, 45.713]}, "properties": {"region_id": "ROU-5", "region_name": "Tulcea", "country_iso": "ROU", "region_index": 4, "resource": "None", "is_capital": false, "region_color": "#881142", "base_color": "#be185d", "centroid_lon": 27.9722, "centroid_lat": 45.713}}, {"type": "Feature", "geometry": {"type": "Point", "coordinates": [26.3432, 47.0826]}, "properties": {"region_id": "ROU-6", "region_name": "Suceava", "country_iso": "ROU", "region_index": 5, "resource": "None", "is_capital": false, "region_color": "#d15d8d", "base_color": "#be185d", "centroid_lon": 26.3432, "centroid_lat": 47.0826}}, {"type": "Feature", "geometry": {"type": "Point", "coordinates": [25.755, 45.1801]}, "properties": {"region_id": "ROU-7", "region_name": "Brasov", "country_iso": "ROU", "region_index": 6, "resource": "None", "is_capital": false, "region_color": "#a71551", "base_color": "#be185d", "centroid_lon": 25.755, "centroid_lat": 45.1801}}, {"type": "Feature", "geometry": {"type": "Point", "coordinates": [21.7575, 47.7245]}, "properties": {"region_id": "HUN-1", "region_name": "Hajd\u00fa-Bihar", "country_iso": "HUN", "region_index": 0, "resource": "None", "is_capital": true, "region_color": "#166534", "base_color": "#166534", "centroid_lon": 21.7575, "centroid_lat": 47.7245}}, {"type": "Feature", "geometry": {"type": "Point", "coordinates": [18.3924, 46.7456]}, "properties": {"region_id": "HUN-2", "region_name": "Baranya", "country_iso": "HUN", "region_index": 1, "resource": "None", "is_capital": false, "region_color": "#498660", "base_color": "#166534", "centroid_lon": 18.3924, "centroid_lat": 46.7456}}, {"type": "Feature", "geometry": {"type": "Point", "coordinates": [21.0136, 46.7404]}, "properties": {"region_id": "HUN-3", "region_name": "B\u00e9k\u00e9s", "country_iso": "HUN", "region_index": 2, "resource": "None", "is_capital": false, "region_color": "#12522a", "base_color": "#166534", "centroid_lon": 21.0136, "centroid_lat": 46.7404}}, {"type": "Feature", "geometry": {"type": "Point", "coordinates": [20.6074, 47.7919]}, "properties": {"region_id": "HUN-4", "region_name": "Borsod-Aba\u00faj-Zempl\u00e9n", "country_iso": "HUN", "region_index": 3, "resource": "None", "is_capital": false, "region_color": "#31774c", "base_color": "#166534", "centroid_lon": 20.6074, "centroid_lat": 47.7919}}, {"type": "Feature", "geometry": {"type": "Point", "coordinates": [17.2883, 46.9793]}, "properties": {"region_id": "HUN-5", "region_name": "Somogy", "country_iso": "HUN", "region_index": 4, "resource": "None", "is_capital": false, "region_color": "#0f4825", "base_color": "#166534", "centroid_lon": 17.2883, "centroid_lat": 46.9793}}, {"type": "Feature", "geometry": {"type": "Point", "coordinates": [19.3882, 47.5636]}, "properties": {"region_id": "HUN-6", "region_name": "Pest", "country_iso": "HUN", "region_index": 5, "resource": "None", "is_capital": false, "region_color": "#5b9370", "base_color": "#166534", "centroid_lon": 19.3882, "centroid_lat": 47.5636}}, {"type": "Feature", "geometry": {"type": "Point", "coordinates": [19.6659, 46.5195]}, "properties": {"region_id": "HUN-7", "region_name": "B\u00e1cs-Kiskun", "country_iso": "HUN", "region_index": 6, "resource": "None", "is_capital": false, "region_color": "#13582d", "base_color": "#166534", "centroid_lon": 19.6659, "centroid_lat": 46.5195}}, {"type": "Feature", "geometry": {"type": "Point", "coordinates": [21.2092, 49.1141]}, "properties": {"region_id": "SVK-1", "region_name": "Pre\u0161ov", "country_iso": "SVK", "region_index": 0, "resource": "None", "is_capital": true, "region_color": "#b45309", "base_color": "#b45309", "centroid_lon": 21.2092, "centroid_lat": 49.1141}}, {"type": "Feature", "geometry": {"type": "Point", "coordinates": [19.1615, 49.168]}, "properties": {"region_id": "SVK-2", "region_name": "\u017dilinsk\u00fd", "country_iso": "SVK", "region_index": 1, "resource": "None", "is_capital": false, "region_color": "#c4783f", "base_color": "#b45309", "centroid_lon": 19.1615, "centroid_lat": 49.168}}, {"type": "Feature", "geometry": {"type": "Point", "coordinates": [18.2044, 48.8675]}, "properties": {"region_id": "SVK-3", "region_name": "Trenciansky", "country_iso": "SVK", "region_index": 2, "resource": "None", "is_capital": false, "region_color": "#934407", "base_color": "#b45309", "centroid_lon": 18.2044, "centroid_lat": 48.8675}}, {"type": "Feature", "geometry": {"type": "Point", "coordinates": [21.2571, 48.6969]}, "properties": {"region_id": "SVK-4", "region_name": "Ko\u0161ick\u00fd", "country_iso": "SVK", "region_index": 3, "resource": "None", "is_capital": false, "region_color": "#bd6726", "base_color": "#b45309", "centroid_lon": 21.2571, "centroid_lat": 48.6969}}, {"type": "Feature", "geometry": {"type": "Point", "coordinates": [18.3253, 48.1525]}, "properties": {"region_id": "SVK-5", "region_name": "Nitriansky", "country_iso": "SVK", "region_index": 4, "resource": "None", "is_capital": false, "region_color": "#813b06", "base_color": "#b45309", "centroid_lon": 18.3253, "centroid_lat": 48.1525}}, {"type": "Feature", "geometry": {"type": "Point", "coordinates": [19.505, 48.5111]}, "properties": {"region_id": "SVK-6", "region_name": "Banskobystrick\u00fd", "country_iso": "SVK", "region_index": 5, "resource": "None", "is_capital": false, "region_color": "#ca8652", "base_color": "#b45309", "centroid_lon": 19.505, "centroid_lat": 48.5111}}, {"type": "Feature", "geometry": {"type": "Point", "coordinates": [17.421, 48.3451]}, "properties": {"region_id": "SVK-7", "region_name": "Trnavsk\u00fd", "country_iso": "SVK", "region_index": 6, "resource": "None", "is_capital": false, "region_color": "#9e4907", "base_color": "#b45309", "centroid_lon": 17.421, "centroid_lat": 48.3451}}, {"type": "Feature", "geometry": {"type": "Point", "coordinates": [15.8081, 52.3945]}, "properties": {"region_id": "POL-1", "region_name": "Warsaw", "country_iso": "POL", "region_index": 0, "resource": "None", "is_capital": true, "region_color": "#be123c", "base_color": "#be123c", "centroid_lon": 15.8081, "centroid_lat": 52.3945}}, {"type": "Feature", "geometry": {"type": "Point", "coordinates": [19.246, 51.0689]}, "properties": {"region_id": "POL-2", "region_name": "Silesia", "country_iso": "POL", "region_index": 1, "resource": "None", "is_capital": false, "region_color": "#cc4666", "base_color": "#be123c", "centroid_lon": 19.246, "centroid_lat": 51.0689}}, {"type": "Feature", "geometry": {"type": "Point", "coordinates": [21.4633, 53.0437]}, "properties": {"region_id": "POL-3", "region_name": "Malopolska", "country_iso": "POL", "region_index": 2, "resource": "None", "is_capital": false, "region_color": "#9b0e31", "base_color": "#be123c", "centroid_lon": 21.4633, "centroid_lat": 53.0437}}, {"type": "Feature", "geometry": {"type": "Point", "coordinates": [17.8748, 50.6206]}, "properties": {"region_id": "POL-4", "region_name": "Wielkopolska", "country_iso": "POL", "region_index": 3, "resource": "None", "is_capital": false, "region_color": "#c52e53", "base_color": "#be123c", "centroid_lon": 17.8748, "centroid_lat": 50.6206}}, {"type": "Feature", "geometry": {"type": "Point", "coordinates": [20.5037, 50.2318]}, "properties": {"region_id": "POL-5", "region_name": "Pomerania", "country_iso": "POL", "region_index": 4, "resource": "None", "is_capital": false, "region_color": "#880c2b", "base_color": "#be123c", "centroid_lon": 20.5037, "centroid_lat": 50.2318}}, {"type": "Feature", "geometry": {"type": "Point", "coordinates": [17.823, 53.0237]}, "properties": {"region_id": "POL-6", "region_name": "Masovia", "country_iso": "POL", "region_index": 5, "resource": "None", "is_capital": false, "region_color": "#d15976", "base_color": "#be123c", "centroid_lon": 17.823, "centroid_lat": 53.0237}}, {"type": "Feature", "geometry": {"type": "Point", "coordinates": [22.6166, 50.7089]}, "properties": {"region_id": "POL-7", "region_name": "Podkarpacie", "country_iso": "POL", "region_index": 6, "resource": "None", "is_capital": false, "region_color": "#a70f34", "base_color": "#be123c", "centroid_lon": 22.6166, "centroid_lat": 50.7089}}, {"type": "Feature", "geometry": {"type": "Point", "coordinates": [-6.5216, 53.1315]}, "properties": {"region_id": "IRL-1", "region_name": "Wicklow", "country_iso": "IRL", "region_index": 0, "resource": "None", "is_capital": true, "region_color": "#be185d", "base_color": "#be185d", "centroid_lon": -6.5216, "centroid_lat": 53.1315}}, {"type": "Feature", "geometry": {"type": "Point", "coordinates": [-7.9012, 54.1918]}, "properties": {"region_id": "IRL-2", "region_name": "Donegal", "country_iso": "IRL", "region_index": 1, "resource": "None", "is_capital": false, "region_color": "#cc4a80", "base_color": "#be185d", "centroid_lon": -7.9012, "centroid_lat": 54.1918}}, {"type": "Feature", "geometry": {"type": "Point", "coordinates": [-9.1045, 53.4681]}, "properties": {"region_id": "IRL-3", "region_name": "Galway", "country_iso": "IRL", "region_index": 2, "resource": "None", "is_capital": false, "region_color": "#9b134c", "base_color": "#be185d", "centroid_lon": -9.1045, "centroid_lat": 53.4681}}, {"type": "Feature", "geometry": {"type": "Point", "coordinates": [-9.1026, 52.0936]}, "properties": {"region_id": "IRL-4", "region_name": "Cork", "country_iso": "IRL", "region_index": 3, "resource": "None", "is_capital": false, "region_color": "#c53370", "base_color": "#be185d", "centroid_lon": -9.1026, "centroid_lat": 52.0936}}, {"type": "Feature", "geometry": {"type": "Point", "coordinates": [-7.7798, 52.683]}, "properties": {"region_id": "IRL-5", "region_name": "North Tipperary", "country_iso": "IRL", "region_index": 4, "resource": "None", "is_capital": false, "region_color": "#881142", "base_color": "#be185d", "centroid_lon": -7.7798, "centroid_lat": 52.683}}, {"type": "Feature", "geometry": {"type": "Point", "coordinates": [-6.715, 53.833]}, "properties": {"region_id": "IRL-6", "region_name": "Meath", "country_iso": "IRL", "region_index": 5, "resource": "None", "is_capital": false, "region_color": "#d15d8d", "base_color": "#be185d", "centroid_lon": -6.715, "centroid_lat": 53.833}}, {"type": "Feature", "geometry": {"type": "Point", "coordinates": [-6.9835, 52.6462]}, "properties": {"region_id": "IRL-7", "region_name": "Wexford", "country_iso": "IRL", "region_index": 6, "resource": "None", "is_capital": false, "region_color": "#a71551", "base_color": "#be185d", "centroid_lon": -6.9835, "centroid_lat": 52.6462}}, {"type": "Feature", "geometry": {"type": "Point", "coordinates": [0.3037, 51.8468]}, "properties": {"region_id": "GBR-1", "region_name": "London", "country_iso": "GBR", "region_index": 0, "resource": "None", "is_capital": true, "region_color": "#0369a1", "base_color": "#0369a1", "centroid_lon": 0.3037, "centroid_lat": 51.8468}}, {"type": "Feature", "geometry": {"type": "Point", "coordinates": [-6.336, 55.4442]}, "properties": {"region_id": "GBR-2", "region_name": "South England", "country_iso": "GBR", "region_index": 1, "resource": "Grain", "is_capital": false, "region_color": "#3a8ab5", "base_color": "#0369a1", "centroid_lon": -6.336, "centroid_lat": 55.4442}}, {"type": "Feature", "geometry": {"type": "Point", "coordinates": [-2.2274, 54.1204]}, "properties": {"region_id": "GBR-3", "region_name": "Midlands", "country_iso": "GBR", "region_index": 2, "resource": "Iron", "is_capital": false, "region_color": "#025684", "base_color": "#0369a1", "centroid_lon": -2.2274, "centroid_lat": 54.1204}}, {"type": "Feature", "geometry": {"type": "Point", "coordinates": [-3.8998, 56.8465]}, "properties": {"region_id": "GBR-4", "region_name": "North England", "country_iso": "GBR", "region_index": 3, "resource": "Iron", "is_capital": false, "region_color": "#217bac", "base_color": "#0369a1", "centroid_lon": -3.8998, "centroid_lat": 56.8465}}, {"type": "Feature", "geometry": {"type": "Point", "coordinates": [-3.9688, 51.6965]}, "properties": {"region_id": "GBR-5", "region_name": "Scotland", "country_iso": "GBR", "region_index": 4, "resource": "Oil", "is_capital": false, "region_color": "#024b73", "base_color": "#0369a1", "centroid_lon": -3.9688, "centroid_lat": 51.6965}}, {"type": "Feature", "geometry": {"type": "Point", "coordinates": [-2.0981, 51.4478]}, "properties": {"region_id": "GBR-6", "region_name": "Wales", "country_iso": "GBR", "region_index": 5, "resource": "None", "is_capital": false, "region_color": "#4e96bd", "base_color": "#0369a1", "centroid_lon": -2.0981, "centroid_lat": 51.4478}}, {"type": "Feature", "geometry": {"type": "Point", "coordinates": [-0.9969, 53.017]}, "properties": {"region_id": "GBR-7", "region_name": "Northern Ireland", "country_iso": "GBR", "region_index": 6, "resource": "Grain", "is_capital": false, "region_color": "#025c8d", "base_color": "#0369a1", "centroid_lon": -0.9969, "centroid_lat": 53.017}}, {"type": "Feature", "geometry": {"type": "Point", "coordinates": [25.3868, 35.7434]}, "properties": {"region_id": "GRC-1", "region_name": "Kriti", "country_iso": "GRC", "region_index": 0, "resource": "None", "is_capital": true, "region_color": "#166534", "base_color": "#166534", "centroid_lon": 25.3868, "centroid_lat": 35.7434}}, {"type": "Feature", "geometry": {"type": "Point", "coordinates": [20.6996, 39.4081]}, "properties": {"region_id": "GRC-2", "region_name": "Ipeiros", "country_iso": "GRC", "region_index": 1, "resource": "None", "is_capital": false, "region_color": "#498660", "base_color": "#166534", "centroid_lon": 20.6996, "centroid_lat": 39.4081}}, {"type": "Feature", "geometry": {"type": "Point", "coordinates": [21.8813, 39.8611]}, "properties": {"region_id": "GRC-3", "region_name": "Thessalia", "country_iso": "GRC", "region_index": 2, "resource": "None", "is_capital": false, "region_color": "#12522a", "base_color": "#166534", "centroid_lon": 21.8813, "centroid_lat": 39.8611}}, {"type": "Feature", "geometry": {"type": "Point", "coordinates": [25.9331, 38.972]}, "properties": {"region_id": "GRC-4", "region_name": "Voreio Aigaio", "country_iso": "GRC", "region_index": 3, "resource": "None", "is_capital": false, "region_color": "#31774c", "base_color": "#166534", "centroid_lon": 25.9331, "centroid_lat": 38.972}}, {"type": "Feature", "geometry": {"type": "Point", "coordinates": [25.1509, 41.1683]}, "properties": {"region_id": "GRC-5", "region_name": "Anatoliki Makedonia kai Thraki", "country_iso": "GRC", "region_index": 4, "resource": "None", "is_capital": false, "region_color": "#0f4825", "base_color": "#166534", "centroid_lon": 25.1509, "centroid_lat": 41.1683}}, {"type": "Feature", "geometry": {"type": "Point", "coordinates": [22.4656, 38.0537]}, "properties": {"region_id": "GRC-6", "region_name": "Stere\u00e1 Ell\u00e1da", "country_iso": "GRC", "region_index": 5, "resource": "None", "is_capital": false, "region_color": "#5b9370", "base_color": "#166534", "centroid_lon": 22.4656, "centroid_lat": 38.0537}}, {"type": "Feature", "geometry": {"type": "Point", "coordinates": [22.9426, 40.7246]}, "properties": {"region_id": "GRC-7", "region_name": "Kentriki Makedonia", "country_iso": "GRC", "region_index": 6, "resource": "None", "is_capital": false, "region_color": "#13582d", "base_color": "#166534", "centroid_lon": 22.9426, "centroid_lat": 40.7246}}, {"type": "Feature", "geometry": {"type": "Point", "coordinates": [31.8929, -13.5809]}, "properties": {"region_id": "ZMB-1", "region_name": "Eastern", "country_iso": "ZMB", "region_index": 0, "resource": "None", "is_capital": true, "region_color": "#065f46", "base_color": "#065f46", "centroid_lon": 31.8929, "centroid_lat": -13.5809}}, {"type": "Feature", "geometry": {"type": "Point", "coordinates": [30.841, -10.5911]}, "properties": {"region_id": "ZMB-2", "region_name": "Muchinga", "country_iso": "ZMB", "region_index": 1, "resource": "None", "is_capital": false, "region_color": "#3c826e", "base_color": "#065f46", "centroid_lon": 30.841, "centroid_lat": -10.5911}}, {"type": "Feature", "geometry": {"type": "Point", "coordinates": [26.6624, -16.5904]}, "properties": {"region_id": "ZMB-3", "region_name": "Southern", "country_iso": "ZMB", "region_index": 2, "resource": "None", "is_capital": false, "region_color": "#044d39", "base_color": "#065f46", "centroid_lon": 26.6624, "centroid_lat": -16.5904}}, {"type": "Feature", "geometry": {"type": "Point", "coordinates": [28.7129, -14.4078]}, "properties": {"region_id": "ZMB-4", "region_name": "Central", "country_iso": "ZMB", "region_index": 3, "resource": "None", "is_capital": false, "region_color": "#23725c", "base_color": "#065f46", "centroid_lon": 28.7129, "centroid_lat": -14.4078}}, {"type": "Feature", "geometry": {"type": "Point", "coordinates": [25.0515, -13.0273]}, "properties": {"region_id": "ZMB-5", "region_name": "North-Western", "country_iso": "ZMB", "region_index": 4, "resource": "None", "is_capital": false, "region_color": "#044432", "base_color": "#065f46", "centroid_lon": 25.0515, "centroid_lat": -13.0273}}, {"type": "Feature", "geometry": {"type": "Point", "coordinates": [23.6686, -15.6505]}, "properties": {"region_id": "ZMB-6", "region_name": "Western", "country_iso": "ZMB", "region_index": 5, "resource": "None", "is_capital": false, "region_color": "#508f7d", "base_color": "#065f46", "centroid_lon": 23.6686, "centroid_lat": -15.6505}}, {"type": "Feature", "geometry": {"type": "Point", "coordinates": [27.8515, -13.1168]}, "properties": {"region_id": "ZMB-7", "region_name": "Copperbelt", "country_iso": "ZMB", "region_index": 6, "resource": "None", "is_capital": false, "region_color": "#05533d", "base_color": "#065f46", "centroid_lon": 27.8515, "centroid_lat": -13.1168}}, {"type": "Feature", "geometry": {"type": "Point", "coordinates": [-11.9887, 9.1345]}, "properties": {"region_id": "SLE-1", "region_name": "Northern", "country_iso": "SLE", "region_index": 0, "resource": "None", "is_capital": true, "region_color": "#7c3aed", "base_color": "#7c3aed", "centroid_lon": -11.9887, "centroid_lat": 9.1345}}, {"type": "Feature", "geometry": {"type": "Point", "coordinates": [-10.9771, 8.2314]}, "properties": {"region_id": "SLE-2", "region_name": "Eastern", "country_iso": "SLE", "region_index": 1, "resource": "None", "is_capital": false, "region_color": "#9865f0", "base_color": "#7c3aed", "centroid_lon": -10.9771, "centroid_lat": 8.2314}}, {"type": "Feature", "geometry": {"type": "Point", "coordinates": [-12.0227, 7.7856]}, "properties": {"region_id": "SLE-3", "region_name": "Southern", "country_iso": "SLE", "region_index": 2, "resource": "None", "is_capital": false, "region_color": "#652fc2", "base_color": "#7c3aed", "centroid_lon": -12.0227, "centroid_lat": 7.7856}}, {"type": "Feature", "geometry": {"type": "Point", "coordinates": [-13.1231, 8.3363]}, "properties": {"region_id": "SLE-4", "region_name": "Western", "country_iso": "SLE", "region_index": 3, "resource": "None", "is_capital": false, "region_color": "#8b51ef", "base_color": "#7c3aed", "centroid_lon": -13.1231, "centroid_lat": 8.3363}}, {"type": "Feature", "geometry": {"type": "Point", "coordinates": [-9.1045, 8.6654]}, "properties": {"region_id": "GIN-1", "region_name": "Beyla", "country_iso": "GIN", "region_index": 0, "resource": "None", "is_capital": true, "region_color": "#a16207", "base_color": "#a16207", "centroid_lon": -9.1045, "centroid_lat": 8.6654}}, {"type": "Feature", "geometry": {"type": "Point", "coordinates": [-11.1809, 10.2869]}, "properties": {"region_id": "GIN-2", "region_name": "Faranah", "country_iso": "GIN", "region_index": 1, "resource": "None", "is_capital": false, "region_color": "#b5843d", "base_color": "#a16207", "centroid_lon": -11.1809, "centroid_lat": 10.2869}}, {"type": "Feature", "geometry": {"type": "Point", "coordinates": [-9.5833, 10.8999]}, "properties": {"region_id": "GIN-3", "region_name": "Siguiri", "country_iso": "GIN", "region_index": 2, "resource": "None", "is_capital": false, "region_color": "#845005", "base_color": "#a16207", "centroid_lon": -9.5833, "centroid_lat": 10.8999}}, {"type": "Feature", "geometry": {"type": "Point", "coordinates": [-13.9334, 10.8483]}, "properties": {"region_id": "GIN-4", "region_name": "Boke", "country_iso": "GIN", "region_index": 3, "resource": "None", "is_capital": false, "region_color": "#ac7424", "base_color": "#a16207", "centroid_lon": -13.9334, "centroid_lat": 10.8483}}, {"type": "Feature", "geometry": {"type": "Point", "coordinates": [-12.5538, 11.6733]}, "properties": {"region_id": "GIN-5", "region_name": "Gaoual", "country_iso": "GIN", "region_index": 4, "resource": "None", "is_capital": false, "region_color": "#734605", "base_color": "#a16207", "centroid_lon": -12.5538, "centroid_lat": 11.6733}}, {"type": "Feature", "geometry": {"type": "Point", "coordinates": [-12.8262, 9.8867]}, "properties": {"region_id": "GIN-6", "region_name": "Kindia", "country_iso": "GIN", "region_index": 5, "resource": "None", "is_capital": false, "region_color": "#bd9151", "base_color": "#a16207", "centroid_lon": -12.8262, "centroid_lat": 9.8867}}, {"type": "Feature", "geometry": {"type": "Point", "coordinates": [-13.4708, 9.9752]}, "properties": {"region_id": "GIN-7", "region_name": "Dubr\u00e9ka", "country_iso": "GIN", "region_index": 6, "resource": "None", "is_capital": false, "region_color": "#8d5606", "base_color": "#a16207", "centroid_lon": -13.4708, "centroid_lat": 9.9752}}, {"type": "Feature", "geometry": {"type": "Point", "coordinates": [-9.7712, 6.8538]}, "properties": {"region_id": "LBR-1", "region_name": "Bong", "country_iso": "LBR", "region_index": 0, "resource": "None", "is_capital": true, "region_color": "#0891b2", "base_color": "#0891b2", "centroid_lon": -9.7712, "centroid_lat": 6.8538}}, {"type": "Feature", "geometry": {"type": "Point", "coordinates": [-10.0723, 7.7033]}, "properties": {"region_id": "LBR-2", "region_name": "Gbapolu", "country_iso": "LBR", "region_index": 1, "resource": "None", "is_capital": false, "region_color": "#3ea9c2", "base_color": "#0891b2", "centroid_lon": -10.0723, "centroid_lat": 7.7033}}, {"type": "Feature", "geometry": {"type": "Point", "coordinates": [-11.0354, 7.098]}, "properties": {"region_id": "LBR-3", "region_name": "Grand Cape Mount", "country_iso": "LBR", "region_index": 2, "resource": "None", "is_capital": false, "region_color": "#067691", "base_color": "#0891b2", "centroid_lon": -11.0354, "centroid_lat": 7.098}}, {"type": "Feature", "geometry": {"type": "Point", "coordinates": [-9.6301, 6.0856]}, "properties": {"region_id": "LBR-4", "region_name": "Grand Bassa", "country_iso": "LBR", "region_index": 3, "resource": "None", "is_capital": false, "region_color": "#259ebb", "base_color": "#0891b2", "centroid_lon": -9.6301, "centroid_lat": 6.0856}}, {"type": "Feature", "geometry": {"type": "Point", "coordinates": [-8.2924, 5.4211]}, "properties": {"region_id": "LBR-5", "region_name": "Grand Gedeh", "country_iso": "LBR", "region_index": 4, "resource": "None", "is_capital": false, "region_color": "#056880", "base_color": "#0891b2", "centroid_lon": -8.2924, "centroid_lat": 5.4211}}, {"type": "Feature", "geometry": {"type": "Point", "coordinates": [-8.7665, 6.8263]}, "properties": {"region_id": "LBR-6", "region_name": "Nimba", "country_iso": "LBR", "region_index": 5, "resource": "None", "is_capital": false, "region_color": "#52b2c9", "base_color": "#0891b2", "centroid_lon": -8.7665, "centroid_lat": 6.8263}}, {"type": "Feature", "geometry": {"type": "Point", "coordinates": [-10.6906, 6.622]}, "properties": {"region_id": "LBR-7", "region_name": "Bomi", "country_iso": "LBR", "region_index": 6, "resource": "None", "is_capital": false, "region_color": "#077f9c", "base_color": "#0891b2", "centroid_lon": -10.6906, "centroid_lat": 6.622}}, {"type": "Feature", "geometry": {"type": "Point", "coordinates": [18.2123, 5.0161]}, "properties": {"region_id": "CAF-1", "region_name": "Ombella-M'Poko", "country_iso": "CAF", "region_index": 0, "resource": "None", "is_capital": true, "region_color": "#0369a1", "base_color": "#0369a1", "centroid_lon": 18.2123, "centroid_lat": 5.0161}}, {"type": "Feature", "geometry": {"type": "Point", "coordinates": [22.7709, 8.275]}, "properties": {"region_id": "CAF-2", "region_name": "Haute-Kotto", "country_iso": "CAF", "region_index": 1, "resource": "None", "is_capital": false, "region_color": "#3a8ab5", "base_color": "#0369a1", "centroid_lon": 22.7709, "centroid_lat": 8.275}}, {"type": "Feature", "geometry": {"type": "Point", "coordinates": [17.891, 6.9238]}, "properties": {"region_id": "CAF-3", "region_name": "Ouham", "country_iso": "CAF", "region_index": 2, "resource": "None", "is_capital": false, "region_color": "#025684", "base_color": "#0369a1", "centroid_lon": 17.891, "centroid_lat": 6.9238}}, {"type": "Feature", "geometry": {"type": "Point", "coordinates": [20.9024, 5.8145]}, "properties": {"region_id": "CAF-4", "region_name": "Ouaka", "country_iso": "CAF", "region_index": 3, "resource": "None", "is_capital": false, "region_color": "#217bac", "base_color": "#0369a1", "centroid_lon": 20.9024, "centroid_lat": 5.8145}}, {"type": "Feature", "geometry": {"type": "Point", "coordinates": [20.2668, 8.11]}, "properties": {"region_id": "CAF-5", "region_name": "Bamingui-Bangoran", "country_iso": "CAF", "region_index": 4, "resource": "None", "is_capital": false, "region_color": "#024b73", "base_color": "#0369a1", "centroid_lon": 20.2668, "centroid_lat": 8.11}}, {"type": "Feature", "geometry": {"type": "Point", "coordinates": [15.8962, 5.3181]}, "properties": {"region_id": "CAF-6", "region_name": "Ouham-Pend\u00e9", "country_iso": "CAF", "region_index": 5, "resource": "None", "is_capital": false, "region_color": "#4e96bd", "base_color": "#0369a1", "centroid_lon": 15.8962, "centroid_lat": 5.3181}}, {"type": "Feature", "geometry": {"type": "Point", "coordinates": [24.4511, 5.8836]}, "properties": {"region_id": "CAF-7", "region_name": "Mbomou", "country_iso": "CAF", "region_index": 6, "resource": "None", "is_capital": false, "region_color": "#025c8d", "base_color": "#0369a1", "centroid_lon": 24.4511, "centroid_lat": 5.8836}}, {"type": "Feature", "geometry": {"type": "Point", "coordinates": [34.0605, 11.385]}, "properties": {"region_id": "SDN-1", "region_name": "Blue Nile", "country_iso": "SDN", "region_index": 0, "resource": "None", "is_capital": true, "region_color": "#b45309", "base_color": "#b45309", "centroid_lon": 34.0605, "centroid_lat": 11.385}}, {"type": "Feature", "geometry": {"type": "Point", "coordinates": [24.4811, 11.8694]}, "properties": {"region_id": "SDN-2", "region_name": "Southern Darfur", "country_iso": "SDN", "region_index": 1, "resource": "None", "is_capital": false, "region_color": "#c4783f", "base_color": "#b45309", "centroid_lon": 24.4811, "centroid_lat": 11.8694}}, {"type": "Feature", "geometry": {"type": "Point", "coordinates": [32.7135, 14.401]}, "properties": {"region_id": "SDN-3", "region_name": "White Nile", "country_iso": "SDN", "region_index": 2, "resource": "None", "is_capital": false, "region_color": "#934407", "base_color": "#b45309", "centroid_lon": 32.7135, "centroid_lat": 14.401}}, {"type": "Feature", "geometry": {"type": "Point", "coordinates": [34.7254, 13.6951]}, "properties": {"region_id": "SDN-4", "region_name": "Gedarif", "country_iso": "SDN", "region_index": 3, "resource": "None", "is_capital": false, "region_color": "#bd6726", "base_color": "#b45309", "centroid_lon": 34.7254, "centroid_lat": 13.6951}}, {"type": "Feature", "geometry": {"type": "Point", "coordinates": [28.182, 17.1661]}, "properties": {"region_id": "SDN-5", "region_name": "Northern", "country_iso": "SDN", "region_index": 4, "resource": "None", "is_capital": false, "region_color": "#813b06", "base_color": "#b45309", "centroid_lon": 28.182, "centroid_lat": 17.1661}}, {"type": "Feature", "geometry": {"type": "Point", "coordinates": [29.8467, 11.0742]}, "properties": {"region_id": "SDN-6", "region_name": "South Kordufan", "country_iso": "SDN", "region_index": 5, "resource": "None", "is_capital": false, "region_color": "#ca8652", "base_color": "#b45309", "centroid_lon": 29.8467, "centroid_lat": 11.0742}}, {"type": "Feature", "geometry": {"type": "Point", "coordinates": [34.9554, 18.7]}, "properties": {"region_id": "SDN-7", "region_name": "Red Sea", "country_iso": "SDN", "region_index": 6, "resource": "None", "is_capital": false, "region_color": "#9e4907", "base_color": "#b45309", "centroid_lon": 34.9554, "centroid_lat": 18.7}}, {"type": "Feature", "geometry": {"type": "Point", "coordinates": [42.8917, 11.2412]}, "properties": {"region_id": "DJI-1", "region_name": "Ali Sabieh", "country_iso": "DJI", "region_index": 0, "resource": "None", "is_capital": true, "region_color": "#0f766e", "base_color": "#0f766e", "centroid_lon": 42.8917, "centroid_lat": 11.2412}}, {"type": "Feature", "geometry": {"type": "Point", "coordinates": [42.7404, 11.4483]}, "properties": {"region_id": "DJI-2", "region_name": "Arta", "country_iso": "DJI", "region_index": 1, "resource": "None", "is_capital": false, "region_color": "#43948d", "base_color": "#0f766e", "centroid_lon": 42.7404, "centroid_lat": 11.4483}}, {"type": "Feature", "geometry": {"type": "Point", "coordinates": [42.1209, 11.3648]}, "properties": {"region_id": "DJI-3", "region_name": "Dikhil", "country_iso": "DJI", "region_index": 2, "resource": "None", "is_capital": false, "region_color": "#0c605a", "base_color": "#0f766e", "centroid_lon": 42.1209, "centroid_lat": 11.3648}}, {"type": "Feature", "geometry": {"type": "Point", "coordinates": [42.5201, 11.9979]}, "properties": {"region_id": "DJI-4", "region_name": "Tadjourah", "country_iso": "DJI", "region_index": 3, "resource": "None", "is_capital": false, "region_color": "#2b867f", "base_color": "#0f766e", "centroid_lon": 42.5201, "centroid_lat": 11.9979}}, {"type": "Feature", "geometry": {"type": "Point", "coordinates": [43.081, 12.2806]}, "properties": {"region_id": "DJI-5", "region_name": "Obock", "country_iso": "DJI", "region_index": 4, "resource": "None", "is_capital": false, "region_color": "#0a544f", "base_color": "#0f766e", "centroid_lon": 43.081, "centroid_lat": 12.2806}}, {"type": "Feature", "geometry": {"type": "Point", "coordinates": [43.0471, 11.5666]}, "properties": {"region_id": "DJI-6", "region_name": "Djibouti", "country_iso": "DJI", "region_index": 5, "resource": "None", "is_capital": false, "region_color": "#579f99", "base_color": "#0f766e", "centroid_lon": 43.0471, "centroid_lat": 11.5666}}, {"type": "Feature", "geometry": {"type": "Point", "coordinates": [41.6975, 13.6064]}, "properties": {"region_id": "ERI-1", "region_name": "Debubawi Keyih Bahri", "country_iso": "ERI", "region_index": 0, "resource": "None", "is_capital": true, "region_color": "#0891b2", "base_color": "#0891b2", "centroid_lon": 41.6975, "centroid_lat": 13.6064}}, {"type": "Feature", "geometry": {"type": "Point", "coordinates": [39.1115, 16.1191]}, "properties": {"region_id": "ERI-2", "region_name": "Debub", "country_iso": "ERI", "region_index": 1, "resource": "None", "is_capital": false, "region_color": "#3ea9c2", "base_color": "#0891b2", "centroid_lon": 39.1115, "centroid_lat": 16.1191}}, {"type": "Feature", "geometry": {"type": "Point", "coordinates": [37.7945, 16.4379]}, "properties": {"region_id": "ERI-3", "region_name": "Semenawi Keyih Bahri", "country_iso": "ERI", "region_index": 2, "resource": "None", "is_capital": false, "region_color": "#067691", "base_color": "#0891b2", "centroid_lon": 37.7945, "centroid_lat": 16.4379}}, {"type": "Feature", "geometry": {"type": "Point", "coordinates": [37.4206, 15.1835]}, "properties": {"region_id": "ERI-4", "region_name": "Gash Barka", "country_iso": "ERI", "region_index": 3, "resource": "None", "is_capital": false, "region_color": "#259ebb", "base_color": "#0891b2", "centroid_lon": 37.4206, "centroid_lat": 15.1835}}, {"type": "Feature", "geometry": {"type": "Point", "coordinates": [38.9012, 14.8069]}, "properties": {"region_id": "ERI-5", "region_name": "Maekel", "country_iso": "ERI", "region_index": 4, "resource": "None", "is_capital": false, "region_color": "#056880", "base_color": "#0891b2", "centroid_lon": 38.9012, "centroid_lat": 14.8069}}, {"type": "Feature", "geometry": {"type": "Point", "coordinates": [38.9653, 15.3286]}, "properties": {"region_id": "ERI-6", "region_name": "Anseba", "country_iso": "ERI", "region_index": 5, "resource": "None", "is_capital": false, "region_color": "#52b2c9", "base_color": "#0891b2", "centroid_lon": 38.9653, "centroid_lat": 15.3286}}, {"type": "Feature", "geometry": {"type": "Point", "coordinates": [13.9561, 48.137]}, "properties": {"region_id": "AUT-1", "region_name": "Ober\u00f6sterreich", "country_iso": "AUT", "region_index": 0, "resource": "None", "is_capital": true, "region_color": "#9f1239", "base_color": "#9f1239", "centroid_lon": 13.9561, "centroid_lat": 48.137}}, {"type": "Feature", "geometry": {"type": "Point", "coordinates": [15.7578, 48.2819]}, "properties": {"region_id": "AUT-2", "region_name": "Nieder\u00f6sterreich", "country_iso": "AUT", "region_index": 1, "resource": "None", "is_capital": false, "region_color": "#b44664", "base_color": "#9f1239", "centroid_lon": 15.7578, "centroid_lat": 48.2819}}, {"type": "Feature", "geometry": {"type": "Point", "coordinates": [13.5618, 47.0373]}, "properties": {"region_id": "AUT-3", "region_name": "K\u00e4rnten", "country_iso": "AUT", "region_index": 2, "resource": "None", "is_capital": false, "region_color": "#820e2e", "base_color": "#9f1239", "centroid_lon": 13.5618, "centroid_lat": 47.0373}}, {"type": "Feature", "geometry": {"type": "Point", "coordinates": [16.5178, 47.5583]}, "properties": {"region_id": "AUT-4", "region_name": "Burgenland", "country_iso": "AUT", "region_index": 3, "resource": "None", "is_capital": false, "region_color": "#aa2e50", "base_color": "#9f1239", "centroid_lon": 16.5178, "centroid_lat": 47.5583}}, {"type": "Feature", "geometry": {"type": "Point", "coordinates": [16.3896, 48.231]}, "properties": {"region_id": "AUT-5", "region_name": "Wien", "country_iso": "AUT", "region_index": 4, "resource": "None", "is_capital": false, "region_color": "#720c29", "base_color": "#9f1239", "centroid_lon": 16.3896, "centroid_lat": 48.231}}, {"type": "Feature", "geometry": {"type": "Point", "coordinates": [11.2117, 47.1975]}, "properties": {"region_id": "AUT-6", "region_name": "Tirol", "country_iso": "AUT", "region_index": 5, "resource": "None", "is_capital": false, "region_color": "#bb5974", "base_color": "#9f1239", "centroid_lon": 11.2117, "centroid_lat": 47.1975}}, {"type": "Feature", "geometry": {"type": "Point", "coordinates": [15.0021, 47.2692]}, "properties": {"region_id": "AUT-7", "region_name": "Steiermark", "country_iso": "AUT", "region_index": 6, "resource": "None", "is_capital": false, "region_color": "#8b0f32", "base_color": "#9f1239", "centroid_lon": 15.0021, "centroid_lat": 47.2692}}, {"type": "Feature", "geometry": {"type": "Point", "coordinates": [45.3691, 30.186]}, "properties": {"region_id": "IRQ-1", "region_name": "Al-Muthannia", "country_iso": "IRQ", "region_index": 0, "resource": "None", "is_capital": true, "region_color": "#6d28d9", "base_color": "#6d28d9", "centroid_lon": 45.3691, "centroid_lat": 30.186}}, {"type": "Feature", "geometry": {"type": "Point", "coordinates": [42.9679, 36.2178]}, "properties": {"region_id": "IRQ-2", "region_name": "Ninawa", "country_iso": "IRQ", "region_index": 1, "resource": "None", "is_capital": false, "region_color": "#8d57e1", "base_color": "#6d28d9", "centroid_lon": 42.9679, "centroid_lat": 36.2178}}, {"type": "Feature", "geometry": {"type": "Point", "coordinates": [41.6217, 32.9705]}, "properties": {"region_id": "IRQ-3", "region_name": "Al-Anbar", "country_iso": "IRQ", "region_index": 2, "resource": "None", "is_capital": false, "region_color": "#5920b1", "base_color": "#6d28d9", "centroid_lon": 41.6217, "centroid_lat": 32.9705}}, {"type": "Feature", "geometry": {"type": "Point", "coordinates": [43.8033, 31.3091]}, "properties": {"region_id": "IRQ-4", "region_name": "An-Najaf", "country_iso": "IRQ", "region_index": 3, "resource": "None", "is_capital": false, "region_color": "#7e41dd", "base_color": "#6d28d9", "centroid_lon": 43.8033, "centroid_lat": 31.3091}}, {"type": "Feature", "geometry": {"type": "Point", "coordinates": [45.1996, 33.0031]}, "properties": {"region_id": "IRQ-5", "region_name": "Diyala", "country_iso": "IRQ", "region_index": 4, "resource": "None", "is_capital": false, "region_color": "#4e1c9c", "base_color": "#6d28d9", "centroid_lon": 45.1996, "centroid_lat": 33.0031}}, {"type": "Feature", "geometry": {"type": "Point", "coordinates": [46.9666, 31.1479]}, "properties": {"region_id": "IRQ-6", "region_name": "Al-Basrah", "country_iso": "IRQ", "region_index": 5, "resource": "None", "is_capital": false, "region_color": "#9868e4", "base_color": "#6d28d9", "centroid_lon": 46.9666, "centroid_lat": 31.1479}}, {"type": "Feature", "geometry": {"type": "Point", "coordinates": [44.287, 35.0235]}, "properties": {"region_id": "IRQ-7", "region_name": "Sala ad-Din", "country_iso": "IRQ", "region_index": 6, "resource": "None", "is_capital": false, "region_color": "#5f23be", "base_color": "#6d28d9", "centroid_lon": 44.287, "centroid_lat": 35.0235}}, {"type": "Feature", "geometry": {"type": "Point", "coordinates": [9.0304, 40.0792]}, "properties": {"region_id": "ITA-1", "region_name": "Lombardy", "country_iso": "ITA", "region_index": 0, "resource": "None", "is_capital": true, "region_color": "#15803d", "base_color": "#15803d", "centroid_lon": 9.0304, "centroid_lat": 40.0792}}, {"type": "Feature", "geometry": {"type": "Point", "coordinates": [11.9495, 46.0831]}, "properties": {"region_id": "ITA-2", "region_name": "Lazio", "country_iso": "ITA", "region_index": 1, "resource": "None", "is_capital": false, "region_color": "#489b67", "base_color": "#15803d", "centroid_lon": 11.9495, "centroid_lat": 46.0831}}, {"type": "Feature", "geometry": {"type": "Point", "coordinates": [8.681, 45.2462]}, "properties": {"region_id": "ITA-3", "region_name": "Campania", "country_iso": "ITA", "region_index": 2, "resource": "None", "is_capital": false, "region_color": "#116832", "base_color": "#15803d", "centroid_lon": 8.681, "centroid_lat": 45.2462}}, {"type": "Feature", "geometry": {"type": "Point", "coordinates": [11.2191, 44.0717]}, "properties": {"region_id": "ITA-4", "region_name": "Sicily", "country_iso": "ITA", "region_index": 3, "resource": "None", "is_capital": false, "region_color": "#318f54", "base_color": "#15803d", "centroid_lon": 11.2191, "centroid_lat": 44.0717}}, {"type": "Feature", "geometry": {"type": "Point", "coordinates": [14.3532, 37.6607]}, "properties": {"region_id": "ITA-5", "region_name": "Veneto", "country_iso": "ITA", "region_index": 4, "resource": "None", "is_capital": false, "region_color": "#0f5c2b", "base_color": "#15803d", "centroid_lon": 14.3532, "centroid_lat": 37.6607}}, {"type": "Feature", "geometry": {"type": "Point", "coordinates": [16.2353, 40.4152]}, "properties": {"region_id": "ITA-6", "region_name": "Piedmont", "country_iso": "ITA", "region_index": 5, "resource": "None", "is_capital": false, "region_color": "#5ba677", "base_color": "#15803d", "centroid_lon": 16.2353, "centroid_lat": 40.4152}}, {"type": "Feature", "geometry": {"type": "Point", "coordinates": [13.3383, 42.237]}, "properties": {"region_id": "ITA-7", "region_name": "Tuscany", "country_iso": "ITA", "region_index": 6, "resource": "None", "is_capital": false, "region_color": "#127035", "base_color": "#15803d", "centroid_lon": 13.3383, "centroid_lat": 42.237}}, {"type": "Feature", "geometry": {"type": "Point", "coordinates": [9.3478, 46.5795]}, "properties": {"region_id": "CHE-1", "region_name": "Graub\u00fcnden", "country_iso": "CHE", "region_index": 0, "resource": "None", "is_capital": true, "region_color": "#be123c", "base_color": "#be123c", "centroid_lon": 9.3478, "centroid_lat": 46.5795}}, {"type": "Feature", "geometry": {"type": "Point", "coordinates": [8.6409, 47.4535]}, "properties": {"region_id": "CHE-2", "region_name": "Z\u00fcrich", "country_iso": "CHE", "region_index": 1, "resource": "None", "is_capital": false, "region_color": "#cc4666", "base_color": "#be123c", "centroid_lon": 8.6409, "centroid_lat": 47.4535}}, {"type": "Feature", "geometry": {"type": "Point", "coordinates": [7.1695, 46.4124]}, "properties": {"region_id": "CHE-3", "region_name": "Valais", "country_iso": "CHE", "region_index": 2, "resource": "None", "is_capital": false, "region_color": "#9b0e31", "base_color": "#be123c", "centroid_lon": 7.1695, "centroid_lat": 46.4124}}, {"type": "Feature", "geometry": {"type": "Point", "coordinates": [7.6954, 47.014]}, "properties": {"region_id": "CHE-4", "region_name": "Bern", "country_iso": "CHE", "region_index": 3, "resource": "None", "is_capital": false, "region_color": "#c52e53", "base_color": "#be123c", "centroid_lon": 7.6954, "centroid_lat": 47.014}}, {"type": "Feature", "geometry": {"type": "Point", "coordinates": [6.9676, 47.1766]}, "properties": {"region_id": "CHE-5", "region_name": "Jura", "country_iso": "CHE", "region_index": 4, "resource": "None", "is_capital": false, "region_color": "#880c2b", "base_color": "#be123c", "centroid_lon": 6.9676, "centroid_lat": 47.1766}}, {"type": "Feature", "geometry": {"type": "Point", "coordinates": [8.3992, 46.9677]}, "properties": {"region_id": "CHE-6", "region_name": "Lucerne", "country_iso": "CHE", "region_index": 5, "resource": "None", "is_capital": false, "region_color": "#d15976", "base_color": "#be123c", "centroid_lon": 8.3992, "centroid_lat": 46.9677}}, {"type": "Feature", "geometry": {"type": "Point", "coordinates": [9.2205, 47.3288]}, "properties": {"region_id": "CHE-7", "region_name": "Sankt Gallen", "country_iso": "CHE", "region_index": 6, "resource": "None", "is_capital": false, "region_color": "#a70f34", "base_color": "#be123c", "centroid_lon": 9.2205, "centroid_lat": 47.3288}}, {"type": "Feature", "geometry": {"type": "Point", "coordinates": [53.144, 34.5401]}, "properties": {"region_id": "IRN-1", "region_name": "Tehran Region", "country_iso": "IRN", "region_index": 0, "resource": "None", "is_capital": true, "region_color": "#c2410c", "base_color": "#c2410c", "centroid_lon": 53.144, "centroid_lat": 34.5401}}, {"type": "Feature", "geometry": {"type": "Point", "coordinates": [49.442, 35.9002]}, "properties": {"region_id": "IRN-2", "region_name": "Khorasan", "country_iso": "IRN", "region_index": 1, "resource": "None", "is_capital": false, "region_color": "#cf6a41", "base_color": "#c2410c", "centroid_lon": 49.442, "centroid_lat": 35.9002}}, {"type": "Feature", "geometry": {"type": "Point", "coordinates": [46.3687, 37.9677]}, "properties": {"region_id": "IRN-3", "region_name": "Isfahan", "country_iso": "IRN", "region_index": 2, "resource": "None", "is_capital": false, "region_color": "#9f3509", "base_color": "#c2410c", "centroid_lon": 46.3687, "centroid_lat": 37.9677}}, {"type": "Feature", "geometry": {"type": "Point", "coordinates": [58.506, 28.4623]}, "properties": {"region_id": "IRN-4", "region_name": "Fars", "country_iso": "IRN", "region_index": 3, "resource": "None", "is_capital": false, "region_color": "#c95729", "base_color": "#c2410c", "centroid_lon": 58.506, "centroid_lat": 28.4623}}, {"type": "Feature", "geometry": {"type": "Point", "coordinates": [57.6518, 34.1294]}, "properties": {"region_id": "IRN-5", "region_name": "Azerbaijan", "country_iso": "IRN", "region_index": 4, "resource": "None", "is_capital": false, "region_color": "#8b2e08", "base_color": "#c2410c", "centroid_lon": 57.6518, "centroid_lat": 34.1294}}, {"type": "Feature", "geometry": {"type": "Point", "coordinates": [51.5852, 30.0933]}, "properties": {"region_id": "IRN-6", "region_name": "Khuzestan", "country_iso": "IRN", "region_index": 5, "resource": "None", "is_capital": false, "region_color": "#d47a54", "base_color": "#c2410c", "centroid_lon": 51.5852, "centroid_lat": 30.0933}}, {"type": "Feature", "geometry": {"type": "Point", "coordinates": [47.4786, 34.413]}, "properties": {"region_id": "IRN-7", "region_name": "Sistan", "country_iso": "IRN", "region_index": 6, "resource": "None", "is_capital": false, "region_color": "#aa390a", "base_color": "#c2410c", "centroid_lon": 47.4786, "centroid_lat": 34.413}}, {"type": "Feature", "geometry": {"type": "Point", "coordinates": [-68.2835, 12.1933]}, "properties": {"region_id": "NLD-1", "region_name": "Bonaire", "country_iso": "NLD", "region_index": 0, "resource": "None", "is_capital": true, "region_color": "#a16207", "base_color": "#a16207", "centroid_lon": -68.2835, "centroid_lat": 12.1933}}, {"type": "Feature", "geometry": {"type": "Point", "coordinates": [6.5103, 52.6334]}, "properties": {"region_id": "NLD-2", "region_name": "Overijssel", "country_iso": "NLD", "region_index": 1, "resource": "None", "is_capital": false, "region_color": "#b5843d", "base_color": "#a16207", "centroid_lon": 6.5103, "centroid_lat": 52.6334}}, {"type": "Feature", "geometry": {"type": "Point", "coordinates": [6.7518, 53.2024]}, "properties": {"region_id": "NLD-3", "region_name": "Groningen", "country_iso": "NLD", "region_index": 2, "resource": "None", "is_capital": false, "region_color": "#845005", "base_color": "#a16207", "centroid_lon": 6.7518, "centroid_lat": 53.2024}}, {"type": "Feature", "geometry": {"type": "Point", "coordinates": [-63.0529, 17.5279]}, "properties": {"region_id": "NLD-4", "region_name": "St. Eustatius", "country_iso": "NLD", "region_index": 3, "resource": "None", "is_capital": false, "region_color": "#ac7424", "base_color": "#a16207", "centroid_lon": -63.0529, "centroid_lat": 17.5279}}, {"type": "Feature", "geometry": {"type": "Point", "coordinates": [5.0835, 51.4511]}, "properties": {"region_id": "NLD-5", "region_name": "Noord-Brabant", "country_iso": "NLD", "region_index": 4, "resource": "None", "is_capital": false, "region_color": "#734605", "base_color": "#a16207", "centroid_lon": 5.0835, "centroid_lat": 51.4511}}, {"type": "Feature", "geometry": {"type": "Point", "coordinates": [5.3426, 52.0316]}, "properties": {"region_id": "NLD-6", "region_name": "Gelderland", "country_iso": "NLD", "region_index": 5, "resource": "None", "is_capital": false, "region_color": "#bd9151", "base_color": "#a16207", "centroid_lon": 5.3426, "centroid_lat": 52.0316}}, {"type": "Feature", "geometry": {"type": "Point", "coordinates": [5.4105, 52.7731]}, "properties": {"region_id": "NLD-7", "region_name": "Friesland", "country_iso": "NLD", "region_index": 6, "resource": "None", "is_capital": false, "region_color": "#8d5606", "base_color": "#a16207", "centroid_lon": 5.4105, "centroid_lat": 52.7731}}, {"type": "Feature", "geometry": {"type": "Point", "coordinates": [9.5093, 47.2052]}, "properties": {"region_id": "LIE-1", "region_name": "Gamprin", "country_iso": "LIE", "region_index": 0, "resource": "None", "is_capital": true, "region_color": "#065f46", "base_color": "#065f46", "centroid_lon": 9.5093, "centroid_lat": 47.2052}}, {"type": "Feature", "geometry": {"type": "Point", "coordinates": [9.5435, 47.1524]}, "properties": {"region_id": "LIE-2", "region_name": "Schaan", "country_iso": "LIE", "region_index": 1, "resource": "None", "is_capital": false, "region_color": "#3c826e", "base_color": "#065f46", "centroid_lon": 9.5435, "centroid_lat": 47.1524}}, {"type": "Feature", "geometry": {"type": "Point", "coordinates": [9.5345, 47.085]}, "properties": {"region_id": "LIE-3", "region_name": "Triesen", "country_iso": "LIE", "region_index": 2, "resource": "None", "is_capital": false, "region_color": "#044d39", "base_color": "#065f46", "centroid_lon": 9.5345, "centroid_lat": 47.085}}, {"type": "Feature", "geometry": {"type": "Point", "coordinates": [9.5455, 47.1797]}, "properties": {"region_id": "LIE-4", "region_name": "Planken", "country_iso": "LIE", "region_index": 3, "resource": "None", "is_capital": false, "region_color": "#23725c", "base_color": "#065f46", "centroid_lon": 9.5455, "centroid_lat": 47.1797}}, {"type": "Feature", "geometry": {"type": "Point", "coordinates": [9.5494, 47.125]}, "properties": {"region_id": "LIE-5", "region_name": "Triesenberg", "country_iso": "LIE", "region_index": 4, "resource": "None", "is_capital": false, "region_color": "#044432", "base_color": "#065f46", "centroid_lon": 9.5494, "centroid_lat": 47.125}}, {"type": "Feature", "geometry": {"type": "Point", "coordinates": [9.5242, 47.2344]}, "properties": {"region_id": "LIE-6", "region_name": "Ruggell", "country_iso": "LIE", "region_index": 5, "resource": "None", "is_capital": false, "region_color": "#508f7d", "base_color": "#065f46", "centroid_lon": 9.5242, "centroid_lat": 47.2344}}, {"type": "Feature", "geometry": {"type": "Point", "coordinates": [9.53, 47.2102]}, "properties": {"region_id": "LIE-7", "region_name": "Eschen", "country_iso": "LIE", "region_index": 6, "resource": "None", "is_capital": false, "region_color": "#05533d", "base_color": "#065f46", "centroid_lon": 9.53, "centroid_lat": 47.2102}}, {"type": "Feature", "geometry": {"type": "Point", "coordinates": [-3.6358, 7.5934]}, "properties": {"region_id": "CIV-1", "region_name": "Zanzan", "country_iso": "CIV", "region_index": 0, "resource": "None", "is_capital": true, "region_color": "#b91c1c", "base_color": "#b91c1c", "centroid_lon": -3.6358, "centroid_lat": 7.5934}}, {"type": "Feature", "geometry": {"type": "Point", "coordinates": [-7.3997, 9.6171]}, "properties": {"region_id": "CIV-2", "region_name": "Dengu\u00e9l\u00e9", "country_iso": "CIV", "region_index": 1, "resource": "None", "is_capital": false, "region_color": "#c84d4d", "base_color": "#b91c1c", "centroid_lon": -7.3997, "centroid_lat": 9.6171}}, {"type": "Feature", "geometry": {"type": "Point", "coordinates": [-5.8347, 5.4912]}, "properties": {"region_id": "CIV-3", "region_name": "Bas-Sassandra", "country_iso": "CIV", "region_index": 2, "resource": "None", "is_capital": false, "region_color": "#971616", "base_color": "#b91c1c", "centroid_lon": -5.8347, "centroid_lat": 5.4912}}, {"type": "Feature", "geometry": {"type": "Point", "coordinates": [-7.6036, 6.4044]}, "properties": {"region_id": "CIV-4", "region_name": "Cavally", "country_iso": "CIV", "region_index": 3, "resource": "None", "is_capital": false, "region_color": "#c13737", "base_color": "#b91c1c", "centroid_lon": -7.6036, "centroid_lat": 6.4044}}, {"type": "Feature", "geometry": {"type": "Point", "coordinates": [-5.5864, 8.8556]}, "properties": {"region_id": "CIV-5", "region_name": "Savanes", "country_iso": "CIV", "region_index": 4, "resource": "None", "is_capital": false, "region_color": "#851414", "base_color": "#b91c1c", "centroid_lon": -5.5864, "centroid_lat": 8.8556}}, {"type": "Feature", "geometry": {"type": "Point", "coordinates": [-7.6803, 7.7455]}, "properties": {"region_id": "CIV-6", "region_name": "Dix-Huit Montagnes", "country_iso": "CIV", "region_index": 5, "resource": "None", "is_capital": false, "region_color": "#ce6060", "base_color": "#b91c1c", "centroid_lon": -7.6803, "centroid_lat": 7.7455}}, {"type": "Feature", "geometry": {"type": "Point", "coordinates": [-5.9748, 6.8679]}, "properties": {"region_id": "CIV-7", "region_name": "Haut-Sassandra", "country_iso": "CIV", "region_index": 6, "resource": "None", "is_capital": false, "region_color": "#a21818", "base_color": "#b91c1c", "centroid_lon": -5.9748, "centroid_lat": 6.8679}}, {"type": "Feature", "geometry": {"type": "Point", "coordinates": [21.6172, 43.5687]}, "properties": {"region_id": "SRB-1", "region_name": "Zajecarski", "country_iso": "SRB", "region_index": 0, "resource": "None", "is_capital": true, "region_color": "#be185d", "base_color": "#be185d", "centroid_lon": 21.6172, "centroid_lat": 43.5687}}, {"type": "Feature", "geometry": {"type": "Point", "coordinates": [22.0417, 42.5369]}, "properties": {"region_id": "SRB-2", "region_name": "Pcinjski", "country_iso": "SRB", "region_index": 1, "resource": "None", "is_capital": false, "region_color": "#cc4a80", "base_color": "#be185d", "centroid_lon": 22.0417, "centroid_lat": 42.5369}}, {"type": "Feature", "geometry": {"type": "Point", "coordinates": [19.8829, 45.6153]}, "properties": {"region_id": "SRB-3", "region_name": "Ju\u017eno-Backi", "country_iso": "SRB", "region_index": 2, "resource": "None", "is_capital": false, "region_color": "#9b134c", "base_color": "#be185d", "centroid_lon": 19.8829, "centroid_lat": 45.6153}}, {"type": "Feature", "geometry": {"type": "Point", "coordinates": [20.2076, 43.6585]}, "properties": {"region_id": "SRB-4", "region_name": "Zlatiborski", "country_iso": "SRB", "region_index": 3, "resource": "None", "is_capital": false, "region_color": "#c53370", "base_color": "#be185d", "centroid_lon": 20.2076, "centroid_lat": 43.6585}}, {"type": "Feature", "geometry": {"type": "Point", "coordinates": [22.2102, 43.0175]}, "properties": {"region_id": "SRB-5", "region_name": "Jablanicki", "country_iso": "SRB", "region_index": 4, "resource": "None", "is_capital": false, "region_color": "#881142", "base_color": "#be185d", "centroid_lon": 22.2102, "centroid_lat": 43.0175}}, {"type": "Feature", "geometry": {"type": "Point", "coordinates": [20.2031, 44.7067]}, "properties": {"region_id": "SRB-6", "region_name": "Ju\u017eno-Banatski", "country_iso": "SRB", "region_index": 5, "resource": "None", "is_capital": false, "region_color": "#d15d8d", "base_color": "#be185d", "centroid_lon": 20.2031, "centroid_lat": 44.7067}}, {"type": "Feature", "geometry": {"type": "Point", "coordinates": [21.875, 44.3902]}, "properties": {"region_id": "SRB-7", "region_name": "Branicevski", "country_iso": "SRB", "region_index": 6, "resource": "None", "is_capital": false, "region_color": "#a71551", "base_color": "#be185d", "centroid_lon": 21.875, "centroid_lat": 44.3902}}, {"type": "Feature", "geometry": {"type": "Point", "coordinates": [-3.5842, 20.0411]}, "properties": {"region_id": "MLI-1", "region_name": "Timbuktu", "country_iso": "MLI", "region_index": 0, "resource": "None", "is_capital": true, "region_color": "#b91c1c", "base_color": "#b91c1c", "centroid_lon": -3.5842, "centroid_lat": 20.0411}}, {"type": "Feature", "geometry": {"type": "Point", "coordinates": [-10.2389, 13.8678]}, "properties": {"region_id": "MLI-2", "region_name": "Kayes", "country_iso": "MLI", "region_index": 1, "resource": "None", "is_capital": false, "region_color": "#c84d4d", "base_color": "#b91c1c", "centroid_lon": -10.2389, "centroid_lat": 13.8678}}, {"type": "Feature", "geometry": {"type": "Point", "coordinates": [-6.5696, 11.403]}, "properties": {"region_id": "MLI-3", "region_name": "Sikasso", "country_iso": "MLI", "region_index": 2, "resource": "None", "is_capital": false, "region_color": "#971616", "base_color": "#b91c1c", "centroid_lon": -6.5696, "centroid_lat": 11.403}}, {"type": "Feature", "geometry": {"type": "Point", "coordinates": [1.3592, 16.7651]}, "properties": {"region_id": "MLI-4", "region_name": "Gao", "country_iso": "MLI", "region_index": 3, "resource": "None", "is_capital": false, "region_color": "#c13737", "base_color": "#b91c1c", "centroid_lon": 1.3592, "centroid_lat": 16.7651}}, {"type": "Feature", "geometry": {"type": "Point", "coordinates": [-7.6465, 13.6012]}, "properties": {"region_id": "MLI-5", "region_name": "Koulikoro", "country_iso": "MLI", "region_index": 4, "resource": "None", "is_capital": false, "region_color": "#851414", "base_color": "#b91c1c", "centroid_lon": -7.6465, "centroid_lat": 13.6012}}, {"type": "Feature", "geometry": {"type": "Point", "coordinates": [-4.4612, 14.3163]}, "properties": {"region_id": "MLI-6", "region_name": "Mopti", "country_iso": "MLI", "region_index": 5, "resource": "None", "is_capital": false, "region_color": "#ce6060", "base_color": "#b91c1c", "centroid_lon": -4.4612, "centroid_lat": 14.3163}}, {"type": "Feature", "geometry": {"type": "Point", "coordinates": [1.1477, 19.4358]}, "properties": {"region_id": "MLI-7", "region_name": "Kidal", "country_iso": "MLI", "region_index": 6, "resource": "None", "is_capital": false, "region_color": "#a21818", "base_color": "#b91c1c", "centroid_lon": 1.1477, "centroid_lat": 19.4358}}, {"type": "Feature", "geometry": {"type": "Point", "coordinates": [-15.3267, 15.7731]}, "properties": {"region_id": "SEN-1", "region_name": "Louga", "country_iso": "SEN", "region_index": 0, "resource": "None", "is_capital": true, "region_color": "#0f766e", "base_color": "#0f766e", "centroid_lon": -15.3267, "centroid_lat": 15.7731}}, {"type": "Feature", "geometry": {"type": "Point", "coordinates": [-13.4467, 14.4679]}, "properties": {"region_id": "SEN-2", "region_name": "Tambacounda", "country_iso": "SEN", "region_index": 1, "resource": "None", "is_capital": false, "region_color": "#43948d", "base_color": "#0f766e", "centroid_lon": -13.4467, "centroid_lat": 14.4679}}, {"type": "Feature", "geometry": {"type": "Point", "coordinates": [-12.3547, 12.8523]}, "properties": {"region_id": "SEN-3", "region_name": "K\u00e9dougou", "country_iso": "SEN", "region_index": 2, "resource": "None", "is_capital": false, "region_color": "#0c605a", "base_color": "#0f766e", "centroid_lon": -12.3547, "centroid_lat": 12.8523}}, {"type": "Feature", "geometry": {"type": "Point", "coordinates": [-16.3666, 12.7774]}, "properties": {"region_id": "SEN-4", "region_name": "Ziguinchor", "country_iso": "SEN", "region_index": 3, "resource": "None", "is_capital": false, "region_color": "#2b867f", "base_color": "#0f766e", "centroid_lon": -16.3666, "centroid_lat": 12.7774}}, {"type": "Feature", "geometry": {"type": "Point", "coordinates": [-15.5888, 12.8991]}, "properties": {"region_id": "SEN-5", "region_name": "S\u00e9dhiou", "country_iso": "SEN", "region_index": 4, "resource": "None", "is_capital": false, "region_color": "#0a544f", "base_color": "#0f766e", "centroid_lon": -15.5888, "centroid_lat": 12.8991}}, {"type": "Feature", "geometry": {"type": "Point", "coordinates": [-15.9789, 14.375]}, "properties": {"region_id": "SEN-6", "region_name": "Kaffrine", "country_iso": "SEN", "region_index": 5, "resource": "None", "is_capital": false, "region_color": "#579f99", "base_color": "#0f766e", "centroid_lon": -15.9789, "centroid_lat": 14.375}}, {"type": "Feature", "geometry": {"type": "Point", "coordinates": [-14.4262, 13.0296]}, "properties": {"region_id": "SEN-7", "region_name": "Kolda", "country_iso": "SEN", "region_index": 6, "resource": "None", "is_capital": false, "region_color": "#0d6760", "base_color": "#0f766e", "centroid_lon": -14.4262, "centroid_lat": 13.0296}}, {"type": "Feature", "geometry": {"type": "Point", "coordinates": [12.6906, 10.9794]}, "properties": {"region_id": "NGA-1", "region_name": "Lagos", "country_iso": "NGA", "region_index": 0, "resource": "None", "is_capital": true, "region_color": "#065f46", "base_color": "#065f46", "centroid_lon": 12.6906, "centroid_lat": 10.9794}}, {"type": "Feature", "geometry": {"type": "Point", "coordinates": [5.112, 10.1127]}, "properties": {"region_id": "NGA-2", "region_name": "Abuja Region", "country_iso": "NGA", "region_index": 1, "resource": "None", "is_capital": false, "region_color": "#3c826e", "base_color": "#065f46", "centroid_lon": 5.112, "centroid_lat": 10.1127}}, {"type": "Feature", "geometry": {"type": "Point", "coordinates": [4.1094, 7.4818]}, "properties": {"region_id": "NGA-3", "region_name": "North West", "country_iso": "NGA", "region_index": 2, "resource": "None", "is_capital": false, "region_color": "#044d39", "base_color": "#065f46", "centroid_lon": 4.1094, "centroid_lat": 7.4818}}, {"type": "Feature", "geometry": {"type": "Point", "coordinates": [10.4537, 11.6492]}, "properties": {"region_id": "NGA-4", "region_name": "North East", "country_iso": "NGA", "region_index": 3, "resource": "None", "is_capital": false, "region_color": "#23725c", "base_color": "#065f46", "centroid_lon": 10.4537, "centroid_lat": 11.6492}}, {"type": "Feature", "geometry": {"type": "Point", "coordinates": [6.9783, 11.7833]}, "properties": {"region_id": "NGA-5", "region_name": "South South", "country_iso": "NGA", "region_index": 4, "resource": "None", "is_capital": false, "region_color": "#044432", "base_color": "#065f46", "centroid_lon": 6.9783, "centroid_lat": 11.7833}}, {"type": "Feature", "geometry": {"type": "Point", "coordinates": [9.6567, 8.1852]}, "properties": {"region_id": "NGA-6", "region_name": "South East", "country_iso": "NGA", "region_index": 5, "resource": "None", "is_capital": false, "region_color": "#508f7d", "base_color": "#065f46", "centroid_lon": 9.6567, "centroid_lat": 8.1852}}, {"type": "Feature", "geometry": {"type": "Point", "coordinates": [6.9572, 6.2007]}, "properties": {"region_id": "NGA-7", "region_name": "North Central", "country_iso": "NGA", "region_index": 6, "resource": "None", "is_capital": false, "region_color": "#05533d", "base_color": "#065f46", "centroid_lon": 6.9572, "centroid_lat": 6.2007}}, {"type": "Feature", "geometry": {"type": "Point", "coordinates": [1.9654, 7.0533]}, "properties": {"region_id": "BEN-1", "region_name": "Zou", "country_iso": "BEN", "region_index": 0, "resource": "None", "is_capital": true, "region_color": "#7c3aed", "base_color": "#7c3aed", "centroid_lon": 1.9654, "centroid_lat": 7.0533}}, {"type": "Feature", "geometry": {"type": "Point", "coordinates": [2.7659, 9.7857]}, "properties": {"region_id": "BEN-2", "region_name": "Borgou", "country_iso": "BEN", "region_index": 1, "resource": "None", "is_capital": false, "region_color": "#9865f0", "base_color": "#7c3aed", "centroid_lon": 2.7659, "centroid_lat": 9.7857}}, {"type": "Feature", "geometry": {"type": "Point", "coordinates": [2.9022, 11.338]}, "properties": {"region_id": "BEN-3", "region_name": "Alibori", "country_iso": "BEN", "region_index": 2, "resource": "None", "is_capital": false, "region_color": "#652fc2", "base_color": "#7c3aed", "centroid_lon": 2.9022, "centroid_lat": 11.338}}, {"type": "Feature", "geometry": {"type": "Point", "coordinates": [2.6361, 7.2048]}, "properties": {"region_id": "BEN-4", "region_name": "Plateau", "country_iso": "BEN", "region_index": 3, "resource": "None", "is_capital": false, "region_color": "#8b51ef", "base_color": "#7c3aed", "centroid_lon": 2.6361, "centroid_lat": 7.2048}}, {"type": "Feature", "geometry": {"type": "Point", "coordinates": [2.1929, 8.1236]}, "properties": {"region_id": "BEN-5", "region_name": "Collines", "country_iso": "BEN", "region_index": 4, "resource": "None", "is_capital": false, "region_color": "#5929aa", "base_color": "#7c3aed", "centroid_lon": 2.1929, "centroid_lat": 8.1236}}, {"type": "Feature", "geometry": {"type": "Point", "coordinates": [2.3198, 6.6128]}, "properties": {"region_id": "BEN-6", "region_name": "Atlantique", "country_iso": "BEN", "region_index": 5, "resource": "None", "is_capital": false, "region_color": "#a375f2", "base_color": "#7c3aed", "centroid_lon": 2.3198, "centroid_lat": 6.6128}}, {"type": "Feature", "geometry": {"type": "Point", "coordinates": [1.653, 10.2285]}, "properties": {"region_id": "BEN-7", "region_name": "Atakora", "country_iso": "BEN", "region_index": 6, "resource": "None", "is_capital": false, "region_color": "#6d33d0", "base_color": "#7c3aed", "centroid_lon": 1.653, "centroid_lat": 10.2285}}, {"type": "Feature", "geometry": {"type": "Point", "coordinates": [14.3493, -16.0678]}, "properties": {"region_id": "AGO-1", "region_name": "Cunene", "country_iso": "AGO", "region_index": 0, "resource": "None", "is_capital": true, "region_color": "#0f766e", "base_color": "#0f766e", "centroid_lon": 14.3493, "centroid_lat": -16.0678}}, {"type": "Feature", "geometry": {"type": "Point", "coordinates": [13.392, -6.3636]}, "properties": {"region_id": "AGO-2", "region_name": "Zaire", "country_iso": "AGO", "region_index": 1, "resource": "None", "is_capital": false, "region_color": "#43948d", "base_color": "#0f766e", "centroid_lon": 13.392, "centroid_lat": -6.3636}}, {"type": "Feature", "geometry": {"type": "Point", "coordinates": [17.023, -8.6111]}, "properties": {"region_id": "AGO-3", "region_name": "Lunda Norte", "country_iso": "AGO", "region_index": 2, "resource": "None", "is_capital": false, "region_color": "#0c605a", "base_color": "#0f766e", "centroid_lon": 17.023, "centroid_lat": -8.6111}}, {"type": "Feature", "geometry": {"type": "Point", "coordinates": [15.3047, -11.4796]}, "properties": {"region_id": "AGO-4", "region_name": "Cuanza Sul", "country_iso": "AGO", "region_index": 3, "resource": "None", "is_capital": false, "region_color": "#2b867f", "base_color": "#0f766e", "centroid_lon": 15.3047, "centroid_lat": -11.4796}}, {"type": "Feature", "geometry": {"type": "Point", "coordinates": [17.3491, -12.3287]}, "properties": {"region_id": "AGO-5", "region_name": "Bi\u00e9", "country_iso": "AGO", "region_index": 4, "resource": "None", "is_capital": false, "region_color": "#0a544f", "base_color": "#0f766e", "centroid_lon": 17.3491, "centroid_lat": -12.3287}}, {"type": "Feature", "geometry": {"type": "Point", "coordinates": [20.3246, -13.8068]}, "properties": {"region_id": "AGO-6", "region_name": "Cuando Cubango", "country_iso": "AGO", "region_index": 5, "resource": "None", "is_capital": false, "region_color": "#579f99", "base_color": "#0f766e", "centroid_lon": 20.3246, "centroid_lat": -13.8068}}, {"type": "Feature", "geometry": {"type": "Point", "coordinates": [14.638, -14.1384]}, "properties": {"region_id": "AGO-7", "region_name": "Hu\u00edla", "country_iso": "AGO", "region_index": 6, "resource": "None", "is_capital": false, "region_color": "#0d6760", "base_color": "#0f766e", "centroid_lon": 14.638, "centroid_lat": -14.1384}}, {"type": "Feature", "geometry": {"type": "Point", "coordinates": [17.644, 45.5598]}, "properties": {"region_id": "HRV-1", "region_name": "Brodsko-Posavska", "country_iso": "HRV", "region_index": 0, "resource": "None", "is_capital": true, "region_color": "#1d4ed8", "base_color": "#1d4ed8", "centroid_lon": 17.644, "centroid_lat": 45.5598}}, {"type": "Feature", "geometry": {"type": "Point", "coordinates": [18.6646, 45.4172]}, "properties": {"region_id": "HRV-2", "region_name": "Osjecko-Baranjska", "country_iso": "HRV", "region_index": 1, "resource": "None", "is_capital": false, "region_color": "#4e74e0", "base_color": "#1d4ed8", "centroid_lon": 18.6646, "centroid_lat": 45.4172}}, {"type": "Feature", "geometry": {"type": "Point", "coordinates": [16.1109, 45.9957]}, "properties": {"region_id": "HRV-3", "region_name": "Zagrebacka", "country_iso": "HRV", "region_index": 2, "resource": "None", "is_capital": false, "region_color": "#173fb1", "base_color": "#1d4ed8", "centroid_lon": 16.1109, "centroid_lat": 45.9957}}, {"type": "Feature", "geometry": {"type": "Point", "coordinates": [14.8431, 45.1002]}, "properties": {"region_id": "HRV-4", "region_name": "Licko-Senjska", "country_iso": "HRV", "region_index": 3, "resource": "None", "is_capital": false, "region_color": "#3863dc", "base_color": "#1d4ed8", "centroid_lon": 14.8431, "centroid_lat": 45.1002}}, {"type": "Feature", "geometry": {"type": "Point", "coordinates": [17.7512, 45.2104]}, "properties": {"region_id": "HRV-5", "region_name": "Brodsko-Posavska", "country_iso": "HRV", "region_index": 4, "resource": "None", "is_capital": false, "region_color": "#14389b", "base_color": "#1d4ed8", "centroid_lon": 17.7512, "centroid_lat": 45.2104}}, {"type": "Feature", "geometry": {"type": "Point", "coordinates": [16.2409, 43.8624]}, "properties": {"region_id": "HRV-6", "region_name": "Zadarska", "country_iso": "HRV", "region_index": 5, "resource": "None", "is_capital": false, "region_color": "#6083e3", "base_color": "#1d4ed8", "centroid_lon": 16.2409, "centroid_lat": 43.8624}}, {"type": "Feature", "geometry": {"type": "Point", "coordinates": [16.6474, 45.6195]}, "properties": {"region_id": "HRV-7", "region_name": "Sisacko-Moslavacka", "country_iso": "HRV", "region_index": 6, "resource": "None", "is_capital": false, "region_color": "#1944be", "base_color": "#1d4ed8", "centroid_lon": 16.6474, "centroid_lat": 45.6195}}, {"type": "Feature", "geometry": {"type": "Point", "coordinates": [14.4342, 46.1021]}, "properties": {"region_id": "SVN-1", "region_name": "Ljubljana", "country_iso": "SVN", "region_index": 0, "resource": "None", "is_capital": true, "region_color": "#0369a1", "base_color": "#0369a1", "centroid_lon": 14.4342, "centroid_lat": 46.1021}}, {"type": "Feature", "geometry": {"type": "Point", "coordinates": [15.0551, 46.3988]}, "properties": {"region_id": "SVN-2", "region_name": "Slovenj Gradec", "country_iso": "SVN", "region_index": 1, "resource": "None", "is_capital": false, "region_color": "#3a8ab5", "base_color": "#0369a1", "centroid_lon": 15.0551, "centroid_lat": 46.3988}}, {"type": "Feature", "geometry": {"type": "Point", "coordinates": [16.1838, 46.6258]}, "properties": {"region_id": "SVN-3", "region_name": "Ormo\u017e", "country_iso": "SVN", "region_index": 2, "resource": "None", "is_capital": false, "region_color": "#025684", "base_color": "#0369a1", "centroid_lon": 16.1838, "centroid_lat": 46.6258}}, {"type": "Feature", "geometry": {"type": "Point", "coordinates": [14.9655, 45.7688]}, "properties": {"region_id": "SVN-4", "region_name": "Kocevje", "country_iso": "SVN", "region_index": 3, "resource": "None", "is_capital": false, "region_color": "#217bac", "base_color": "#0369a1", "centroid_lon": 14.9655, "centroid_lat": 45.7688}}, {"type": "Feature", "geometry": {"type": "Point", "coordinates": [15.7308, 46.4776]}, "properties": {"region_id": "SVN-5", "region_name": "Slovenska Bistrica", "country_iso": "SVN", "region_index": 4, "resource": "None", "is_capital": false, "region_color": "#024b73", "base_color": "#0369a1", "centroid_lon": 15.7308, "centroid_lat": 46.4776}}, {"type": "Feature", "geometry": {"type": "Point", "coordinates": [13.9024, 45.9678]}, "properties": {"region_id": "SVN-6", "region_name": "Ilirska Bistrica", "country_iso": "SVN", "region_index": 5, "resource": "None", "is_capital": false, "region_color": "#4e96bd", "base_color": "#0369a1", "centroid_lon": 13.9024, "centroid_lat": 45.9678}}, {"type": "Feature", "geometry": {"type": "Point", "coordinates": [15.4228, 46.0788]}, "properties": {"region_id": "SVN-7", "region_name": "Kr\u0161ko", "country_iso": "SVN", "region_index": 6, "resource": "None", "is_capital": false, "region_color": "#025c8d", "base_color": "#0369a1", "centroid_lon": 15.4228, "centroid_lat": 46.0788}}, {"type": "Feature", "geometry": {"type": "Point", "coordinates": [51.0657, 25.1993]}, "properties": {"region_id": "QAT-1", "region_name": "Ar Rayy\u0101n", "country_iso": "QAT", "region_index": 0, "resource": "None", "is_capital": true, "region_color": "#0f766e", "base_color": "#0f766e", "centroid_lon": 51.0657, "centroid_lat": 25.1993}}, {"type": "Feature", "geometry": {"type": "Point", "coordinates": [51.3993, 24.9013]}, "properties": {"region_id": "QAT-2", "region_name": "Al Wakrah", "country_iso": "QAT", "region_index": 1, "resource": "None", "is_capital": false, "region_color": "#43948d", "base_color": "#0f766e", "centroid_lon": 51.3993, "centroid_lat": 24.9013}}, {"type": "Feature", "geometry": {"type": "Point", "coordinates": [51.523, 25.2579]}, "properties": {"region_id": "QAT-3", "region_name": "Ad Dawhah", "country_iso": "QAT", "region_index": 2, "resource": "None", "is_capital": false, "region_color": "#0c605a", "base_color": "#0f766e", "centroid_lon": 51.523, "centroid_lat": 25.2579}}, {"type": "Feature", "geometry": {"type": "Point", "coordinates": [51.4622, 25.5046]}, "properties": {"region_id": "QAT-4", "region_name": "Al Daayen", "country_iso": "QAT", "region_index": 3, "resource": "None", "is_capital": false, "region_color": "#2b867f", "base_color": "#0f766e", "centroid_lon": 51.4622, "centroid_lat": 25.5046}}, {"type": "Feature", "geometry": {"type": "Point", "coordinates": [51.3419, 25.7657]}, "properties": {"region_id": "QAT-5", "region_name": "Al Khawr", "country_iso": "QAT", "region_index": 4, "resource": "None", "is_capital": false, "region_color": "#0a544f", "base_color": "#0f766e", "centroid_lon": 51.3419, "centroid_lat": 25.7657}}, {"type": "Feature", "geometry": {"type": "Point", "coordinates": [51.2033, 25.98]}, "properties": {"region_id": "QAT-6", "region_name": "Madinat ach Shamal", "country_iso": "QAT", "region_index": 5, "resource": "None", "is_capital": false, "region_color": "#579f99", "base_color": "#0f766e", "centroid_lon": 51.2033, "centroid_lat": 25.98}}, {"type": "Feature", "geometry": {"type": "Point", "coordinates": [51.3602, 25.4619]}, "properties": {"region_id": "QAT-7", "region_name": "Umm Salal", "country_iso": "QAT", "region_index": 6, "resource": "None", "is_capital": false, "region_color": "#0d6760", "base_color": "#0f766e", "centroid_lon": 51.3602, "centroid_lat": 25.4619}}, {"type": "Feature", "geometry": {"type": "Point", "coordinates": [45.248, 23.4467]}, "properties": {"region_id": "SAU-1", "region_name": "Riyadh Region", "country_iso": "SAU", "region_index": 0, "resource": "Oil", "is_capital": true, "region_color": "#b45309", "base_color": "#b45309", "centroid_lon": 45.248, "centroid_lat": 23.4467}}, {"type": "Feature", "geometry": {"type": "Point", "coordinates": [40.4587, 29.8109]}, "properties": {"region_id": "SAU-2", "region_name": "Mecca Region", "country_iso": "SAU", "region_index": 1, "resource": "Oil", "is_capital": false, "region_color": "#c4783f", "base_color": "#b45309", "centroid_lon": 40.4587, "centroid_lat": 29.8109}}, {"type": "Feature", "geometry": {"type": "Point", "coordinates": [50.146, 22.9197]}, "properties": {"region_id": "SAU-3", "region_name": "Eastern Province", "country_iso": "SAU", "region_index": 2, "resource": "Oil", "is_capital": false, "region_color": "#934407", "base_color": "#b45309", "centroid_lon": 50.146, "centroid_lat": 22.9197}}, {"type": "Feature", "geometry": {"type": "Point", "coordinates": [42.93, 18.9705]}, "properties": {"region_id": "SAU-4", "region_name": "Medina Region", "country_iso": "SAU", "region_index": 3, "resource": "None", "is_capital": false, "region_color": "#bd6726", "base_color": "#b45309", "centroid_lon": 42.93, "centroid_lat": 18.9705}}, {"type": "Feature", "geometry": {"type": "Point", "coordinates": [45.828, 18.2915]}, "properties": {"region_id": "SAU-5", "region_name": "Asir Region", "country_iso": "SAU", "region_index": 4, "resource": "Grain", "is_capital": false, "region_color": "#813b06", "base_color": "#b45309", "centroid_lon": 45.828, "centroid_lat": 18.2915}}, {"type": "Feature", "geometry": {"type": "Point", "coordinates": [41.2278, 21.5222]}, "properties": {"region_id": "SAU-6", "region_name": "Tabuk Region", "country_iso": "SAU", "region_index": 5, "resource": "Iron", "is_capital": false, "region_color": "#ca8652", "base_color": "#b45309", "centroid_lon": 41.2278, "centroid_lat": 21.5222}}, {"type": "Feature", "geometry": {"type": "Point", "coordinates": [39.6141, 26.3922]}, "properties": {"region_id": "SAU-7", "region_name": "Ha'il Region", "country_iso": "SAU", "region_index": 6, "resource": "None", "is_capital": false, "region_color": "#9e4907", "base_color": "#b45309", "centroid_lon": 39.6141, "centroid_lat": 26.3922}}, {"type": "Feature", "geometry": {"type": "Point", "coordinates": [22.8206, -24.6508]}, "properties": {"region_id": "BWA-1", "region_name": "Kgalagadi", "country_iso": "BWA", "region_index": 0, "resource": "None", "is_capital": true, "region_color": "#065f46", "base_color": "#065f46", "centroid_lon": 22.8206, "centroid_lat": -24.6508}}, {"type": "Feature", "geometry": {"type": "Point", "coordinates": [26.2742, -21.5439]}, "properties": {"region_id": "BWA-2", "region_name": "Central", "country_iso": "BWA", "region_index": 1, "resource": "None", "is_capital": false, "region_color": "#3c826e", "base_color": "#065f46", "centroid_lon": 26.2742, "centroid_lat": -21.5439}}, {"type": "Feature", "geometry": {"type": "Point", "coordinates": [22.844, -20.7756]}, "properties": {"region_id": "BWA-3", "region_name": "North-West", "country_iso": "BWA", "region_index": 2, "resource": "None", "is_capital": false, "region_color": "#044d39", "base_color": "#065f46", "centroid_lon": 22.844, "centroid_lat": -20.7756}}, {"type": "Feature", "geometry": {"type": "Point", "coordinates": [27.5337, -21.0086]}, "properties": {"region_id": "BWA-4", "region_name": "North-East", "country_iso": "BWA", "region_index": 3, "resource": "None", "is_capital": false, "region_color": "#23725c", "base_color": "#065f46", "centroid_lon": 27.5337, "centroid_lat": -21.0086}}, {"type": "Feature", "geometry": {"type": "Point", "coordinates": [25.7515, -24.9863]}, "properties": {"region_id": "BWA-5", "region_name": "South-East", "country_iso": "BWA", "region_index": 4, "resource": "None", "is_capital": false, "region_color": "#044432", "base_color": "#065f46", "centroid_lon": 25.7515, "centroid_lat": -24.9863}}, {"type": "Feature", "geometry": {"type": "Point", "coordinates": [26.3423, -24.1482]}, "properties": {"region_id": "BWA-6", "region_name": "Kgatleng", "country_iso": "BWA", "region_index": 5, "resource": "None", "is_capital": false, "region_color": "#508f7d", "base_color": "#065f46", "centroid_lon": 26.3423, "centroid_lat": -24.1482}}, {"type": "Feature", "geometry": {"type": "Point", "coordinates": [25.9309, -24.6173]}, "properties": {"region_id": "BWA-7", "region_name": "Gaborone", "country_iso": "BWA", "region_index": 6, "resource": "None", "is_capital": false, "region_color": "#05533d", "base_color": "#065f46", "centroid_lon": 25.9309, "centroid_lat": -24.6173}}, {"type": "Feature", "geometry": {"type": "Point", "coordinates": [28.9754, -21.013]}, "properties": {"region_id": "ZWE-1", "region_name": "Matabeleland South", "country_iso": "ZWE", "region_index": 0, "resource": "None", "is_capital": true, "region_color": "#be185d", "base_color": "#be185d", "centroid_lon": 28.9754, "centroid_lat": -21.013}}, {"type": "Feature", "geometry": {"type": "Point", "coordinates": [27.3938, -18.8268]}, "properties": {"region_id": "ZWE-2", "region_name": "Matabeleland North", "country_iso": "ZWE", "region_index": 1, "resource": "None", "is_capital": false, "region_color": "#cc4a80", "base_color": "#be185d", "centroid_lon": 27.3938, "centroid_lat": -18.8268}}, {"type": "Feature", "geometry": {"type": "Point", "coordinates": [31.1956, -16.7099]}, "properties": {"region_id": "ZWE-3", "region_name": "Mashonaland Central", "country_iso": "ZWE", "region_index": 2, "resource": "None", "is_capital": false, "region_color": "#9b134c", "base_color": "#be185d", "centroid_lon": 31.1956, "centroid_lat": -16.7099}}, {"type": "Feature", "geometry": {"type": "Point", "coordinates": [29.4543, -18.9825]}, "properties": {"region_id": "ZWE-4", "region_name": "Midlands", "country_iso": "ZWE", "region_index": 3, "resource": "None", "is_capital": false, "region_color": "#c53370", "base_color": "#be185d", "centroid_lon": 29.4543, "centroid_lat": -18.9825}}, {"type": "Feature", "geometry": {"type": "Point", "coordinates": [31.6711, -20.1397]}, "properties": {"region_id": "ZWE-5", "region_name": "Masvingo", "country_iso": "ZWE", "region_index": 4, "resource": "None", "is_capital": false, "region_color": "#881142", "base_color": "#be185d", "centroid_lon": 31.6711, "centroid_lat": -20.1397}}, {"type": "Feature", "geometry": {"type": "Point", "coordinates": [31.6546, -18.0114]}, "properties": {"region_id": "ZWE-6", "region_name": "Mashonaland East", "country_iso": "ZWE", "region_index": 5, "resource": "None", "is_capital": false, "region_color": "#d15d8d", "base_color": "#be185d", "centroid_lon": 31.6546, "centroid_lat": -18.0114}}, {"type": "Feature", "geometry": {"type": "Point", "coordinates": [29.7094, -17.1815]}, "properties": {"region_id": "ZWE-7", "region_name": "Mashonaland West", "country_iso": "ZWE", "region_index": 6, "resource": "None", "is_capital": false, "region_color": "#a71551", "base_color": "#be185d", "centroid_lon": 29.7094, "centroid_lat": -17.1815}}, {"type": "Feature", "geometry": {"type": "Point", "coordinates": [74.8884, 35.8077]}, "properties": {"region_id": "PAK-1", "region_name": "Punjab", "country_iso": "PAK", "region_index": 0, "resource": "Grain", "is_capital": true, "region_color": "#0f766e", "base_color": "#0f766e", "centroid_lon": 74.8884, "centroid_lat": 35.8077}}, {"type": "Feature", "geometry": {"type": "Point", "coordinates": [72.0721, 34.4773]}, "properties": {"region_id": "PAK-2", "region_name": "Sindh", "country_iso": "PAK", "region_index": 1, "resource": "Oil", "is_capital": false, "region_color": "#43948d", "base_color": "#0f766e", "centroid_lon": 72.0721, "centroid_lat": 34.4773}}, {"type": "Feature", "geometry": {"type": "Point", "coordinates": [70.3952, 33.1509]}, "properties": {"region_id": "PAK-3", "region_name": "KPK", "country_iso": "PAK", "region_index": 2, "resource": "None", "is_capital": false, "region_color": "#0c605a", "base_color": "#0f766e", "centroid_lon": 70.3952, "centroid_lat": 33.1509}}, {"type": "Feature", "geometry": {"type": "Point", "coordinates": [65.8649, 28.3126]}, "properties": {"region_id": "PAK-4", "region_name": "Balochistan", "country_iso": "PAK", "region_index": 3, "resource": "Iron", "is_capital": false, "region_color": "#2b867f", "base_color": "#0f766e", "centroid_lon": 65.8649, "centroid_lat": 28.3126}}, {"type": "Feature", "geometry": {"type": "Point", "coordinates": [72.1281, 30.819]}, "properties": {"region_id": "PAK-5", "region_name": "Islamabad", "country_iso": "PAK", "region_index": 4, "resource": "None", "is_capital": false, "region_color": "#0a544f", "base_color": "#0f766e", "centroid_lon": 72.1281, "centroid_lat": 30.819}}, {"type": "Feature", "geometry": {"type": "Point", "coordinates": [68.7703, 26.0313]}, "properties": {"region_id": "PAK-6", "region_name": "AJK", "country_iso": "PAK", "region_index": 5, "resource": "None", "is_capital": false, "region_color": "#579f99", "base_color": "#0f766e", "centroid_lon": 68.7703, "centroid_lat": 26.0313}}, {"type": "Feature", "geometry": {"type": "Point", "coordinates": [73.0862, 33.6634]}, "properties": {"region_id": "PAK-7", "region_name": "FATA", "country_iso": "PAK", "region_index": 6, "resource": "Grain", "is_capital": false, "region_color": "#0d6760", "base_color": "#0f766e", "centroid_lon": 73.0862, "centroid_lat": 33.6634}}, {"type": "Feature", "geometry": {"type": "Point", "coordinates": [25.9337, 42.1525]}, "properties": {"region_id": "BGR-1", "region_name": "Stara Zagora", "country_iso": "BGR", "region_index": 0, "resource": "None", "is_capital": true, "region_color": "#9f1239", "base_color": "#9f1239", "centroid_lon": 25.9337, "centroid_lat": 42.1525}}, {"type": "Feature", "geometry": {"type": "Point", "coordinates": [23.296, 43.5599]}, "properties": {"region_id": "BGR-2", "region_name": "Vratsa", "country_iso": "BGR", "region_index": 1, "resource": "None", "is_capital": false, "region_color": "#b44664", "base_color": "#9f1239", "centroid_lon": 23.296, "centroid_lat": 43.5599}}, {"type": "Feature", "geometry": {"type": "Point", "coordinates": [27.5636, 43.0097]}, "properties": {"region_id": "BGR-3", "region_name": "Burgas", "country_iso": "BGR", "region_index": 2, "resource": "None", "is_capital": false, "region_color": "#820e2e", "base_color": "#9f1239", "centroid_lon": 27.5636, "centroid_lat": 43.0097}}, {"type": "Feature", "geometry": {"type": "Point", "coordinates": [25.0096, 43.1985]}, "properties": {"region_id": "BGR-4", "region_name": "Veliko Tarnovo", "country_iso": "BGR", "region_index": 3, "resource": "None", "is_capital": false, "region_color": "#aa2e50", "base_color": "#9f1239", "centroid_lon": 25.0096, "centroid_lat": 43.1985}}, {"type": "Feature", "geometry": {"type": "Point", "coordinates": [24.1999, 41.959]}, "properties": {"region_id": "BGR-5", "region_name": "Blagoevgrad", "country_iso": "BGR", "region_index": 4, "resource": "None", "is_capital": false, "region_color": "#720c29", "base_color": "#9f1239", "centroid_lon": 24.1999, "centroid_lat": 41.959}}, {"type": "Feature", "geometry": {"type": "Point", "coordinates": [23.2896, 42.5896]}, "properties": {"region_id": "BGR-6", "region_name": "Sofia", "country_iso": "BGR", "region_index": 5, "resource": "None", "is_capital": false, "region_color": "#bb5974", "base_color": "#9f1239", "centroid_lon": 23.2896, "centroid_lat": 42.5896}}, {"type": "Feature", "geometry": {"type": "Point", "coordinates": [26.5952, 43.5599]}, "properties": {"region_id": "BGR-7", "region_name": "Shumen", "country_iso": "BGR", "region_index": 6, "resource": "None", "is_capital": false, "region_color": "#8b0f32", "base_color": "#9f1239", "centroid_lon": 26.5952, "centroid_lat": 43.5599}}, {"type": "Feature", "geometry": {"type": "Point", "coordinates": [100.3522, 16.5467]}, "properties": {"region_id": "THA-1", "region_name": "Tak", "country_iso": "THA", "region_index": 0, "resource": "None", "is_capital": true, "region_color": "#1a1a2e", "base_color": "#1a1a2e", "centroid_lon": 100.3522, "centroid_lat": 16.5467}}, {"type": "Feature", "geometry": {"type": "Point", "coordinates": [102.0676, 14.0922]}, "properties": {"region_id": "THA-2", "region_name": "Nakhon Ratchasima", "country_iso": "THA", "region_index": 1, "resource": "None", "is_capital": false, "region_color": "#4c4c5b", "base_color": "#1a1a2e", "centroid_lon": 102.0676, "centroid_lat": 14.0922}}, {"type": "Feature", "geometry": {"type": "Point", "coordinates": [100.6319, 6.8305]}, "properties": {"region_id": "THA-3", "region_name": "Songkhla", "country_iso": "THA", "region_index": 2, "resource": "None", "is_capital": false, "region_color": "#151525", "base_color": "#1a1a2e", "centroid_lon": 100.6319, "centroid_lat": 6.8305}}, {"type": "Feature", "geometry": {"type": "Point", "coordinates": [99.1452, 9.0067]}, "properties": {"region_id": "THA-4", "region_name": "Surat Thani", "country_iso": "THA", "region_index": 3, "resource": "None", "is_capital": false, "region_color": "#353547", "base_color": "#1a1a2e", "centroid_lon": 99.1452, "centroid_lat": 9.0067}}, {"type": "Feature", "geometry": {"type": "Point", "coordinates": [103.7853, 16.3042]}, "properties": {"region_id": "THA-5", "region_name": "Ubon Ratchathani", "country_iso": "THA", "region_index": 4, "resource": "None", "is_capital": false, "region_color": "#121221", "base_color": "#1a1a2e", "centroid_lon": 103.7853, "centroid_lat": 16.3042}}, {"type": "Feature", "geometry": {"type": "Point", "coordinates": [99.81, 14.05]}, "properties": {"region_id": "THA-6", "region_name": "Kanchanaburi", "country_iso": "THA", "region_index": 5, "resource": "None", "is_capital": false, "region_color": "#5e5e6c", "base_color": "#1a1a2e", "centroid_lon": 99.81, "centroid_lat": 14.05}}, {"type": "Feature", "geometry": {"type": "Point", "coordinates": [99.369, 18.8208]}, "properties": {"region_id": "THA-7", "region_name": "Chiang Mai", "country_iso": "THA", "region_index": 6, "resource": "None", "is_capital": false, "region_color": "#161628", "base_color": "#1a1a2e", "centroid_lon": 99.369, "centroid_lat": 18.8208}}, {"type": "Feature", "geometry": {"type": "Point", "coordinates": [12.4632, 43.949]}, "properties": {"region_id": "SMR-1", "region_name": "Domagnano", "country_iso": "SMR", "region_index": 0, "resource": "None", "is_capital": true, "region_color": "#15803d", "base_color": "#15803d", "centroid_lon": 12.4632, "centroid_lat": 43.949}}, {"type": "Feature", "geometry": {"type": "Point", "coordinates": [12.4484, 43.9668]}, "properties": {"region_id": "SMR-2", "region_name": "Serravalle", "country_iso": "SMR", "region_index": 1, "resource": "None", "is_capital": false, "region_color": "#489b67", "base_color": "#15803d", "centroid_lon": 12.4484, "centroid_lat": 43.9668}}, {"type": "Feature", "geometry": {"type": "Point", "coordinates": [12.4055, 43.9204]}, "properties": {"region_id": "SMR-3", "region_name": "San Marino", "country_iso": "SMR", "region_index": 2, "resource": "None", "is_capital": false, "region_color": "#116832", "base_color": "#15803d", "centroid_lon": 12.4055, "centroid_lat": 43.9204}}, {"type": "Feature", "geometry": {"type": "Point", "coordinates": [12.4688, 43.9328]}, "properties": {"region_id": "SMR-4", "region_name": "Faetano", "country_iso": "SMR", "region_index": 3, "resource": "None", "is_capital": false, "region_color": "#318f54", "base_color": "#15803d", "centroid_lon": 12.4688, "centroid_lat": 43.9328}}, {"type": "Feature", "geometry": {"type": "Point", "coordinates": [12.45, 43.9356]}, "properties": {"region_id": "SMR-5", "region_name": "Borgo Maggiore", "country_iso": "SMR", "region_index": 4, "resource": "None", "is_capital": false, "region_color": "#0f5c2b", "base_color": "#15803d", "centroid_lon": 12.45, "centroid_lat": 43.9356}}, {"type": "Feature", "geometry": {"type": "Point", "coordinates": [12.4638, 43.9147]}, "properties": {"region_id": "SMR-6", "region_name": "Fiorentino", "country_iso": "SMR", "region_index": 5, "resource": "None", "is_capital": false, "region_color": "#5ba677", "base_color": "#15803d", "centroid_lon": 12.4638, "centroid_lat": 43.9147}}, {"type": "Feature", "geometry": {"type": "Point", "coordinates": [12.4119, 43.9455]}, "properties": {"region_id": "SMR-7", "region_name": "Acquaviva", "country_iso": "SMR", "region_index": 6, "resource": "None", "is_capital": false, "region_color": "#127035", "base_color": "#15803d", "centroid_lon": 12.4119, "centroid_lat": 43.9455}}, {"type": "Feature", "geometry": {"type": "Point", "coordinates": [-72.2651, 18.6409]}, "properties": {"region_id": "HTI-1", "region_name": "Ouest", "country_iso": "HTI", "region_index": 0, "resource": "None", "is_capital": true, "region_color": "#b45309", "base_color": "#b45309", "centroid_lon": -72.2651, "centroid_lat": 18.6409}}, {"type": "Feature", "geometry": {"type": "Point", "coordinates": [-71.8953, 19.5054]}, "properties": {"region_id": "HTI-2", "region_name": "Nord-Est", "country_iso": "HTI", "region_index": 1, "resource": "None", "is_capital": false, "region_color": "#c4783f", "base_color": "#b45309", "centroid_lon": -71.8953, "centroid_lat": 19.5054}}, {"type": "Feature", "geometry": {"type": "Point", "coordinates": [-73.737, 18.2791]}, "properties": {"region_id": "HTI-3", "region_name": "Sud", "country_iso": "HTI", "region_index": 2, "resource": "None", "is_capital": false, "region_color": "#934407", "base_color": "#b45309", "centroid_lon": -73.737, "centroid_lat": 18.2791}}, {"type": "Feature", "geometry": {"type": "Point", "coordinates": [-73.3887, 18.4279]}, "properties": {"region_id": "HTI-4", "region_name": "Nippes", "country_iso": "HTI", "region_index": 3, "resource": "None", "is_capital": false, "region_color": "#bd6726", "base_color": "#b45309", "centroid_lon": -73.3887, "centroid_lat": 18.4279}}, {"type": "Feature", "geometry": {"type": "Point", "coordinates": [-73.0778, 19.802]}, "properties": {"region_id": "HTI-5", "region_name": "Nord-Ouest", "country_iso": "HTI", "region_index": 4, "resource": "None", "is_capital": false, "region_color": "#813b06", "base_color": "#b45309", "centroid_lon": -73.0778, "centroid_lat": 19.802}}, {"type": "Feature", "geometry": {"type": "Point", "coordinates": [-74.1435, 18.4914]}, "properties": {"region_id": "HTI-6", "region_name": "Grand'Anse", "country_iso": "HTI", "region_index": 5, "resource": "None", "is_capital": false, "region_color": "#ca8652", "base_color": "#b45309", "centroid_lon": -74.1435, "centroid_lat": 18.4914}}, {"type": "Feature", "geometry": {"type": "Point", "coordinates": [-72.4886, 19.4057]}, "properties": {"region_id": "HTI-7", "region_name": "L'Artibonite", "country_iso": "HTI", "region_index": 6, "resource": "None", "is_capital": false, "region_color": "#9e4907", "base_color": "#b45309", "centroid_lon": -72.4886, "centroid_lat": 19.4057}}, {"type": "Feature", "geometry": {"type": "Point", "coordinates": [-69.0016, 18.6655]}, "properties": {"region_id": "DOM-1", "region_name": "La Altagracia", "country_iso": "DOM", "region_index": 0, "resource": "None", "is_capital": true, "region_color": "#0891b2", "base_color": "#0891b2", "centroid_lon": -69.0016, "centroid_lat": 18.6655}}, {"type": "Feature", "geometry": {"type": "Point", "coordinates": [-71.3904, 19.5671]}, "properties": {"region_id": "DOM-2", "region_name": "Monte Cristi", "country_iso": "DOM", "region_index": 1, "resource": "None", "is_capital": false, "region_color": "#3ea9c2", "base_color": "#0891b2", "centroid_lon": -71.3904, "centroid_lat": 19.5671}}, {"type": "Feature", "geometry": {"type": "Point", "coordinates": [-70.5398, 19.3585]}, "properties": {"region_id": "DOM-3", "region_name": "Santiago", "country_iso": "DOM", "region_index": 2, "resource": "None", "is_capital": false, "region_color": "#067691", "base_color": "#0891b2", "centroid_lon": -70.5398, "centroid_lat": 19.3585}}, {"type": "Feature", "geometry": {"type": "Point", "coordinates": [-69.5154, 19.2243]}, "properties": {"region_id": "DOM-4", "region_name": "Saman\u00e1", "country_iso": "DOM", "region_index": 3, "resource": "None", "is_capital": false, "region_color": "#259ebb", "base_color": "#0891b2", "centroid_lon": -69.5154, "centroid_lat": 19.2243}}, {"type": "Feature", "geometry": {"type": "Point", "coordinates": [-70.0918, 18.7174]}, "properties": {"region_id": "DOM-5", "region_name": "Monte Plata", "country_iso": "DOM", "region_index": 4, "resource": "None", "is_capital": false, "region_color": "#056880", "base_color": "#0891b2", "centroid_lon": -70.0918, "centroid_lat": 18.7174}}, {"type": "Feature", "geometry": {"type": "Point", "coordinates": [-71.2142, 18.7546]}, "properties": {"region_id": "DOM-6", "region_name": "San Juan", "country_iso": "DOM", "region_index": 5, "resource": "None", "is_capital": false, "region_color": "#52b2c9", "base_color": "#0891b2", "centroid_lon": -71.2142, "centroid_lat": 18.7546}}, {"type": "Feature", "geometry": {"type": "Point", "coordinates": [-71.4861, 18.1849]}, "properties": {"region_id": "DOM-7", "region_name": "Independencia", "country_iso": "DOM", "region_index": 6, "resource": "None", "is_capital": false, "region_color": "#077f9c", "base_color": "#0891b2", "centroid_lon": -71.4861, "centroid_lat": 18.1849}}, {"type": "Feature", "geometry": {"type": "Point", "coordinates": [20.253, 13.9046]}, "properties": {"region_id": "TCD-1", "region_name": "Batha", "country_iso": "TCD", "region_index": 0, "resource": "None", "is_capital": true, "region_color": "#9f1239", "base_color": "#9f1239", "centroid_lon": 20.253, "centroid_lat": 13.9046}}, {"type": "Feature", "geometry": {"type": "Point", "coordinates": [19.3723, 10.7223]}, "properties": {"region_id": "TCD-2", "region_name": "Salamat", "country_iso": "TCD", "region_index": 1, "resource": "None", "is_capital": false, "region_color": "#b44664", "base_color": "#9f1239", "centroid_lon": 19.3723, "centroid_lat": 10.7223}}, {"type": "Feature", "geometry": {"type": "Point", "coordinates": [15.046, 14.8379]}, "properties": {"region_id": "TCD-3", "region_name": "Kanem", "country_iso": "TCD", "region_index": 2, "resource": "None", "is_capital": false, "region_color": "#820e2e", "base_color": "#9f1239", "centroid_lon": 15.046, "centroid_lat": 14.8379}}, {"type": "Feature", "geometry": {"type": "Point", "coordinates": [16.608, 13.8881]}, "properties": {"region_id": "TCD-4", "region_name": "Barh El Gazel", "country_iso": "TCD", "region_index": 3, "resource": "None", "is_capital": false, "region_color": "#aa2e50", "base_color": "#9f1239", "centroid_lon": 16.608, "centroid_lat": 13.8881}}, {"type": "Feature", "geometry": {"type": "Point", "coordinates": [15.8482, 10.6718]}, "properties": {"region_id": "TCD-5", "region_name": "Chari-Baguirmi", "country_iso": "TCD", "region_index": 4, "resource": "None", "is_capital": false, "region_color": "#720c29", "base_color": "#9f1239", "centroid_lon": 15.8482, "centroid_lat": 10.6718}}, {"type": "Feature", "geometry": {"type": "Point", "coordinates": [19.2894, 18.9109]}, "properties": {"region_id": "TCD-6", "region_name": "Borkou", "country_iso": "TCD", "region_index": 5, "resource": "None", "is_capital": false, "region_color": "#bb5974", "base_color": "#9f1239", "centroid_lon": 19.2894, "centroid_lat": 18.9109}}, {"type": "Feature", "geometry": {"type": "Point", "coordinates": [16.6403, 8.7462]}, "properties": {"region_id": "TCD-7", "region_name": "Logone Oriental", "country_iso": "TCD", "region_index": 6, "resource": "None", "is_capital": false, "region_color": "#8b0f32", "base_color": "#9f1239", "centroid_lon": 16.6403, "centroid_lat": 8.7462}}, {"type": "Feature", "geometry": {"type": "Point", "coordinates": [47.4369, 29.5276]}, "properties": {"region_id": "KWT-1", "region_name": "Al Jahrah", "country_iso": "KWT", "region_index": 0, "resource": "None", "is_capital": true, "region_color": "#be185d", "base_color": "#be185d", "centroid_lon": 47.4369, "centroid_lat": 29.5276}}, {"type": "Feature", "geometry": {"type": "Point", "coordinates": [47.9394, 28.8258]}, "properties": {"region_id": "KWT-2", "region_name": "Al Ahmadi", "country_iso": "KWT", "region_index": 1, "resource": "None", "is_capital": false, "region_color": "#cc4a80", "base_color": "#be185d", "centroid_lon": 47.9394, "centroid_lat": 28.8258}}, {"type": "Feature", "geometry": {"type": "Point", "coordinates": [48.0611, 29.2586]}, "properties": {"region_id": "KWT-3", "region_name": "Mubarak Al-Kabeer", "country_iso": "KWT", "region_index": 2, "resource": "None", "is_capital": false, "region_color": "#9b134c", "base_color": "#be185d", "centroid_lon": 48.0611, "centroid_lat": 29.2586}}, {"type": "Feature", "geometry": {"type": "Point", "coordinates": [48.0484, 29.3318]}, "properties": {"region_id": "KWT-4", "region_name": "Hawalli", "country_iso": "KWT", "region_index": 3, "resource": "None", "is_capital": false, "region_color": "#c53370", "base_color": "#be185d", "centroid_lon": 48.0484, "centroid_lat": 29.3318}}, {"type": "Feature", "geometry": {"type": "Point", "coordinates": [48.1025, 29.3838]}, "properties": {"region_id": "KWT-5", "region_name": "Al Asimah", "country_iso": "KWT", "region_index": 4, "resource": "None", "is_capital": false, "region_color": "#881142", "base_color": "#be185d", "centroid_lon": 48.1025, "centroid_lat": 29.3838}}, {"type": "Feature", "geometry": {"type": "Point", "coordinates": [47.9427, 29.2564]}, "properties": {"region_id": "KWT-6", "region_name": "Al Farwaniyah", "country_iso": "KWT", "region_index": 5, "resource": "None", "is_capital": false, "region_color": "#d15d8d", "base_color": "#be185d", "centroid_lon": 47.9427, "centroid_lat": 29.2564}}, {"type": "Feature", "geometry": {"type": "Point", "coordinates": [-88.5814, 13.4823]}, "properties": {"region_id": "SLV-1", "region_name": "Usulut\u00e1n", "country_iso": "SLV", "region_index": 0, "resource": "None", "is_capital": true, "region_color": "#0f766e", "base_color": "#0f766e", "centroid_lon": -88.5814, "centroid_lat": 13.4823}}, {"type": "Feature", "geometry": {"type": "Point", "coordinates": [-89.4342, 13.9361]}, "properties": {"region_id": "SLV-2", "region_name": "Santa Ana", "country_iso": "SLV", "region_index": 1, "resource": "None", "is_capital": false, "region_color": "#43948d", "base_color": "#0f766e", "centroid_lon": -89.4342, "centroid_lat": 13.9361}}, {"type": "Feature", "geometry": {"type": "Point", "coordinates": [-89.7952, 13.7676]}, "properties": {"region_id": "SLV-3", "region_name": "Sonsonate", "country_iso": "SLV", "region_index": 2, "resource": "None", "is_capital": false, "region_color": "#0c605a", "base_color": "#0f766e", "centroid_lon": -89.7952, "centroid_lat": 13.7676}}, {"type": "Feature", "geometry": {"type": "Point", "coordinates": [-88.0841, 13.5909]}, "properties": {"region_id": "SLV-4", "region_name": "San Miguel", "country_iso": "SLV", "region_index": 3, "resource": "None", "is_capital": false, "region_color": "#2b867f", "base_color": "#0f766e", "centroid_lon": -88.0841, "centroid_lat": 13.5909}}, {"type": "Feature", "geometry": {"type": "Point", "coordinates": [-88.712, 13.8745]}, "properties": {"region_id": "SLV-5", "region_name": "Caba\u00f1as", "country_iso": "SLV", "region_index": 4, "resource": "None", "is_capital": false, "region_color": "#0a544f", "base_color": "#0f766e", "centroid_lon": -88.712, "centroid_lat": 13.8745}}, {"type": "Feature", "geometry": {"type": "Point", "coordinates": [-89.0474, 13.6338]}, "properties": {"region_id": "SLV-6", "region_name": "La Paz", "country_iso": "SLV", "region_index": 5, "resource": "None", "is_capital": false, "region_color": "#579f99", "base_color": "#0f766e", "centroid_lon": -89.0474, "centroid_lat": 13.6338}}, {"type": "Feature", "geometry": {"type": "Point", "coordinates": [-89.0554, 14.0708]}, "properties": {"region_id": "SLV-7", "region_name": "Chalatenango", "country_iso": "SLV", "region_index": 6, "resource": "None", "is_capital": false, "region_color": "#0d6760", "base_color": "#0f766e", "centroid_lon": -89.0554, "centroid_lat": 14.0708}}, {"type": "Feature", "geometry": {"type": "Point", "coordinates": [-90.8495, 14.4088]}, "properties": {"region_id": "GTM-1", "region_name": "Escuintla", "country_iso": "GTM", "region_index": 0, "resource": "None", "is_capital": true, "region_color": "#0369a1", "base_color": "#0369a1", "centroid_lon": -90.8495, "centroid_lat": 14.4088}}, {"type": "Feature", "geometry": {"type": "Point", "coordinates": [-91.6658, 14.7515]}, "properties": {"region_id": "GTM-2", "region_name": "San Marcos", "country_iso": "GTM", "region_index": 1, "resource": "None", "is_capital": false, "region_color": "#3a8ab5", "base_color": "#0369a1", "centroid_lon": -91.6658, "centroid_lat": 14.7515}}, {"type": "Feature", "geometry": {"type": "Point", "coordinates": [-90.0677, 14.2942]}, "properties": {"region_id": "GTM-3", "region_name": "Jutiapa", "country_iso": "GTM", "region_index": 2, "resource": "None", "is_capital": false, "region_color": "#025684", "base_color": "#0369a1", "centroid_lon": -90.0677, "centroid_lat": 14.2942}}, {"type": "Feature", "geometry": {"type": "Point", "coordinates": [-89.1996, 15.3024]}, "properties": {"region_id": "GTM-4", "region_name": "Izabal", "country_iso": "GTM", "region_index": 3, "resource": "None", "is_capital": false, "region_color": "#217bac", "base_color": "#0369a1", "centroid_lon": -89.1996, "centroid_lat": 15.3024}}, {"type": "Feature", "geometry": {"type": "Point", "coordinates": [-90.0227, 16.9687]}, "properties": {"region_id": "GTM-5", "region_name": "Pet\u00e9n", "country_iso": "GTM", "region_index": 4, "resource": "None", "is_capital": false, "region_color": "#024b73", "base_color": "#0369a1", "centroid_lon": -90.0227, "centroid_lat": 16.9687}}, {"type": "Feature", "geometry": {"type": "Point", "coordinates": [-90.1797, 15.4473]}, "properties": {"region_id": "GTM-6", "region_name": "Alta Verapaz", "country_iso": "GTM", "region_index": 5, "resource": "None", "is_capital": false, "region_color": "#4e96bd", "base_color": "#0369a1", "centroid_lon": -90.1797, "centroid_lat": 15.4473}}, {"type": "Feature", "geometry": {"type": "Point", "coordinates": [-91.2651, 15.5578]}, "properties": {"region_id": "GTM-7", "region_name": "Huehuetenango", "country_iso": "GTM", "region_index": 6, "resource": "None", "is_capital": false, "region_color": "#025c8d", "base_color": "#0369a1", "centroid_lon": -91.2651, "centroid_lat": 15.5578}}, {"type": "Feature", "geometry": {"type": "Point", "coordinates": [125.4349, -8.5749]}, "properties": {"region_id": "TLS-1", "region_name": "Liquica", "country_iso": "TLS", "region_index": 0, "resource": "None", "is_capital": true, "region_color": "#7c3aed", "base_color": "#7c3aed", "centroid_lon": 125.4349, "centroid_lat": -8.5749}}, {"type": "Feature", "geometry": {"type": "Point", "coordinates": [125.1943, -9.0995]}, "properties": {"region_id": "TLS-2", "region_name": "Bobonaro", "country_iso": "TLS", "region_index": 1, "resource": "None", "is_capital": false, "region_color": "#9865f0", "base_color": "#7c3aed", "centroid_lon": 125.1943, "centroid_lat": -9.0995}}, {"type": "Feature", "geometry": {"type": "Point", "coordinates": [124.258, -9.3317]}, "properties": {"region_id": "TLS-3", "region_name": "Ambeno", "country_iso": "TLS", "region_index": 2, "resource": "None", "is_capital": false, "region_color": "#652fc2", "base_color": "#7c3aed", "centroid_lon": 124.258, "centroid_lat": -9.3317}}, {"type": "Feature", "geometry": {"type": "Point", "coordinates": [125.8859, -8.8294]}, "properties": {"region_id": "TLS-4", "region_name": "Manatuto", "country_iso": "TLS", "region_index": 3, "resource": "None", "is_capital": false, "region_color": "#8b51ef", "base_color": "#7c3aed", "centroid_lon": 125.8859, "centroid_lat": -8.8294}}, {"type": "Feature", "geometry": {"type": "Point", "coordinates": [125.5477, -9.0158]}, "properties": {"region_id": "TLS-5", "region_name": "Ainaro", "country_iso": "TLS", "region_index": 4, "resource": "None", "is_capital": false, "region_color": "#5929aa", "base_color": "#7c3aed", "centroid_lon": 125.5477, "centroid_lat": -9.0158}}, {"type": "Feature", "geometry": {"type": "Point", "coordinates": [126.5942, -8.6331]}, "properties": {"region_id": "TLS-6", "region_name": "Viqueque", "country_iso": "TLS", "region_index": 5, "resource": "None", "is_capital": false, "region_color": "#a375f2", "base_color": "#7c3aed", "centroid_lon": 126.5942, "centroid_lat": -8.6331}}, {"type": "Feature", "geometry": {"type": "Point", "coordinates": [125.4843, -8.7728]}, "properties": {"region_id": "TLS-7", "region_name": "Aileu", "country_iso": "TLS", "region_index": 6, "resource": "None", "is_capital": false, "region_color": "#6d33d0", "base_color": "#7c3aed", "centroid_lon": 125.4843, "centroid_lat": -8.7728}}, {"type": "Feature", "geometry": {"type": "Point", "coordinates": [115.1735, 4.5941]}, "properties": {"region_id": "BRN-1", "region_name": "Temburong", "country_iso": "BRN", "region_index": 0, "resource": "None", "is_capital": true, "region_color": "#b91c1c", "base_color": "#b91c1c", "centroid_lon": 115.1735, "centroid_lat": 4.5941}}, {"type": "Feature", "geometry": {"type": "Point", "coordinates": [114.8923, 4.8829]}, "properties": {"region_id": "BRN-2", "region_name": "Brunei and Muara", "country_iso": "BRN", "region_index": 1, "resource": "None", "is_capital": false, "region_color": "#c84d4d", "base_color": "#b91c1c", "centroid_lon": 114.8923, "centroid_lat": 4.8829}}, {"type": "Feature", "geometry": {"type": "Point", "coordinates": [114.7041, 4.6114]}, "properties": {"region_id": "BRN-3", "region_name": "Tutong", "country_iso": "BRN", "region_index": 2, "resource": "None", "is_capital": false, "region_color": "#971616", "base_color": "#b91c1c", "centroid_lon": 114.7041, "centroid_lat": 4.6114}}, {"type": "Feature", "geometry": {"type": "Point", "coordinates": [114.4741, 4.383]}, "properties": {"region_id": "BRN-4", "region_name": "Belait", "country_iso": "BRN", "region_index": 3, "resource": "None", "is_capital": false, "region_color": "#c13737", "base_color": "#b91c1c", "centroid_lon": 114.4741, "centroid_lat": 4.383}}, {"type": "Feature", "geometry": {"type": "Point", "coordinates": [7.392, 43.7373]}, "properties": {"region_id": "MCO-1", "region_name": "Monaco", "country_iso": "MCO", "region_index": 0, "resource": "None", "is_capital": true, "region_color": "#be123c", "base_color": "#be123c", "centroid_lon": 7.392, "centroid_lat": 43.7373}}, {"type": "Feature", "geometry": {"type": "Point", "coordinates": [5.6159, 31.1414]}, "properties": {"region_id": "DZA-1", "region_name": "Ouargla", "country_iso": "DZA", "region_index": 0, "resource": "None", "is_capital": true, "region_color": "#be123c", "base_color": "#be123c", "centroid_lon": 5.6159, "centroid_lat": 31.1414}}, {"type": "Feature", "geometry": {"type": "Point", "coordinates": [7.4032, 35.7009]}, "properties": {"region_id": "DZA-2", "region_name": "T\u00e9bessa", "country_iso": "DZA", "region_index": 1, "resource": "None", "is_capital": false, "region_color": "#cc4666", "base_color": "#be123c", "centroid_lon": 7.4032, "centroid_lat": 35.7009}}, {"type": "Feature", "geometry": {"type": "Point", "coordinates": [3.5334, 25.0544]}, "properties": {"region_id": "DZA-3", "region_name": "Tamanghasset", "country_iso": "DZA", "region_index": 2, "resource": "None", "is_capital": false, "region_color": "#9b0e31", "base_color": "#be123c", "centroid_lon": 3.5334, "centroid_lat": 25.0544}}, {"type": "Feature", "geometry": {"type": "Point", "coordinates": [0.3642, 33.757]}, "properties": {"region_id": "DZA-4", "region_name": "El Bayadh", "country_iso": "DZA", "region_index": 3, "resource": "None", "is_capital": false, "region_color": "#c52e53", "base_color": "#be123c", "centroid_lon": 0.3642, "centroid_lat": 33.757}}, {"type": "Feature", "geometry": {"type": "Point", "coordinates": [3.2934, 34.8153]}, "properties": {"region_id": "DZA-5", "region_name": "Djelfa", "country_iso": "DZA", "region_index": 4, "resource": "None", "is_capital": false, "region_color": "#880c2b", "base_color": "#be123c", "centroid_lon": 3.2934, "centroid_lat": 34.8153}}, {"type": "Feature", "geometry": {"type": "Point", "coordinates": [5.4857, 35.4092]}, "properties": {"region_id": "DZA-6", "region_name": "Biskra", "country_iso": "DZA", "region_index": 5, "resource": "None", "is_capital": false, "region_color": "#d15976", "base_color": "#be123c", "centroid_lon": 5.4857, "centroid_lat": 35.4092}}, {"type": "Feature", "geometry": {"type": "Point", "coordinates": [-4.2307, 28.9534]}, "properties": {"region_id": "DZA-7", "region_name": "B\u00e9char", "country_iso": "DZA", "region_index": 6, "resource": "None", "is_capital": false, "region_color": "#a70f34", "base_color": "#be123c", "centroid_lon": -4.2307, "centroid_lat": 28.9534}}, {"type": "Feature", "geometry": {"type": "Point", "coordinates": [39.2508, -14.9676]}, "properties": {"region_id": "MOZ-1", "region_name": "Nampula", "country_iso": "MOZ", "region_index": 0, "resource": "None", "is_capital": true, "region_color": "#be185d", "base_color": "#be185d", "centroid_lon": 39.2508, "centroid_lat": -14.9676}}, {"type": "Feature", "geometry": {"type": "Point", "coordinates": [37.5535, -12.8446]}, "properties": {"region_id": "MOZ-2", "region_name": "Niassa", "country_iso": "MOZ", "region_index": 1, "resource": "None", "is_capital": false, "region_color": "#cc4a80", "base_color": "#be185d", "centroid_lon": 37.5535, "centroid_lat": -12.8446}}, {"type": "Feature", "geometry": {"type": "Point", "coordinates": [32.4458, -25.5355]}, "properties": {"region_id": "MOZ-3", "region_name": "Maputo", "country_iso": "MOZ", "region_index": 2, "resource": "None", "is_capital": false, "region_color": "#9b134c", "base_color": "#be185d", "centroid_lon": 32.4458, "centroid_lat": -25.5355}}, {"type": "Feature", "geometry": {"type": "Point", "coordinates": [32.7375, -15.5201]}, "properties": {"region_id": "MOZ-4", "region_name": "Tete", "country_iso": "MOZ", "region_index": 3, "resource": "None", "is_capital": false, "region_color": "#c53370", "base_color": "#be185d", "centroid_lon": 32.7375, "centroid_lat": -15.5201}}, {"type": "Feature", "geometry": {"type": "Point", "coordinates": [34.0631, -19.0501]}, "properties": {"region_id": "MOZ-5", "region_name": "Sofala", "country_iso": "MOZ", "region_index": 4, "resource": "None", "is_capital": false, "region_color": "#881142", "base_color": "#be185d", "centroid_lon": 34.0631, "centroid_lat": -19.0501}}, {"type": "Feature", "geometry": {"type": "Point", "coordinates": [36.9781, -16.6531]}, "properties": {"region_id": "MOZ-6", "region_name": "Zambezia", "country_iso": "MOZ", "region_index": 5, "resource": "None", "is_capital": false, "region_color": "#d15d8d", "base_color": "#be185d", "centroid_lon": 36.9781, "centroid_lat": -16.6531}}, {"type": "Feature", "geometry": {"type": "Point", "coordinates": [33.5943, -23.085]}, "properties": {"region_id": "MOZ-7", "region_name": "Gaza", "country_iso": "MOZ", "region_index": 6, "resource": "None", "is_capital": false, "region_color": "#a71551", "base_color": "#be185d", "centroid_lon": 33.5943, "centroid_lat": -23.085}}, {"type": "Feature", "geometry": {"type": "Point", "coordinates": [31.833, -26.5484]}, "properties": {"region_id": "SWZ-1", "region_name": "Lubombo", "country_iso": "SWZ", "region_index": 0, "resource": "None", "is_capital": true, "region_color": "#0f766e", "base_color": "#0f766e", "centroid_lon": 31.833, "centroid_lat": -26.5484}}, {"type": "Feature", "geometry": {"type": "Point", "coordinates": [31.3095, -26.0897]}, "properties": {"region_id": "SWZ-2", "region_name": "Hhohho", "country_iso": "SWZ", "region_index": 1, "resource": "None", "is_capital": false, "region_color": "#43948d", "base_color": "#0f766e", "centroid_lon": 31.3095, "centroid_lat": -26.0897}}, {"type": "Feature", "geometry": {"type": "Point", "coordinates": [31.2233, -26.5466]}, "properties": {"region_id": "SWZ-3", "region_name": "Manzini", "country_iso": "SWZ", "region_index": 2, "resource": "None", "is_capital": false, "region_color": "#0c605a", "base_color": "#0f766e", "centroid_lon": 31.2233, "centroid_lat": -26.5466}}, {"type": "Feature", "geometry": {"type": "Point", "coordinates": [31.411, -27.0529]}, "properties": {"region_id": "SWZ-4", "region_name": "Shiselweni", "country_iso": "SWZ", "region_index": 3, "resource": "None", "is_capital": false, "region_color": "#2b867f", "base_color": "#0f766e", "centroid_lon": 31.411, "centroid_lat": -27.0529}}, {"type": "Feature", "geometry": {"type": "Point", "coordinates": [29.2188, -2.8283]}, "properties": {"region_id": "BDI-1", "region_name": "Cibitoke", "country_iso": "BDI", "region_index": 0, "resource": "None", "is_capital": true, "region_color": "#a16207", "base_color": "#a16207", "centroid_lon": 29.2188, "centroid_lat": -2.8283}}, {"type": "Feature", "geometry": {"type": "Point", "coordinates": [30.3605, -2.8187]}, "properties": {"region_id": "BDI-2", "region_name": "Kirundo", "country_iso": "BDI", "region_index": 1, "resource": "None", "is_capital": false, "region_color": "#b5843d", "base_color": "#a16207", "centroid_lon": 30.3605, "centroid_lat": -2.8187}}, {"type": "Feature", "geometry": {"type": "Point", "coordinates": [29.4818, -3.4988]}, "properties": {"region_id": "BDI-3", "region_name": "Bujumbura Rural", "country_iso": "BDI", "region_index": 2, "resource": "None", "is_capital": false, "region_color": "#845005", "base_color": "#a16207", "centroid_lon": 29.4818, "centroid_lat": -3.4988}}, {"type": "Feature", "geometry": {"type": "Point", "coordinates": [29.5741, -3.1218]}, "properties": {"region_id": "BDI-4", "region_name": "Bubanza", "country_iso": "BDI", "region_index": 3, "resource": "None", "is_capital": false, "region_color": "#ac7424", "base_color": "#a16207", "centroid_lon": 29.5741, "centroid_lat": -3.1218}}, {"type": "Feature", "geometry": {"type": "Point", "coordinates": [30.1227, -3.3799]}, "properties": {"region_id": "BDI-5", "region_name": "Ruyigi", "country_iso": "BDI", "region_index": 4, "resource": "None", "is_capital": false, "region_color": "#734605", "base_color": "#a16207", "centroid_lon": 30.1227, "centroid_lat": -3.3799}}, {"type": "Feature", "geometry": {"type": "Point", "coordinates": [29.7239, -4.0038]}, "properties": {"region_id": "BDI-6", "region_name": "Bururi", "country_iso": "BDI", "region_index": 5, "resource": "None", "is_capital": false, "region_color": "#bd9151", "base_color": "#a16207", "centroid_lon": 29.7239, "centroid_lat": -4.0038}}, {"type": "Feature", "geometry": {"type": "Point", "coordinates": [29.9125, -2.8552]}, "properties": {"region_id": "BDI-7", "region_name": "Ngozi", "country_iso": "BDI", "region_index": 6, "resource": "None", "is_capital": false, "region_color": "#8d5606", "base_color": "#a16207", "centroid_lon": 29.9125, "centroid_lat": -2.8552}}, {"type": "Feature", "geometry": {"type": "Point", "coordinates": [30.4577, -1.8219]}, "properties": {"region_id": "RWA-1", "region_name": "Eastern", "country_iso": "RWA", "region_index": 0, "resource": "None", "is_capital": true, "region_color": "#9f1239", "base_color": "#9f1239", "centroid_lon": 30.4577, "centroid_lat": -1.8219}}, {"type": "Feature", "geometry": {"type": "Point", "coordinates": [29.6574, -2.3527]}, "properties": {"region_id": "RWA-2", "region_name": "Southern", "country_iso": "RWA", "region_index": 1, "resource": "None", "is_capital": false, "region_color": "#b44664", "base_color": "#9f1239", "centroid_lon": 29.6574, "centroid_lat": -2.3527}}, {"type": "Feature", "geometry": {"type": "Point", "coordinates": [29.3069, -2.0913]}, "properties": {"region_id": "RWA-3", "region_name": "Western", "country_iso": "RWA", "region_index": 2, "resource": "None", "is_capital": false, "region_color": "#820e2e", "base_color": "#9f1239", "centroid_lon": 29.3069, "centroid_lat": -2.0913}}, {"type": "Feature", "geometry": {"type": "Point", "coordinates": [29.8845, -1.6176]}, "properties": {"region_id": "RWA-4", "region_name": "Northern", "country_iso": "RWA", "region_index": 3, "resource": "None", "is_capital": false, "region_color": "#aa2e50", "base_color": "#9f1239", "centroid_lon": 29.8845, "centroid_lat": -1.6176}}, {"type": "Feature", "geometry": {"type": "Point", "coordinates": [30.1196, -1.9354]}, "properties": {"region_id": "RWA-5", "region_name": "Kigali City", "country_iso": "RWA", "region_index": 4, "resource": "None", "is_capital": false, "region_color": "#720c29", "base_color": "#9f1239", "centroid_lon": 30.1196, "centroid_lat": -1.9354}}, {"type": "Feature", "geometry": {"type": "Point", "coordinates": [98.2241, 14.9252]}, "properties": {"region_id": "MMR-1", "region_name": "Tanintharyi", "country_iso": "MMR", "region_index": 0, "resource": "None", "is_capital": true, "region_color": "#6d28d9", "base_color": "#6d28d9", "centroid_lon": 98.2241, "centroid_lat": 14.9252}}, {"type": "Feature", "geometry": {"type": "Point", "coordinates": [93.5096, 22.1503]}, "properties": {"region_id": "MMR-2", "region_name": "Chin", "country_iso": "MMR", "region_index": 1, "resource": "None", "is_capital": false, "region_color": "#8d57e1", "base_color": "#6d28d9", "centroid_lon": 93.5096, "centroid_lat": 22.1503}}, {"type": "Feature", "geometry": {"type": "Point", "coordinates": [94.3768, 20.107]}, "properties": {"region_id": "MMR-3", "region_name": "Magway", "country_iso": "MMR", "region_index": 2, "resource": "None", "is_capital": false, "region_color": "#5920b1", "base_color": "#6d28d9", "centroid_lon": 94.3768, "centroid_lat": 20.107}}, {"type": "Feature", "geometry": {"type": "Point", "coordinates": [97.6917, 21.4839]}, "properties": {"region_id": "MMR-4", "region_name": "Shan", "country_iso": "MMR", "region_index": 3, "resource": "None", "is_capital": false, "region_color": "#7e41dd", "base_color": "#6d28d9", "centroid_lon": 97.6917, "centroid_lat": 21.4839}}, {"type": "Feature", "geometry": {"type": "Point", "coordinates": [95.3263, 24.1475]}, "properties": {"region_id": "MMR-5", "region_name": "Sagaing", "country_iso": "MMR", "region_index": 4, "resource": "None", "is_capital": false, "region_color": "#4e1c9c", "base_color": "#6d28d9", "centroid_lon": 95.3263, "centroid_lat": 24.1475}}, {"type": "Feature", "geometry": {"type": "Point", "coordinates": [95.7522, 17.546]}, "properties": {"region_id": "MMR-6", "region_name": "Bago", "country_iso": "MMR", "region_index": 5, "resource": "None", "is_capital": false, "region_color": "#9868e4", "base_color": "#6d28d9", "centroid_lon": 95.7522, "centroid_lat": 17.546}}, {"type": "Feature", "geometry": {"type": "Point", "coordinates": [97.3327, 26.0871]}, "properties": {"region_id": "MMR-7", "region_name": "Kachin", "country_iso": "MMR", "region_index": 6, "resource": "None", "is_capital": false, "region_color": "#5f23be", "base_color": "#6d28d9", "centroid_lon": 97.3327, "centroid_lat": 26.0871}}, {"type": "Feature", "geometry": {"type": "Point", "coordinates": [91.7392, 22.7219]}, "properties": {"region_id": "BGD-1", "region_name": "Chittagong", "country_iso": "BGD", "region_index": 0, "resource": "None", "is_capital": true, "region_color": "#166534", "base_color": "#166534", "centroid_lon": 91.7392, "centroid_lat": 22.7219}}, {"type": "Feature", "geometry": {"type": "Point", "coordinates": [91.6421, 24.7276]}, "properties": {"region_id": "BGD-2", "region_name": "Sylhet", "country_iso": "BGD", "region_index": 1, "resource": "None", "is_capital": false, "region_color": "#498660", "base_color": "#166534", "centroid_lon": 91.6421, "centroid_lat": 24.7276}}, {"type": "Feature", "geometry": {"type": "Point", "coordinates": [90.2894, 24.1703]}, "properties": {"region_id": "BGD-3", "region_name": "Dhaka", "country_iso": "BGD", "region_index": 2, "resource": "None", "is_capital": false, "region_color": "#12522a", "base_color": "#166534", "centroid_lon": 90.2894, "centroid_lat": 24.1703}}, {"type": "Feature", "geometry": {"type": "Point", "coordinates": [89.0166, 25.7989]}, "properties": {"region_id": "BGD-4", "region_name": "Rangpur", "country_iso": "BGD", "region_index": 3, "resource": "None", "is_capital": false, "region_color": "#31774c", "base_color": "#166534", "centroid_lon": 89.0166, "centroid_lat": 25.7989}}, {"type": "Feature", "geometry": {"type": "Point", "coordinates": [89.0538, 24.6097]}, "properties": {"region_id": "BGD-5", "region_name": "Rajshahi", "country_iso": "BGD", "region_index": 4, "resource": "None", "is_capital": false, "region_color": "#0f4825", "base_color": "#166534", "centroid_lon": 89.0538, "centroid_lat": 24.6097}}, {"type": "Feature", "geometry": {"type": "Point", "coordinates": [89.2828, 22.9108]}, "properties": {"region_id": "BGD-6", "region_name": "Khulna", "country_iso": "BGD", "region_index": 5, "resource": "None", "is_capital": false, "region_color": "#5b9370", "base_color": "#166534", "centroid_lon": 89.2828, "centroid_lat": 22.9108}}, {"type": "Feature", "geometry": {"type": "Point", "coordinates": [90.319, 22.4663]}, "properties": {"region_id": "BGD-7", "region_name": "Barisal", "country_iso": "BGD", "region_index": 6, "resource": "None", "is_capital": false, "region_color": "#13582d", "base_color": "#166534", "centroid_lon": 90.319, "centroid_lat": 22.4663}}, {"type": "Feature", "geometry": {"type": "Point", "coordinates": [1.5092, 42.6113]}, "properties": {"region_id": "AND-1", "region_name": "Ordino", "country_iso": "AND", "region_index": 0, "resource": "None", "is_capital": true, "region_color": "#b91c1c", "base_color": "#b91c1c", "centroid_lon": 1.5092, "centroid_lat": 42.6113}}, {"type": "Feature", "geometry": {"type": "Point", "coordinates": [1.6809, 42.5786]}, "properties": {"region_id": "AND-2", "region_name": "Canillo", "country_iso": "AND", "region_index": 1, "resource": "None", "is_capital": false, "region_color": "#c84d4d", "base_color": "#b91c1c", "centroid_lon": 1.6809, "centroid_lat": 42.5786}}, {"type": "Feature", "geometry": {"type": "Point", "coordinates": [1.6375, 42.5426]}, "properties": {"region_id": "AND-3", "region_name": "Encamp", "country_iso": "AND", "region_index": 2, "resource": "None", "is_capital": false, "region_color": "#971616", "base_color": "#b91c1c", "centroid_lon": 1.6375, "centroid_lat": 42.5426}}, {"type": "Feature", "geometry": {"type": "Point", "coordinates": [1.4866, 42.5503]}, "properties": {"region_id": "AND-4", "region_name": "La Massana", "country_iso": "AND", "region_index": 3, "resource": "None", "is_capital": false, "region_color": "#c13737", "base_color": "#b91c1c", "centroid_lon": 1.4866, "centroid_lat": 42.5503}}, {"type": "Feature", "geometry": {"type": "Point", "coordinates": [1.473, 42.4708]}, "properties": {"region_id": "AND-5", "region_name": "Sant Juli\u00e0 de L\u00f2ria", "country_iso": "AND", "region_index": 4, "resource": "None", "is_capital": false, "region_color": "#851414", "base_color": "#b91c1c", "centroid_lon": 1.473, "centroid_lat": 42.4708}}, {"type": "Feature", "geometry": {"type": "Point", "coordinates": [1.5756, 42.4952]}, "properties": {"region_id": "AND-6", "region_name": "Escaldes-Engordany", "country_iso": "AND", "region_index": 5, "resource": "None", "is_capital": false, "region_color": "#ce6060", "base_color": "#b91c1c", "centroid_lon": 1.5756, "centroid_lat": 42.4952}}, {"type": "Feature", "geometry": {"type": "Point", "coordinates": [1.5157, 42.5144]}, "properties": {"region_id": "AND-7", "region_name": "Andorra la Vella", "country_iso": "AND", "region_index": 6, "resource": "None", "is_capital": false, "region_color": "#a21818", "base_color": "#b91c1c", "centroid_lon": 1.5157, "centroid_lat": 42.5144}}, {"type": "Feature", "geometry": {"type": "Point", "coordinates": [62.2056, 33.4516]}, "properties": {"region_id": "AFG-1", "region_name": "Hirat", "country_iso": "AFG", "region_index": 0, "resource": "None", "is_capital": true, "region_color": "#6d28d9", "base_color": "#6d28d9", "centroid_lon": 62.2056, "centroid_lat": 33.4516}}, {"type": "Feature", "geometry": {"type": "Point", "coordinates": [70.3897, 36.7027]}, "properties": {"region_id": "AFG-2", "region_name": "Badakhshan", "country_iso": "AFG", "region_index": 1, "resource": "None", "is_capital": false, "region_color": "#8d57e1", "base_color": "#6d28d9", "centroid_lon": 70.3897, "centroid_lat": 36.7027}}, {"type": "Feature", "geometry": {"type": "Point", "coordinates": [64.1519, 31.0122]}, "properties": {"region_id": "AFG-3", "region_name": "Hilmand", "country_iso": "AFG", "region_index": 2, "resource": "None", "is_capital": false, "region_color": "#5920b1", "base_color": "#6d28d9", "centroid_lon": 64.1519, "centroid_lat": 31.0122}}, {"type": "Feature", "geometry": {"type": "Point", "coordinates": [67.3818, 33.3584]}, "properties": {"region_id": "AFG-4", "region_name": "Ghazni", "country_iso": "AFG", "region_index": 3, "resource": "None", "is_capital": false, "region_color": "#7e41dd", "base_color": "#6d28d9", "centroid_lon": 67.3818, "centroid_lat": 33.3584}}, {"type": "Feature", "geometry": {"type": "Point", "coordinates": [64.474, 34.5303]}, "properties": {"region_id": "AFG-5", "region_name": "Ghor", "country_iso": "AFG", "region_index": 4, "resource": "None", "is_capital": false, "region_color": "#4e1c9c", "base_color": "#6d28d9", "centroid_lon": 64.474, "centroid_lat": 34.5303}}, {"type": "Feature", "geometry": {"type": "Point", "coordinates": [66.2145, 36.2265]}, "properties": {"region_id": "AFG-6", "region_name": "Faryab", "country_iso": "AFG", "region_index": 5, "resource": "None", "is_capital": false, "region_color": "#9868e4", "base_color": "#6d28d9", "centroid_lon": 66.2145, "centroid_lat": 36.2265}}, {"type": "Feature", "geometry": {"type": "Point", "coordinates": [69.9564, 34.5971]}, "properties": {"region_id": "AFG-7", "region_name": "Nuristan", "country_iso": "AFG", "region_index": 6, "resource": "None", "is_capital": false, "region_color": "#5f23be", "base_color": "#6d28d9", "centroid_lon": 69.9564, "centroid_lat": 34.5971}}, {"type": "Feature", "geometry": {"type": "Point", "coordinates": [19.2453, 42.384]}, "properties": {"region_id": "MNE-1", "region_name": "Podgorica", "country_iso": "MNE", "region_index": 0, "resource": "None", "is_capital": true, "region_color": "#0891b2", "base_color": "#0891b2", "centroid_lon": 19.2453, "centroid_lat": 42.384}}, {"type": "Feature", "geometry": {"type": "Point", "coordinates": [19.8558, 42.636]}, "properties": {"region_id": "MNE-2", "region_name": "Plav", "country_iso": "MNE", "region_index": 1, "resource": "None", "is_capital": false, "region_color": "#3ea9c2", "base_color": "#0891b2", "centroid_lon": 19.8558, "centroid_lat": 42.636}}, {"type": "Feature", "geometry": {"type": "Point", "coordinates": [18.7979, 42.4813]}, "properties": {"region_id": "MNE-3", "region_name": "Cetinje", "country_iso": "MNE", "region_index": 2, "resource": "None", "is_capital": false, "region_color": "#067691", "base_color": "#0891b2", "centroid_lon": 18.7979, "centroid_lat": 42.4813}}, {"type": "Feature", "geometry": {"type": "Point", "coordinates": [18.8018, 42.8211]}, "properties": {"region_id": "MNE-4", "region_name": "Nik\u0161ic", "country_iso": "MNE", "region_index": 3, "resource": "None", "is_capital": false, "region_color": "#259ebb", "base_color": "#0891b2", "centroid_lon": 18.8018, "centroid_lat": 42.8211}}, {"type": "Feature", "geometry": {"type": "Point", "coordinates": [19.1033, 43.1683]}, "properties": {"region_id": "MNE-5", "region_name": "Pljevlja", "country_iso": "MNE", "region_index": 4, "resource": "None", "is_capital": false, "region_color": "#056880", "base_color": "#0891b2", "centroid_lon": 19.1033, "centroid_lat": 43.1683}}, {"type": "Feature", "geometry": {"type": "Point", "coordinates": [19.5698, 42.9387]}, "properties": {"region_id": "MNE-6", "region_name": "Kola\u0161in", "country_iso": "MNE", "region_index": 5, "resource": "None", "is_capital": false, "region_color": "#52b2c9", "base_color": "#0891b2", "centroid_lon": 19.5698, "centroid_lat": 42.9387}}, {"type": "Feature", "geometry": {"type": "Point", "coordinates": [20.0175, 42.8526]}, "properties": {"region_id": "MNE-7", "region_name": "Berane", "country_iso": "MNE", "region_index": 6, "resource": "None", "is_capital": false, "region_color": "#077f9c", "base_color": "#0891b2", "centroid_lon": 20.0175, "centroid_lat": 42.8526}}, {"type": "Feature", "geometry": {"type": "Point", "coordinates": [16.9546, 44.4843]}, "properties": {"region_id": "BIH-1", "region_name": "Banja Luka", "country_iso": "BIH", "region_index": 0, "resource": "None", "is_capital": true, "region_color": "#b91c1c", "base_color": "#b91c1c", "centroid_lon": 16.9546, "centroid_lat": 44.4843}}, {"type": "Feature", "geometry": {"type": "Point", "coordinates": [17.9631, 43.2569]}, "properties": {"region_id": "BIH-2", "region_name": "Herzegovina-Neretva", "country_iso": "BIH", "region_index": 1, "resource": "None", "is_capital": false, "region_color": "#c84d4d", "base_color": "#b91c1c", "centroid_lon": 17.9631, "centroid_lat": 43.2569}}, {"type": "Feature", "geometry": {"type": "Point", "coordinates": [19.0416, 44.7526]}, "properties": {"region_id": "BIH-3", "region_name": "Bijeljina", "country_iso": "BIH", "region_index": 2, "resource": "None", "is_capital": false, "region_color": "#971616", "base_color": "#b91c1c", "centroid_lon": 19.0416, "centroid_lat": 44.7526}}, {"type": "Feature", "geometry": {"type": "Point", "coordinates": [18.6101, 43.863]}, "properties": {"region_id": "BIH-4", "region_name": "Sarajevo-romanija", "country_iso": "BIH", "region_index": 3, "resource": "None", "is_capital": false, "region_color": "#c13737", "base_color": "#b91c1c", "centroid_lon": 18.6101, "centroid_lat": 43.863}}, {"type": "Feature", "geometry": {"type": "Point", "coordinates": [18.2932, 44.5734]}, "properties": {"region_id": "BIH-5", "region_name": "Zenica-Doboj", "country_iso": "BIH", "region_index": 4, "resource": "None", "is_capital": false, "region_color": "#851414", "base_color": "#b91c1c", "centroid_lon": 18.2932, "centroid_lat": 44.5734}}, {"type": "Feature", "geometry": {"type": "Point", "coordinates": [18.8717, 43.5543]}, "properties": {"region_id": "BIH-6", "region_name": "Fo\u010da", "country_iso": "BIH", "region_index": 5, "resource": "None", "is_capital": false, "region_color": "#ce6060", "base_color": "#b91c1c", "centroid_lon": 18.8717, "centroid_lat": 43.5543}}, {"type": "Feature", "geometry": {"type": "Point", "coordinates": [19.0901, 44.2059]}, "properties": {"region_id": "BIH-7", "region_name": "Vlasenica", "country_iso": "BIH", "region_index": 6, "resource": "None", "is_capital": false, "region_color": "#a21818", "base_color": "#b91c1c", "centroid_lon": 19.0901, "centroid_lat": 44.2059}}, {"type": "Feature", "geometry": {"type": "Point", "coordinates": [33.5304, 2.6157]}, "properties": {"region_id": "UGA-1", "region_name": "Kaabong", "country_iso": "UGA", "region_index": 0, "resource": "None", "is_capital": true, "region_color": "#6d28d9", "base_color": "#6d28d9", "centroid_lon": 33.5304, "centroid_lat": 2.6157}}, {"type": "Feature", "geometry": {"type": "Point", "coordinates": [31.8842, 3.2301]}, "properties": {"region_id": "UGA-2", "region_name": "Lamwo", "country_iso": "UGA", "region_index": 1, "resource": "None", "is_capital": false, "region_color": "#8d57e1", "base_color": "#6d28d9", "centroid_lon": 31.8842, "centroid_lat": 3.2301}}, {"type": "Feature", "geometry": {"type": "Point", "coordinates": [30.2132, -0.7473]}, "properties": {"region_id": "UGA-3", "region_name": "Isingiro", "country_iso": "UGA", "region_index": 2, "resource": "None", "is_capital": false, "region_color": "#5920b1", "base_color": "#6d28d9", "centroid_lon": 30.2132, "centroid_lat": -0.7473}}, {"type": "Feature", "geometry": {"type": "Point", "coordinates": [33.8786, 0.8613]}, "properties": {"region_id": "UGA-4", "region_name": "Namayingo", "country_iso": "UGA", "region_index": 3, "resource": "None", "is_capital": false, "region_color": "#7e41dd", "base_color": "#6d28d9", "centroid_lon": 33.8786, "centroid_lat": 0.8613}}, {"type": "Feature", "geometry": {"type": "Point", "coordinates": [30.8227, 0.1819]}, "properties": {"region_id": "UGA-5", "region_name": "Kibale", "country_iso": "UGA", "region_index": 4, "resource": "None", "is_capital": false, "region_color": "#4e1c9c", "base_color": "#6d28d9", "centroid_lon": 30.8227, "centroid_lat": 0.1819}}, {"type": "Feature", "geometry": {"type": "Point", "coordinates": [32.4006, 0.18]}, "properties": {"region_id": "UGA-6", "region_name": "Kalangala", "country_iso": "UGA", "region_index": 5, "resource": "None", "is_capital": false, "region_color": "#9868e4", "base_color": "#6d28d9", "centroid_lon": 32.4006, "centroid_lat": 0.18}}, {"type": "Feature", "geometry": {"type": "Point", "coordinates": [31.5257, 1.9025]}, "properties": {"region_id": "UGA-7", "region_name": "Hoima", "country_iso": "UGA", "region_index": 6, "resource": "None", "is_capital": false, "region_color": "#5f23be", "base_color": "#6d28d9", "centroid_lon": 31.5257, "centroid_lat": 1.9025}}, {"type": "Feature", "geometry": {"type": "Point", "coordinates": [-75.1438, 19.9298]}, "properties": {"region_id": "USG-1", "region_name": "Guantanamo Bay USNB", "country_iso": "USG", "region_index": 0, "resource": "None", "is_capital": true, "region_color": "#0891b2", "base_color": "#0891b2", "centroid_lon": -75.1438, "centroid_lat": 19.9298}}, {"type": "Feature", "geometry": {"type": "Point", "coordinates": [-76.361, 20.8565]}, "properties": {"region_id": "CUB-1", "region_name": "Holgu\u00edn", "country_iso": "CUB", "region_index": 0, "resource": "None", "is_capital": true, "region_color": "#065f46", "base_color": "#065f46", "centroid_lon": -76.361, "centroid_lat": 20.8565}}, {"type": "Feature", "geometry": {"type": "Point", "coordinates": [-74.9004, 20.2076]}, "properties": {"region_id": "CUB-2", "region_name": "Guant\u00e1namo", "country_iso": "CUB", "region_index": 1, "resource": "None", "is_capital": false, "region_color": "#3c826e", "base_color": "#065f46", "centroid_lon": -74.9004, "centroid_lat": 20.2076}}, {"type": "Feature", "geometry": {"type": "Point", "coordinates": [-83.1987, 22.6037]}, "properties": {"region_id": "CUB-3", "region_name": "Pinar del R\u00edo", "country_iso": "CUB", "region_index": 2, "resource": "None", "is_capital": false, "region_color": "#044d39", "base_color": "#065f46", "centroid_lon": -83.1987, "centroid_lat": 22.6037}}, {"type": "Feature", "geometry": {"type": "Point", "coordinates": [-82.8287, 21.6859]}, "properties": {"region_id": "CUB-4", "region_name": "Isla de la Juventud", "country_iso": "CUB", "region_index": 3, "resource": "None", "is_capital": false, "region_color": "#23725c", "base_color": "#065f46", "centroid_lon": -82.8287, "centroid_lat": 21.6859}}, {"type": "Feature", "geometry": {"type": "Point", "coordinates": [-76.5131, 20.2562]}, "properties": {"region_id": "CUB-5", "region_name": "Granma", "country_iso": "CUB", "region_index": 4, "resource": "None", "is_capital": false, "region_color": "#044432", "base_color": "#065f46", "centroid_lon": -76.5131, "centroid_lat": 20.2562}}, {"type": "Feature", "geometry": {"type": "Point", "coordinates": [-80.674, 22.5294]}, "properties": {"region_id": "CUB-6", "region_name": "Matanzas", "country_iso": "CUB", "region_index": 5, "resource": "None", "is_capital": false, "region_color": "#508f7d", "base_color": "#065f46", "centroid_lon": -80.674, "centroid_lat": 22.5294}}, {"type": "Feature", "geometry": {"type": "Point", "coordinates": [-78.404, 21.6666]}, "properties": {"region_id": "CUB-7", "region_name": "Camag\u00fcey", "country_iso": "CUB", "region_index": 6, "resource": "None", "is_capital": false, "region_color": "#05533d", "base_color": "#065f46", "centroid_lon": -78.404, "centroid_lat": 21.6666}}, {"type": "Feature", "geometry": {"type": "Point", "coordinates": [-87.7221, 14.4545]}, "properties": {"region_id": "HND-1", "region_name": "Comayagua", "country_iso": "HND", "region_index": 0, "resource": "None", "is_capital": true, "region_color": "#065f46", "base_color": "#065f46", "centroid_lon": -87.7221, "centroid_lat": 14.4545}}, {"type": "Feature", "geometry": {"type": "Point", "coordinates": [-88.947, 14.7802]}, "properties": {"region_id": "HND-2", "region_name": "Cop\u00e1n", "country_iso": "HND", "region_index": 1, "resource": "None", "is_capital": false, "region_color": "#3c826e", "base_color": "#065f46", "centroid_lon": -88.947, "centroid_lat": 14.7802}}, {"type": "Feature", "geometry": {"type": "Point", "coordinates": [-87.2512, 13.4033]}, "properties": {"region_id": "HND-3", "region_name": "Choluteca", "country_iso": "HND", "region_index": 2, "resource": "None", "is_capital": false, "region_color": "#044d39", "base_color": "#065f46", "centroid_lon": -87.2512, "centroid_lat": 13.4033}}, {"type": "Feature", "geometry": {"type": "Point", "coordinates": [-87.0017, 14.7207]}, "properties": {"region_id": "HND-4", "region_name": "Francisco Moraz\u00e1n", "country_iso": "HND", "region_index": 3, "resource": "None", "is_capital": false, "region_color": "#23725c", "base_color": "#065f46", "centroid_lon": -87.0017, "centroid_lat": 14.7207}}, {"type": "Feature", "geometry": {"type": "Point", "coordinates": [-85.356, 15.1114]}, "properties": {"region_id": "HND-5", "region_name": "Olancho", "country_iso": "HND", "region_index": 4, "resource": "None", "is_capital": false, "region_color": "#044432", "base_color": "#065f46", "centroid_lon": -85.356, "centroid_lat": 15.1114}}, {"type": "Feature", "geometry": {"type": "Point", "coordinates": [-88.4348, 14.3724]}, "properties": {"region_id": "HND-6", "region_name": "Lempira", "country_iso": "HND", "region_index": 5, "resource": "None", "is_capital": false, "region_color": "#508f7d", "base_color": "#065f46", "centroid_lon": -88.4348, "centroid_lat": 14.3724}}, {"type": "Feature", "geometry": {"type": "Point", "coordinates": [-88.1942, 15.2416]}, "properties": {"region_id": "HND-7", "region_name": "Santa B\u00e1rbara", "country_iso": "HND", "region_index": 6, "resource": "None", "is_capital": false, "region_color": "#05533d", "base_color": "#065f46", "centroid_lon": -88.1942, "centroid_lat": 15.2416}}, {"type": "Feature", "geometry": {"type": "Point", "coordinates": [-79.6099, -1.4614]}, "properties": {"region_id": "ECU-1", "region_name": "Manabi", "country_iso": "ECU", "region_index": 0, "resource": "None", "is_capital": true, "region_color": "#6d28d9", "base_color": "#6d28d9", "centroid_lon": -79.6099, "centroid_lat": -1.4614}}, {"type": "Feature", "geometry": {"type": "Point", "coordinates": [-76.4821, -0.4185]}, "properties": {"region_id": "ECU-2", "region_name": "Orellana", "country_iso": "ECU", "region_index": 1, "resource": "None", "is_capital": false, "region_color": "#8d57e1", "base_color": "#6d28d9", "centroid_lon": -76.4821, "centroid_lat": -0.4185}}, {"type": "Feature", "geometry": {"type": "Point", "coordinates": [-79.2143, 0.5041]}, "properties": {"region_id": "ECU-3", "region_name": "Esmeraldas", "country_iso": "ECU", "region_index": 2, "resource": "None", "is_capital": false, "region_color": "#5920b1", "base_color": "#6d28d9", "centroid_lon": -79.2143, "centroid_lat": 0.5041}}, {"type": "Feature", "geometry": {"type": "Point", "coordinates": [-90.9323, -0.5388]}, "properties": {"region_id": "ECU-4", "region_name": "Gal\u00e1pagos", "country_iso": "ECU", "region_index": 3, "resource": "None", "is_capital": false, "region_color": "#7e41dd", "base_color": "#6d28d9", "centroid_lon": -90.9323, "centroid_lat": -0.5388}}, {"type": "Feature", "geometry": {"type": "Point", "coordinates": [-79.3649, -3.7575]}, "properties": {"region_id": "ECU-5", "region_name": "Loja", "country_iso": "ECU", "region_index": 4, "resource": "None", "is_capital": false, "region_color": "#4e1c9c", "base_color": "#6d28d9", "centroid_lon": -79.3649, "centroid_lat": -3.7575}}, {"type": "Feature", "geometry": {"type": "Point", "coordinates": [-78.1616, -0.1655]}, "properties": {"region_id": "ECU-6", "region_name": "Tungurahua", "country_iso": "ECU", "region_index": 5, "resource": "None", "is_capital": false, "region_color": "#9868e4", "base_color": "#6d28d9", "centroid_lon": -78.1616, "centroid_lat": -0.1655}}, {"type": "Feature", "geometry": {"type": "Point", "coordinates": [-77.3993, -2.0879]}, "properties": {"region_id": "ECU-7", "region_name": "Pastaza", "country_iso": "ECU", "region_index": 6, "resource": "None", "is_capital": false, "region_color": "#5f23be", "base_color": "#6d28d9", "centroid_lon": -77.3993, "centroid_lat": -2.0879}}, {"type": "Feature", "geometry": {"type": "Point", "coordinates": [-74.0882, 9.3621]}, "properties": {"region_id": "COL-1", "region_name": "Bol\u00edvar", "country_iso": "COL", "region_index": 0, "resource": "None", "is_capital": true, "region_color": "#a16207", "base_color": "#a16207", "centroid_lon": -74.0882, "centroid_lat": 9.3621}}, {"type": "Feature", "geometry": {"type": "Point", "coordinates": [-74.3822, 0.7329]}, "properties": {"region_id": "COL-2", "region_name": "Caquet\u00e1", "country_iso": "COL", "region_index": 1, "resource": "None", "is_capital": false, "region_color": "#b5843d", "base_color": "#a16207", "centroid_lon": -74.3822, "centroid_lat": 0.7329}}, {"type": "Feature", "geometry": {"type": "Point", "coordinates": [-81.5942, 12.8109]}, "properties": {"region_id": "COL-3", "region_name": "San Andr\u00e9s y Providencia", "country_iso": "COL", "region_index": 2, "resource": "None", "is_capital": false, "region_color": "#845005", "base_color": "#a16207", "centroid_lon": -81.5942, "centroid_lat": 12.8109}}, {"type": "Feature", "geometry": {"type": "Point", "coordinates": [-76.0996, 6.3776]}, "properties": {"region_id": "COL-4", "region_name": "Antioquia", "country_iso": "COL", "region_index": 3, "resource": "None", "is_capital": false, "region_color": "#ac7424", "base_color": "#a16207", "centroid_lon": -76.0996, "centroid_lat": 6.3776}}, {"type": "Feature", "geometry": {"type": "Point", "coordinates": [-72.6955, 4.9105]}, "properties": {"region_id": "COL-5", "region_name": "Meta", "country_iso": "COL", "region_index": 4, "resource": "None", "is_capital": false, "region_color": "#734605", "base_color": "#a16207", "centroid_lon": -72.6955, "centroid_lat": 4.9105}}, {"type": "Feature", "geometry": {"type": "Point", "coordinates": [-70.4347, 1.6465]}, "properties": {"region_id": "COL-6", "region_name": "Amazonas", "country_iso": "COL", "region_index": 5, "resource": "None", "is_capital": false, "region_color": "#bd9151", "base_color": "#a16207", "centroid_lon": -70.4347, "centroid_lat": 1.6465}}, {"type": "Feature", "geometry": {"type": "Point", "coordinates": [-76.5485, 2.7777]}, "properties": {"region_id": "COL-7", "region_name": "Nari\u00f1o", "country_iso": "COL", "region_index": 6, "resource": "None", "is_capital": false, "region_color": "#8d5606", "base_color": "#a16207", "centroid_lon": -76.5485, "centroid_lat": 2.7777}}, {"type": "Feature", "geometry": {"type": "Point", "coordinates": [-58.6747, -23.6252]}, "properties": {"region_id": "PRY-1", "region_name": "Presidente Hayes", "country_iso": "PRY", "region_index": 0, "resource": "None", "is_capital": true, "region_color": "#6d28d9", "base_color": "#6d28d9", "centroid_lon": -58.6747, "centroid_lat": -23.6252}}, {"type": "Feature", "geometry": {"type": "Point", "coordinates": [-61.0741, -21.8898]}, "properties": {"region_id": "PRY-2", "region_name": "Boquer\u00f3n", "country_iso": "PRY", "region_index": 1, "resource": "None", "is_capital": false, "region_color": "#8d57e1", "base_color": "#6d28d9", "centroid_lon": -61.0741, "centroid_lat": -21.8898}}, {"type": "Feature", "geometry": {"type": "Point", "coordinates": [-59.3983, -20.5892]}, "properties": {"region_id": "PRY-3", "region_name": "Alto Paraguay", "country_iso": "PRY", "region_index": 2, "resource": "None", "is_capital": false, "region_color": "#5920b1", "base_color": "#6d28d9", "centroid_lon": -59.3983, "centroid_lat": -20.5892}}, {"type": "Feature", "geometry": {"type": "Point", "coordinates": [-55.5766, -26.1294]}, "properties": {"region_id": "PRY-4", "region_name": "Itap\u00faa", "country_iso": "PRY", "region_index": 3, "resource": "None", "is_capital": false, "region_color": "#7e41dd", "base_color": "#6d28d9", "centroid_lon": -55.5766, "centroid_lat": -26.1294}}, {"type": "Feature", "geometry": {"type": "Point", "coordinates": [-56.4074, -24.6442]}, "properties": {"region_id": "PRY-5", "region_name": "San Pedro", "country_iso": "PRY", "region_index": 4, "resource": "None", "is_capital": false, "region_color": "#4e1c9c", "base_color": "#6d28d9", "centroid_lon": -56.4074, "centroid_lat": -24.6442}}, {"type": "Feature", "geometry": {"type": "Point", "coordinates": [-57.4072, -26.5235]}, "properties": {"region_id": "PRY-6", "region_name": "\u00d1eembuc\u00fa", "country_iso": "PRY", "region_index": 5, "resource": "None", "is_capital": false, "region_color": "#9868e4", "base_color": "#6d28d9", "centroid_lon": -57.4072, "centroid_lat": -26.5235}}, {"type": "Feature", "geometry": {"type": "Point", "coordinates": [-56.1957, -23.3106]}, "properties": {"region_id": "PRY-7", "region_name": "Concepci\u00f3n", "country_iso": "PRY", "region_index": 6, "resource": "None", "is_capital": false, "region_color": "#5f23be", "base_color": "#6d28d9", "centroid_lon": -56.1957, "centroid_lat": -23.3106}}, {"type": "Feature", "geometry": {"type": "Point", "coordinates": [-8.0714, 39.6356]}, "properties": {"region_id": "PRT-1", "region_name": "Santar\u00e9m", "country_iso": "PRT", "region_index": 0, "resource": "None", "is_capital": true, "region_color": "#be185d", "base_color": "#be185d", "centroid_lon": -8.0714, "centroid_lat": 39.6356}}, {"type": "Feature", "geometry": {"type": "Point", "coordinates": [-8.188, 38.1047]}, "properties": {"region_id": "PRT-2", "region_name": "Beja", "country_iso": "PRT", "region_index": 1, "resource": "None", "is_capital": false, "region_color": "#cc4a80", "base_color": "#be185d", "centroid_lon": -8.188, "centroid_lat": 38.1047}}, {"type": "Feature", "geometry": {"type": "Point", "coordinates": [-16.9416, 32.7712]}, "properties": {"region_id": "PRT-3", "region_name": "Madeira", "country_iso": "PRT", "region_index": 2, "resource": "None", "is_capital": false, "region_color": "#9b134c", "base_color": "#be185d", "centroid_lon": -16.9416, "centroid_lat": 32.7712}}, {"type": "Feature", "geometry": {"type": "Point", "coordinates": [-7.1889, 41.2414]}, "properties": {"region_id": "PRT-4", "region_name": "Bragan\u00e7a", "country_iso": "PRT", "region_index": 3, "resource": "None", "is_capital": false, "region_color": "#c53370", "base_color": "#be185d", "centroid_lon": -7.1889, "centroid_lat": 41.2414}}, {"type": "Feature", "geometry": {"type": "Point", "coordinates": [-8.1206, 40.8802]}, "properties": {"region_id": "PRT-5", "region_name": "Viseu", "country_iso": "PRT", "region_index": 4, "resource": "None", "is_capital": false, "region_color": "#881142", "base_color": "#be185d", "centroid_lon": -8.1206, "centroid_lat": 40.8802}}, {"type": "Feature", "geometry": {"type": "Point", "coordinates": [-8.4022, 41.7031]}, "properties": {"region_id": "PRT-6", "region_name": "Braga", "country_iso": "PRT", "region_index": 5, "resource": "None", "is_capital": false, "region_color": "#d15d8d", "base_color": "#be185d", "centroid_lon": -8.4022, "centroid_lat": 41.7031}}, {"type": "Feature", "geometry": {"type": "Point", "coordinates": [-27.3093, 38.3366]}, "properties": {"region_id": "PRT-7", "region_name": "Azores", "country_iso": "PRT", "region_index": 6, "resource": "None", "is_capital": false, "region_color": "#a71551", "base_color": "#be185d", "centroid_lon": -27.3093, "centroid_lat": 38.3366}}, {"type": "Feature", "geometry": {"type": "Point", "coordinates": [28.649, 46.8568]}, "properties": {"region_id": "MDA-1", "region_name": "H\u00eencesti", "country_iso": "MDA", "region_index": 0, "resource": "None", "is_capital": true, "region_color": "#1d4ed8", "base_color": "#1d4ed8", "centroid_lon": 28.649, "centroid_lat": 46.8568}}, {"type": "Feature", "geometry": {"type": "Point", "coordinates": [27.502, 48.0838]}, "properties": {"region_id": "MDA-2", "region_name": "R\u00ee\u015fcani", "country_iso": "MDA", "region_index": 1, "resource": "None", "is_capital": false, "region_color": "#4e74e0", "base_color": "#1d4ed8", "centroid_lon": 27.502, "centroid_lat": 48.0838}}, {"type": "Feature", "geometry": {"type": "Point", "coordinates": [29.394, 46.8589]}, "properties": {"region_id": "MDA-3", "region_name": "Causeni", "country_iso": "MDA", "region_index": 2, "resource": "None", "is_capital": false, "region_color": "#173fb1", "base_color": "#1d4ed8", "centroid_lon": 29.394, "centroid_lat": 46.8589}}, {"type": "Feature", "geometry": {"type": "Point", "coordinates": [28.908, 47.5887]}, "properties": {"region_id": "MDA-4", "region_name": "Orhei", "country_iso": "MDA", "region_index": 3, "resource": "None", "is_capital": false, "region_color": "#3863dc", "base_color": "#1d4ed8", "centroid_lon": 28.908, "centroid_lat": 47.5887}}, {"type": "Feature", "geometry": {"type": "Point", "coordinates": [28.4447, 47.8733]}, "properties": {"region_id": "MDA-5", "region_name": "Telene\u015fti", "country_iso": "MDA", "region_index": 4, "resource": "None", "is_capital": false, "region_color": "#14389b", "base_color": "#1d4ed8", "centroid_lon": 28.4447, "centroid_lat": 47.8733}}, {"type": "Feature", "geometry": {"type": "Point", "coordinates": [28.4969, 46.1137]}, "properties": {"region_id": "MDA-6", "region_name": "Comrat", "country_iso": "MDA", "region_index": 5, "resource": "None", "is_capital": false, "region_color": "#6083e3", "base_color": "#1d4ed8", "centroid_lon": 28.4969, "centroid_lat": 46.1137}}, {"type": "Feature", "geometry": {"type": "Point", "coordinates": [28.0251, 47.4138]}, "properties": {"region_id": "MDA-7", "region_name": "F\u0103le\u015fti", "country_iso": "MDA", "region_index": 6, "resource": "None", "is_capital": false, "region_color": "#1944be", "base_color": "#1d4ed8", "centroid_lon": 28.0251, "centroid_lat": 47.4138}}, {"type": "Feature", "geometry": {"type": "Point", "coordinates": [63.1776, 38.9026]}, "properties": {"region_id": "TKM-1", "region_name": "Chardzhou", "country_iso": "TKM", "region_index": 0, "resource": "None", "is_capital": true, "region_color": "#6d28d9", "base_color": "#6d28d9", "centroid_lon": 63.1776, "centroid_lat": 38.9026}}, {"type": "Feature", "geometry": {"type": "Point", "coordinates": [62.3157, 37.2111]}, "properties": {"region_id": "TKM-2", "region_name": "Mary", "country_iso": "TKM", "region_index": 1, "resource": "None", "is_capital": false, "region_color": "#8d57e1", "base_color": "#6d28d9", "centroid_lon": 62.3157, "centroid_lat": 37.2111}}, {"type": "Feature", "geometry": {"type": "Point", "coordinates": [59.1227, 38.5343]}, "properties": {"region_id": "TKM-3", "region_name": "Ahal", "country_iso": "TKM", "region_index": 2, "resource": "None", "is_capital": false, "region_color": "#5920b1", "base_color": "#6d28d9", "centroid_lon": 59.1227, "centroid_lat": 38.5343}}, {"type": "Feature", "geometry": {"type": "Point", "coordinates": [55.0216, 39.7911]}, "properties": {"region_id": "TKM-4", "region_name": "Balkan", "country_iso": "TKM", "region_index": 3, "resource": "None", "is_capital": false, "region_color": "#7e41dd", "base_color": "#6d28d9", "centroid_lon": 55.0216, "centroid_lat": 39.7911}}, {"type": "Feature", "geometry": {"type": "Point", "coordinates": [58.7158, 41.1622]}, "properties": {"region_id": "TKM-5", "region_name": "Tashauz", "country_iso": "TKM", "region_index": 4, "resource": "None", "is_capital": false, "region_color": "#4e1c9c", "base_color": "#6d28d9", "centroid_lon": 58.7158, "centroid_lat": 41.1622}}, {"type": "Feature", "geometry": {"type": "Point", "coordinates": [35.7205, 32.0849]}, "properties": {"region_id": "JOR-1", "region_name": "Balqa", "country_iso": "JOR", "region_index": 0, "resource": "None", "is_capital": true, "region_color": "#166534", "base_color": "#166534", "centroid_lon": 35.7205, "centroid_lat": 32.0849}}, {"type": "Feature", "geometry": {"type": "Point", "coordinates": [36.2491, 31.5827]}, "properties": {"region_id": "JOR-2", "region_name": "Amman", "country_iso": "JOR", "region_index": 1, "resource": "None", "is_capital": false, "region_color": "#498660", "base_color": "#166534", "centroid_lon": 36.2491, "centroid_lat": 31.5827}}, {"type": "Feature", "geometry": {"type": "Point", "coordinates": [35.7881, 32.5102]}, "properties": {"region_id": "JOR-3", "region_name": "Irbid", "country_iso": "JOR", "region_index": 2, "resource": "None", "is_capital": false, "region_color": "#12522a", "base_color": "#166534", "centroid_lon": 35.7881, "centroid_lat": 32.5102}}, {"type": "Feature", "geometry": {"type": "Point", "coordinates": [35.3211, 29.7977]}, "properties": {"region_id": "JOR-4", "region_name": "Aqaba", "country_iso": "JOR", "region_index": 3, "resource": "None", "is_capital": false, "region_color": "#31774c", "base_color": "#166534", "centroid_lon": 35.3211, "centroid_lat": 29.7977}}, {"type": "Feature", "geometry": {"type": "Point", "coordinates": [36.4134, 30.4357]}, "properties": {"region_id": "JOR-5", "region_name": "Ma`an", "country_iso": "JOR", "region_index": 4, "resource": "None", "is_capital": false, "region_color": "#0f4825", "base_color": "#166534", "centroid_lon": 36.4134, "centroid_lat": 30.4357}}, {"type": "Feature", "geometry": {"type": "Point", "coordinates": [36.8485, 31.8324]}, "properties": {"region_id": "JOR-6", "region_name": "Zarqa", "country_iso": "JOR", "region_index": 5, "resource": "None", "is_capital": false, "region_color": "#5b9370", "base_color": "#166534", "centroid_lon": 36.8485, "centroid_lat": 31.8324}}, {"type": "Feature", "geometry": {"type": "Point", "coordinates": [37.9237, 32.3778]}, "properties": {"region_id": "JOR-7", "region_name": "Mafraq", "country_iso": "JOR", "region_index": 6, "resource": "None", "is_capital": false, "region_color": "#13582d", "base_color": "#166534", "centroid_lon": 37.9237, "centroid_lat": 32.3778}}, {"type": "Feature", "geometry": {"type": "Point", "coordinates": [85.4457, 27.4927]}, "properties": {"region_id": "NPL-1", "region_name": "Janakpur", "country_iso": "NPL", "region_index": 0, "resource": "None", "is_capital": true, "region_color": "#9f1239", "base_color": "#9f1239", "centroid_lon": 85.4457, "centroid_lat": 27.4927}}, {"type": "Feature", "geometry": {"type": "Point", "coordinates": [80.5466, 29.4212]}, "properties": {"region_id": "NPL-2", "region_name": "Mahakali", "country_iso": "NPL", "region_index": 1, "resource": "None", "is_capital": false, "region_color": "#b44664", "base_color": "#9f1239", "centroid_lon": 80.5466, "centroid_lat": 29.4212}}, {"type": "Feature", "geometry": {"type": "Point", "coordinates": [82.4087, 29.4829]}, "properties": {"region_id": "NPL-3", "region_name": "Karnali", "country_iso": "NPL", "region_index": 2, "resource": "None", "is_capital": false, "region_color": "#820e2e", "base_color": "#9f1239", "centroid_lon": 82.4087, "centroid_lat": 29.4829}}, {"type": "Feature", "geometry": {"type": "Point", "coordinates": [84.3348, 28.3146]}, "properties": {"region_id": "NPL-4", "region_name": "Gandaki", "country_iso": "NPL", "region_index": 3, "resource": "None", "is_capital": false, "region_color": "#aa2e50", "base_color": "#9f1239", "centroid_lon": 84.3348, "centroid_lat": 28.3146}}, {"type": "Feature", "geometry": {"type": "Point", "coordinates": [83.1317, 28.2156]}, "properties": {"region_id": "NPL-5", "region_name": "Rapti", "country_iso": "NPL", "region_index": 4, "resource": "None", "is_capital": false, "region_color": "#720c29", "base_color": "#9f1239", "centroid_lon": 83.1317, "centroid_lat": 28.2156}}, {"type": "Feature", "geometry": {"type": "Point", "coordinates": [87.195, 27.1518]}, "properties": {"region_id": "NPL-6", "region_name": "Sagarmatha", "country_iso": "NPL", "region_index": 5, "resource": "None", "is_capital": false, "region_color": "#bb5974", "base_color": "#9f1239", "centroid_lon": 87.195, "centroid_lat": 27.1518}}, {"type": "Feature", "geometry": {"type": "Point", "coordinates": [81.4075, 28.9443]}, "properties": {"region_id": "NPL-7", "region_name": "Seti", "country_iso": "NPL", "region_index": 6, "resource": "None", "is_capital": false, "region_color": "#8b0f32", "base_color": "#9f1239", "centroid_lon": 81.4075, "centroid_lat": 28.9443}}, {"type": "Feature", "geometry": {"type": "Point", "coordinates": [28.3922, -28.9211]}, "properties": {"region_id": "LSO-1", "region_name": "Leribe", "country_iso": "LSO", "region_index": 0, "resource": "None", "is_capital": true, "region_color": "#be123c", "base_color": "#be123c", "centroid_lon": 28.3922, "centroid_lat": -28.9211}}, {"type": "Feature", "geometry": {"type": "Point", "coordinates": [29.0324, -29.2187]}, "properties": {"region_id": "LSO-2", "region_name": "Mokhotlong", "country_iso": "LSO", "region_index": 1, "resource": "None", "is_capital": false, "region_color": "#cc4666", "base_color": "#be123c", "centroid_lon": 29.0324, "centroid_lat": -29.2187}}, {"type": "Feature", "geometry": {"type": "Point", "coordinates": [28.6299, -29.6812]}, "properties": {"region_id": "LSO-3", "region_name": "Thaba-Tseka", "country_iso": "LSO", "region_index": 2, "resource": "None", "is_capital": false, "region_color": "#9b0e31", "base_color": "#be123c", "centroid_lon": 28.6299, "centroid_lat": -29.6812}}, {"type": "Feature", "geometry": {"type": "Point", "coordinates": [27.9672, -30.3465]}, "properties": {"region_id": "LSO-4", "region_name": "Quthing", "country_iso": "LSO", "region_index": 3, "resource": "None", "is_capital": false, "region_color": "#c52e53", "base_color": "#be123c", "centroid_lon": 27.9672, "centroid_lat": -30.3465}}, {"type": "Feature", "geometry": {"type": "Point", "coordinates": [27.6826, -29.6488]}, "properties": {"region_id": "LSO-5", "region_name": "Maseru", "country_iso": "LSO", "region_index": 4, "resource": "None", "is_capital": false, "region_color": "#880c2b", "base_color": "#be123c", "centroid_lon": 27.6826, "centroid_lat": -29.6488}}, {"type": "Feature", "geometry": {"type": "Point", "coordinates": [27.9322, -29.1757]}, "properties": {"region_id": "LSO-6", "region_name": "Berea", "country_iso": "LSO", "region_index": 5, "resource": "None", "is_capital": false, "region_color": "#d15976", "base_color": "#be123c", "centroid_lon": 27.9322, "centroid_lat": -29.1757}}, {"type": "Feature", "geometry": {"type": "Point", "coordinates": [27.7637, -30.0681]}, "properties": {"region_id": "LSO-7", "region_name": "Mohale's Hoek", "country_iso": "LSO", "region_index": 6, "resource": "None", "is_capital": false, "region_color": "#a70f34", "base_color": "#be123c", "centroid_lon": 27.7637, "centroid_lat": -30.0681}}, {"type": "Feature", "geometry": {"type": "Point", "coordinates": [14.1153, 9.3655]}, "properties": {"region_id": "CMR-1", "region_name": "Nord", "country_iso": "CMR", "region_index": 0, "resource": "None", "is_capital": true, "region_color": "#b91c1c", "base_color": "#b91c1c", "centroid_lon": 14.1153, "centroid_lat": 9.3655}}, {"type": "Feature", "geometry": {"type": "Point", "coordinates": [11.5654, 2.7675]}, "properties": {"region_id": "CMR-2", "region_name": "Sud", "country_iso": "CMR", "region_index": 1, "resource": "None", "is_capital": false, "region_color": "#c84d4d", "base_color": "#b91c1c", "centroid_lon": 11.5654, "centroid_lat": 2.7675}}, {"type": "Feature", "geometry": {"type": "Point", "coordinates": [10.3625, 6.3767]}, "properties": {"region_id": "CMR-3", "region_name": "Nord-Ouest", "country_iso": "CMR", "region_index": 2, "resource": "None", "is_capital": false, "region_color": "#971616", "base_color": "#b91c1c", "centroid_lon": 10.3625, "centroid_lat": 6.3767}}, {"type": "Feature", "geometry": {"type": "Point", "coordinates": [12.4419, 5.694]}, "properties": {"region_id": "CMR-4", "region_name": "Centre", "country_iso": "CMR", "region_index": 3, "resource": "None", "is_capital": false, "region_color": "#c13737", "base_color": "#b91c1c", "centroid_lon": 12.4419, "centroid_lat": 5.694}}, {"type": "Feature", "geometry": {"type": "Point", "coordinates": [14.2062, 3.7989]}, "properties": {"region_id": "CMR-5", "region_name": "Est", "country_iso": "CMR", "region_index": 4, "resource": "None", "is_capital": false, "region_color": "#851414", "base_color": "#b91c1c", "centroid_lon": 14.2062, "centroid_lat": 3.7989}}, {"type": "Feature", "geometry": {"type": "Point", "coordinates": [9.6715, 4.7888]}, "properties": {"region_id": "CMR-6", "region_name": "Sud-Ouest", "country_iso": "CMR", "region_index": 5, "resource": "None", "is_capital": false, "region_color": "#ce6060", "base_color": "#b91c1c", "centroid_lon": 9.6715, "centroid_lat": 4.7888}}, {"type": "Feature", "geometry": {"type": "Point", "coordinates": [10.6668, 5.5253]}, "properties": {"region_id": "CMR-7", "region_name": "Ouest", "country_iso": "CMR", "region_index": 6, "resource": "None", "is_capital": false, "region_color": "#a21818", "base_color": "#b91c1c", "centroid_lon": 10.6668, "centroid_lat": 5.5253}}, {"type": "Feature", "geometry": {"type": "Point", "coordinates": [12.8387, 0.4754]}, "properties": {"region_id": "GAB-1", "region_name": "Ogoou\u00e9-Ivindo", "country_iso": "GAB", "region_index": 0, "resource": "None", "is_capital": true, "region_color": "#0369a1", "base_color": "#0369a1", "centroid_lon": 12.8387, "centroid_lat": 0.4754}}, {"type": "Feature", "geometry": {"type": "Point", "coordinates": [11.9541, 1.4045]}, "properties": {"region_id": "GAB-2", "region_name": "Wouleu-Ntem", "country_iso": "GAB", "region_index": 1, "resource": "None", "is_capital": false, "region_color": "#3a8ab5", "base_color": "#0369a1", "centroid_lon": 11.9541, "centroid_lat": 1.4045}}, {"type": "Feature", "geometry": {"type": "Point", "coordinates": [11.0179, -3.0243]}, "properties": {"region_id": "GAB-3", "region_name": "Nyanga", "country_iso": "GAB", "region_index": 2, "resource": "None", "is_capital": false, "region_color": "#025684", "base_color": "#0369a1", "centroid_lon": 11.0179, "centroid_lat": -3.0243}}, {"type": "Feature", "geometry": {"type": "Point", "coordinates": [13.2071, -1.1149]}, "properties": {"region_id": "GAB-4", "region_name": "Haut-Ogoou\u00e9", "country_iso": "GAB", "region_index": 3, "resource": "None", "is_capital": false, "region_color": "#217bac", "base_color": "#0369a1", "centroid_lon": 13.2071, "centroid_lat": -1.1149}}, {"type": "Feature", "geometry": {"type": "Point", "coordinates": [10.283, -0.0473]}, "properties": {"region_id": "GAB-5", "region_name": "Estuaire", "country_iso": "GAB", "region_index": 4, "resource": "None", "is_capital": false, "region_color": "#024b73", "base_color": "#0369a1", "centroid_lon": 10.283, "centroid_lat": -0.0473}}, {"type": "Feature", "geometry": {"type": "Point", "coordinates": [11.1788, -1.6263]}, "properties": {"region_id": "GAB-6", "region_name": "Ngouni\u00e9", "country_iso": "GAB", "region_index": 5, "resource": "None", "is_capital": false, "region_color": "#4e96bd", "base_color": "#0369a1", "centroid_lon": 11.1788, "centroid_lat": -1.6263}}, {"type": "Feature", "geometry": {"type": "Point", "coordinates": [9.6796, -1.5711]}, "properties": {"region_id": "GAB-7", "region_name": "Ogoou\u00e9-Maritime", "country_iso": "GAB", "region_index": 6, "resource": "None", "is_capital": false, "region_color": "#025c8d", "base_color": "#0369a1", "centroid_lon": 9.6796, "centroid_lat": -1.5711}}, {"type": "Feature", "geometry": {"type": "Point", "coordinates": [3.5503, 13.2006]}, "properties": {"region_id": "NER-1", "region_name": "Dosso", "country_iso": "NER", "region_index": 0, "resource": "None", "is_capital": true, "region_color": "#b45309", "base_color": "#b45309", "centroid_lon": 3.5503, "centroid_lat": 13.2006}}, {"type": "Feature", "geometry": {"type": "Point", "coordinates": [5.788, 15.3071]}, "properties": {"region_id": "NER-2", "region_name": "Tahoua", "country_iso": "NER", "region_index": 1, "resource": "None", "is_capital": false, "region_color": "#c4783f", "base_color": "#b45309", "centroid_lon": 5.788, "centroid_lat": 15.3071}}, {"type": "Feature", "geometry": {"type": "Point", "coordinates": [2.1756, 14.176]}, "properties": {"region_id": "NER-3", "region_name": "Tillab\u00e9ri", "country_iso": "NER", "region_index": 2, "resource": "None", "is_capital": false, "region_color": "#934407", "base_color": "#b45309", "centroid_lon": 2.1756, "centroid_lat": 14.176}}, {"type": "Feature", "geometry": {"type": "Point", "coordinates": [13.1989, 15.8576]}, "properties": {"region_id": "NER-4", "region_name": "Diffa", "country_iso": "NER", "region_index": 3, "resource": "None", "is_capital": false, "region_color": "#bd6726", "base_color": "#b45309", "centroid_lon": 13.1989, "centroid_lat": 15.8576}}, {"type": "Feature", "geometry": {"type": "Point", "coordinates": [2.1297, 13.503]}, "properties": {"region_id": "NER-5", "region_name": "Niamey", "country_iso": "NER", "region_index": 4, "resource": "None", "is_capital": false, "region_color": "#813b06", "base_color": "#b45309", "centroid_lon": 2.1297, "centroid_lat": 13.503}}, {"type": "Feature", "geometry": {"type": "Point", "coordinates": [10.5034, 19.4781]}, "properties": {"region_id": "NER-6", "region_name": "Agadez", "country_iso": "NER", "region_index": 5, "resource": "None", "is_capital": false, "region_color": "#ca8652", "base_color": "#b45309", "centroid_lon": 10.5034, "centroid_lat": 19.4781}}, {"type": "Feature", "geometry": {"type": "Point", "coordinates": [10.0183, 14.9883]}, "properties": {"region_id": "NER-7", "region_name": "Zinder", "country_iso": "NER", "region_index": 6, "resource": "None", "is_capital": false, "region_color": "#9e4907", "base_color": "#b45309", "centroid_lon": 10.0183, "centroid_lat": 14.9883}}, {"type": "Feature", "geometry": {"type": "Point", "coordinates": [-1.5773, 11.8494]}, "properties": {"region_id": "BFA-1", "region_name": "Sissili", "country_iso": "BFA", "region_index": 0, "resource": "None", "is_capital": true, "region_color": "#be185d", "base_color": "#be185d", "centroid_lon": -1.5773, "centroid_lat": 11.8494}}, {"type": "Feature", "geometry": {"type": "Point", "coordinates": [-1.3487, 13.7593]}, "properties": {"region_id": "BFA-2", "region_name": "Soum", "country_iso": "BFA", "region_index": 1, "resource": "None", "is_capital": false, "region_color": "#cc4a80", "base_color": "#be185d", "centroid_lon": -1.3487, "centroid_lat": 13.7593}}, {"type": "Feature", "geometry": {"type": "Point", "coordinates": [0.8326, 11.8154]}, "properties": {"region_id": "BFA-3", "region_name": "Tapoa", "country_iso": "BFA", "region_index": 2, "resource": "None", "is_capital": false, "region_color": "#9b134c", "base_color": "#be185d", "centroid_lon": 0.8326, "centroid_lat": 11.8154}}, {"type": "Feature", "geometry": {"type": "Point", "coordinates": [0.124, 12.9759]}, "properties": {"region_id": "BFA-4", "region_name": "Gnagna", "country_iso": "BFA", "region_index": 3, "resource": "None", "is_capital": false, "region_color": "#c53370", "base_color": "#be185d", "centroid_lon": 0.124, "centroid_lat": 12.9759}}, {"type": "Feature", "geometry": {"type": "Point", "coordinates": [-0.2318, 14.3657]}, "properties": {"region_id": "BFA-5", "region_name": "Oudalan", "country_iso": "BFA", "region_index": 4, "resource": "None", "is_capital": false, "region_color": "#881142", "base_color": "#be185d", "centroid_lon": -0.2318, "centroid_lat": 14.3657}}, {"type": "Feature", "geometry": {"type": "Point", "coordinates": [-4.0444, 10.9848]}, "properties": {"region_id": "BFA-6", "region_name": "Komo\u00e9", "country_iso": "BFA", "region_index": 5, "resource": "None", "is_capital": false, "region_color": "#d15d8d", "base_color": "#be185d", "centroid_lon": -4.0444, "centroid_lat": 10.9848}}, {"type": "Feature", "geometry": {"type": "Point", "coordinates": [-2.9663, 12.8589]}, "properties": {"region_id": "BFA-7", "region_name": "Kossi", "country_iso": "BFA", "region_index": 6, "resource": "None", "is_capital": false, "region_color": "#a71551", "base_color": "#be185d", "centroid_lon": -2.9663, "centroid_lat": 12.8589}}, {"type": "Feature", "geometry": {"type": "Point", "coordinates": [0.4482, 10.5782]}, "properties": {"region_id": "TGO-1", "region_name": "Savanes", "country_iso": "TGO", "region_index": 0, "resource": "None", "is_capital": true, "region_color": "#9f1239", "base_color": "#9f1239", "centroid_lon": 0.4482, "centroid_lat": 10.5782}}, {"type": "Feature", "geometry": {"type": "Point", "coordinates": [0.8518, 9.5848]}, "properties": {"region_id": "TGO-2", "region_name": "Kara", "country_iso": "TGO", "region_index": 1, "resource": "None", "is_capital": false, "region_color": "#b44664", "base_color": "#9f1239", "centroid_lon": 0.8518, "centroid_lat": 9.5848}}, {"type": "Feature", "geometry": {"type": "Point", "coordinates": [1.0469, 8.6172]}, "properties": {"region_id": "TGO-3", "region_name": "Centre", "country_iso": "TGO", "region_index": 2, "resource": "None", "is_capital": false, "region_color": "#820e2e", "base_color": "#9f1239", "centroid_lon": 1.0469, "centroid_lat": 8.6172}}, {"type": "Feature", "geometry": {"type": "Point", "coordinates": [1.1196, 7.4316]}, "properties": {"region_id": "TGO-4", "region_name": "Plateaux", "country_iso": "TGO", "region_index": 3, "resource": "None", "is_capital": false, "region_color": "#aa2e50", "base_color": "#9f1239", "centroid_lon": 1.1196, "centroid_lat": 7.4316}}, {"type": "Feature", "geometry": {"type": "Point", "coordinates": [1.2662, 6.4836]}, "properties": {"region_id": "TGO-5", "region_name": "Maritime", "country_iso": "TGO", "region_index": 4, "resource": "None", "is_capital": false, "region_color": "#720c29", "base_color": "#9f1239", "centroid_lon": 1.2662, "centroid_lat": 6.4836}}, {"type": "Feature", "geometry": {"type": "Point", "coordinates": [-0.9807, 9.3529]}, "properties": {"region_id": "GHA-1", "region_name": "Northern", "country_iso": "GHA", "region_index": 0, "resource": "None", "is_capital": true, "region_color": "#be123c", "base_color": "#be123c", "centroid_lon": -0.9807, "centroid_lat": 9.3529}}, {"type": "Feature", "geometry": {"type": "Point", "coordinates": [-0.8118, 10.7786]}, "properties": {"region_id": "GHA-2", "region_name": "Upper East", "country_iso": "GHA", "region_index": 1, "resource": "None", "is_capital": false, "region_color": "#cc4666", "base_color": "#be123c", "centroid_lon": -0.8118, "centroid_lat": 10.7786}}, {"type": "Feature", "geometry": {"type": "Point", "coordinates": [-2.4268, 5.7457]}, "properties": {"region_id": "GHA-3", "region_name": "Western", "country_iso": "GHA", "region_index": 2, "resource": "None", "is_capital": false, "region_color": "#9b0e31", "base_color": "#be123c", "centroid_lon": -2.4268, "centroid_lat": 5.7457}}, {"type": "Feature", "geometry": {"type": "Point", "coordinates": [0.0014, 6.7536]}, "properties": {"region_id": "GHA-4", "region_name": "Volta", "country_iso": "GHA", "region_index": 3, "resource": "None", "is_capital": false, "region_color": "#c52e53", "base_color": "#be123c", "centroid_lon": 0.0014, "centroid_lat": 6.7536}}, {"type": "Feature", "geometry": {"type": "Point", "coordinates": [-1.1856, 5.5536]}, "properties": {"region_id": "GHA-5", "region_name": "Central", "country_iso": "GHA", "region_index": 4, "resource": "None", "is_capital": false, "region_color": "#880c2b", "base_color": "#be123c", "centroid_lon": -1.1856, "centroid_lat": 5.5536}}, {"type": "Feature", "geometry": {"type": "Point", "coordinates": [-2.1967, 10.4403]}, "properties": {"region_id": "GHA-6", "region_name": "Upper West", "country_iso": "GHA", "region_index": 5, "resource": "None", "is_capital": false, "region_color": "#d15976", "base_color": "#be123c", "centroid_lon": -2.1967, "centroid_lat": 10.4403}}, {"type": "Feature", "geometry": {"type": "Point", "coordinates": [-1.5748, 7.3589]}, "properties": {"region_id": "GHA-7", "region_name": "Brong Ahafo", "country_iso": "GHA", "region_index": 6, "resource": "None", "is_capital": false, "region_color": "#a70f34", "base_color": "#be123c", "centroid_lon": -1.5748, "centroid_lat": 7.3589}}, {"type": "Feature", "geometry": {"type": "Point", "coordinates": [-15.008, 11.3504]}, "properties": {"region_id": "GNB-1", "region_name": "Tombali", "country_iso": "GNB", "region_index": 0, "resource": "None", "is_capital": true, "region_color": "#0f766e", "base_color": "#0f766e", "centroid_lon": -15.008, "centroid_lat": 11.3504}}, {"type": "Feature", "geometry": {"type": "Point", "coordinates": [-14.127, 12.1536]}, "properties": {"region_id": "GNB-2", "region_name": "Gab\u00fa", "country_iso": "GNB", "region_index": 1, "resource": "None", "is_capital": false, "region_color": "#43948d", "base_color": "#0f766e", "centroid_lon": -14.127, "centroid_lat": 12.1536}}, {"type": "Feature", "geometry": {"type": "Point", "coordinates": [-15.8212, 11.8891]}, "properties": {"region_id": "GNB-3", "region_name": "Biombo", "country_iso": "GNB", "region_index": 2, "resource": "None", "is_capital": false, "region_color": "#0c605a", "base_color": "#0f766e", "centroid_lon": -15.8212, "centroid_lat": 11.8891}}, {"type": "Feature", "geometry": {"type": "Point", "coordinates": [-14.9778, 12.2161]}, "properties": {"region_id": "GNB-4", "region_name": "Bafat\u00e1", "country_iso": "GNB", "region_index": 3, "resource": "None", "is_capital": false, "region_color": "#2b867f", "base_color": "#0f766e", "centroid_lon": -14.9778, "centroid_lat": 12.2161}}, {"type": "Feature", "geometry": {"type": "Point", "coordinates": [-15.9809, 11.337]}, "properties": {"region_id": "GNB-5", "region_name": "Bolama", "country_iso": "GNB", "region_index": 4, "resource": "None", "is_capital": false, "region_color": "#0a544f", "base_color": "#0f766e", "centroid_lon": -15.9809, "centroid_lat": 11.337}}, {"type": "Feature", "geometry": {"type": "Point", "coordinates": [-16.0442, 12.237]}, "properties": {"region_id": "GNB-6", "region_name": "Cacheu", "country_iso": "GNB", "region_index": 5, "resource": "None", "is_capital": false, "region_color": "#579f99", "base_color": "#0f766e", "centroid_lon": -16.0442, "centroid_lat": 12.237}}, {"type": "Feature", "geometry": {"type": "Point", "coordinates": [-15.1849, 11.6547]}, "properties": {"region_id": "GNB-7", "region_name": "Quinara", "country_iso": "GNB", "region_index": 6, "resource": "None", "is_capital": false, "region_color": "#0d6760", "base_color": "#0f766e", "centroid_lon": -15.1849, "centroid_lat": 11.6547}}, {"type": "Feature", "geometry": {"type": "Point", "coordinates": [-5.3437, 36.1236]}, "properties": {"region_id": "GIB-1", "region_name": "Gibraltar", "country_iso": "GIB", "region_index": 0, "resource": "None", "is_capital": true, "region_color": "#1d4ed8", "base_color": "#1d4ed8", "centroid_lon": -5.3437, "centroid_lat": 36.1236}}, {"type": "Feature", "geometry": {"type": "Point", "coordinates": [-97.7489, 44.5827]}, "properties": {"region_id": "USA-1", "region_name": "Northeast", "country_iso": "USA", "region_index": 0, "resource": "Iron", "is_capital": true, "region_color": "#1d4ed8", "base_color": "#1d4ed8", "centroid_lon": -97.7489, "centroid_lat": 44.5827}}, {"type": "Feature", "geometry": {"type": "Point", "coordinates": [-75.65, 41.4536]}, "properties": {"region_id": "USA-2", "region_name": "Southeast", "country_iso": "USA", "region_index": 1, "resource": "Grain", "is_capital": false, "region_color": "#4e74e0", "base_color": "#1d4ed8", "centroid_lon": -75.65, "centroid_lat": 41.4536}}, {"type": "Feature", "geometry": {"type": "Point", "coordinates": [-152.3469, 64.0791]}, "properties": {"region_id": "USA-3", "region_name": "Midwest", "country_iso": "USA", "region_index": 2, "resource": "Grain", "is_capital": false, "region_color": "#173fb1", "base_color": "#1d4ed8", "centroid_lon": -152.3469, "centroid_lat": 64.0791}}, {"type": "Feature", "geometry": {"type": "Point", "coordinates": [-86.7164, 42.1551]}, "properties": {"region_id": "USA-4", "region_name": "Texas", "country_iso": "USA", "region_index": 3, "resource": "Oil", "is_capital": false, "region_color": "#3863dc", "base_color": "#1d4ed8", "centroid_lon": -86.7164, "centroid_lat": 42.1551}}, {"type": "Feature", "geometry": {"type": "Point", "coordinates": [-84.2265, 33.0137]}, "properties": {"region_id": "USA-5", "region_name": "California", "country_iso": "USA", "region_index": 4, "resource": "None", "is_capital": false, "region_color": "#14389b", "base_color": "#1d4ed8", "centroid_lon": -84.2265, "centroid_lat": 33.0137}}, {"type": "Feature", "geometry": {"type": "Point", "coordinates": [-96.9339, 34.1709]}, "properties": {"region_id": "USA-6", "region_name": "Rockies", "country_iso": "USA", "region_index": 5, "resource": "Iron", "is_capital": false, "region_color": "#6083e3", "base_color": "#1d4ed8", "centroid_lon": -96.9339, "centroid_lat": 34.1709}}, {"type": "Feature", "geometry": {"type": "Point", "coordinates": [-112.9909, 40.7768]}, "properties": {"region_id": "USA-7", "region_name": "Pacific Northwest", "country_iso": "USA", "region_index": 6, "resource": "None", "is_capital": false, "region_color": "#1944be", "base_color": "#1d4ed8", "centroid_lon": -112.9909, "centroid_lat": 40.7768}}, {"type": "Feature", "geometry": {"type": "Point", "coordinates": [-69.1996, 52.8724]}, "properties": {"region_id": "CAN-1", "region_name": "Ontario", "country_iso": "CAN", "region_index": 0, "resource": "Iron", "is_capital": true, "region_color": "#e11d48", "base_color": "#e11d48", "centroid_lon": -69.1996, "centroid_lat": 52.8724}}, {"type": "Feature", "geometry": {"type": "Point", "coordinates": [-114.5095, 55.1677]}, "properties": {"region_id": "CAN-2", "region_name": "Quebec", "country_iso": "CAN", "region_index": 1, "resource": "None", "is_capital": false, "region_color": "#e74e70", "base_color": "#e11d48", "centroid_lon": -114.5095, "centroid_lat": 55.1677}}, {"type": "Feature", "geometry": {"type": "Point", "coordinates": [-129.0485, 58.3241]}, "properties": {"region_id": "CAN-3", "region_name": "Alberta", "country_iso": "CAN", "region_index": 2, "resource": "Oil", "is_capital": false, "region_color": "#b8173b", "base_color": "#e11d48", "centroid_lon": -129.0485, "centroid_lat": 58.3241}}, {"type": "Feature", "geometry": {"type": "Point", "coordinates": [-85.8228, 50.061]}, "properties": {"region_id": "CAN-4", "region_name": "British Columbia", "country_iso": "CAN", "region_index": 3, "resource": "None", "is_capital": false, "region_color": "#e4385d", "base_color": "#e11d48", "centroid_lon": -85.8228, "centroid_lat": 50.061}}, {"type": "Feature", "geometry": {"type": "Point", "coordinates": [-101.6384, 54.6713]}, "properties": {"region_id": "CAN-5", "region_name": "Saskatchewan", "country_iso": "CAN", "region_index": 4, "resource": "Grain", "is_capital": false, "region_color": "#a21433", "base_color": "#e11d48", "centroid_lon": -101.6384, "centroid_lat": 54.6713}}, {"type": "Feature", "geometry": {"type": "Point", "coordinates": [-88.9153, 71.0194]}, "properties": {"region_id": "CAN-6", "region_name": "Manitoba", "country_iso": "CAN", "region_index": 5, "resource": "Grain", "is_capital": false, "region_color": "#ea607e", "base_color": "#e11d48", "centroid_lon": -88.9153, "centroid_lat": 71.0194}}, {"type": "Feature", "geometry": {"type": "Point", "coordinates": [-119.017, 66.3437]}, "properties": {"region_id": "CAN-7", "region_name": "Yukon & NWT", "country_iso": "CAN", "region_index": 6, "resource": "Iron", "is_capital": false, "region_color": "#c6193f", "base_color": "#e11d48", "centroid_lon": -119.017, "centroid_lat": 66.3437}}, {"type": "Feature", "geometry": {"type": "Point", "coordinates": [-89.2208, 19.6488]}, "properties": {"region_id": "MEX-1", "region_name": "Mexico City", "country_iso": "MEX", "region_index": 0, "resource": "None", "is_capital": true, "region_color": "#047857", "base_color": "#047857", "centroid_lon": -89.2208, "centroid_lat": 19.6488}}, {"type": "Feature", "geometry": {"type": "Point", "coordinates": [-112.0665, 29.0716]}, "properties": {"region_id": "MEX-2", "region_name": "North", "country_iso": "MEX", "region_index": 1, "resource": "None", "is_capital": false, "region_color": "#3b957b", "base_color": "#047857", "centroid_lon": -112.0665, "centroid_lat": 29.0716}}, {"type": "Feature", "geometry": {"type": "Point", "coordinates": [-97.5055, 18.0936]}, "properties": {"region_id": "MEX-3", "region_name": "Bajio", "country_iso": "MEX", "region_index": 2, "resource": "None", "is_capital": false, "region_color": "#036247", "base_color": "#047857", "centroid_lon": -97.5055, "centroid_lat": 18.0936}}, {"type": "Feature", "geometry": {"type": "Point", "coordinates": [-92.5012, 16.8644]}, "properties": {"region_id": "MEX-4", "region_name": "Pacific Coast", "country_iso": "MEX", "region_index": 3, "resource": "None", "is_capital": false, "region_color": "#22886b", "base_color": "#047857", "centroid_lon": -92.5012, "centroid_lat": 16.8644}}, {"type": "Feature", "geometry": {"type": "Point", "coordinates": [-100.733, 19.9029]}, "properties": {"region_id": "MEX-5", "region_name": "Gulf Coast", "country_iso": "MEX", "region_index": 4, "resource": "None", "is_capital": false, "region_color": "#02563e", "base_color": "#047857", "centroid_lon": -100.733, "centroid_lat": 19.9029}}, {"type": "Feature", "geometry": {"type": "Point", "coordinates": [-105.3336, 25.5936]}, "properties": {"region_id": "MEX-6", "region_name": "South", "country_iso": "MEX", "region_index": 5, "resource": "None", "is_capital": false, "region_color": "#4fa089", "base_color": "#047857", "centroid_lon": -105.3336, "centroid_lat": 25.5936}}, {"type": "Feature", "geometry": {"type": "Point", "coordinates": [-100.6331, 25.5131]}, "properties": {"region_id": "MEX-7", "region_name": "Yucatan", "country_iso": "MEX", "region_index": 6, "resource": "None", "is_capital": false, "region_color": "#03694c", "base_color": "#047857", "centroid_lon": -100.6331, "centroid_lat": 25.5131}}, {"type": "Feature", "geometry": {"type": "Point", "coordinates": [-88.8977, 16.9935]}, "properties": {"region_id": "BLZ-1", "region_name": "Cayo", "country_iso": "BLZ", "region_index": 0, "resource": "None", "is_capital": true, "region_color": "#0369a1", "base_color": "#0369a1", "centroid_lon": -88.8977, "centroid_lat": 16.9935}}, {"type": "Feature", "geometry": {"type": "Point", "coordinates": [-88.8031, 17.7635]}, "properties": {"region_id": "BLZ-2", "region_name": "Orange Walk", "country_iso": "BLZ", "region_index": 1, "resource": "None", "is_capital": false, "region_color": "#3a8ab5", "base_color": "#0369a1", "centroid_lon": -88.8031, "centroid_lat": 17.7635}}, {"type": "Feature", "geometry": {"type": "Point", "coordinates": [-88.3397, 18.2243]}, "properties": {"region_id": "BLZ-3", "region_name": "Corozal", "country_iso": "BLZ", "region_index": 2, "resource": "None", "is_capital": false, "region_color": "#025684", "base_color": "#0369a1", "centroid_lon": -88.3397, "centroid_lat": 18.2243}}, {"type": "Feature", "geometry": {"type": "Point", "coordinates": [-88.8762, 16.3075]}, "properties": {"region_id": "BLZ-4", "region_name": "Toledo", "country_iso": "BLZ", "region_index": 3, "resource": "None", "is_capital": false, "region_color": "#217bac", "base_color": "#0369a1", "centroid_lon": -88.8762, "centroid_lat": 16.3075}}, {"type": "Feature", "geometry": {"type": "Point", "coordinates": [-88.4585, 16.8326]}, "properties": {"region_id": "BLZ-5", "region_name": "Stann Creek", "country_iso": "BLZ", "region_index": 4, "resource": "None", "is_capital": false, "region_color": "#024b73", "base_color": "#0369a1", "centroid_lon": -88.4585, "centroid_lat": 16.8326}}, {"type": "Feature", "geometry": {"type": "Point", "coordinates": [-88.3886, 17.5453]}, "properties": {"region_id": "BLZ-6", "region_name": "Belize", "country_iso": "BLZ", "region_index": 5, "resource": "None", "is_capital": false, "region_color": "#4e96bd", "base_color": "#0369a1", "centroid_lon": -88.3886, "centroid_lat": 17.5453}}, {"type": "Feature", "geometry": {"type": "Point", "coordinates": [-80.4015, 7.5871]}, "properties": {"region_id": "PAN-1", "region_name": "Los Santos", "country_iso": "PAN", "region_index": 0, "resource": "None", "is_capital": true, "region_color": "#be123c", "base_color": "#be123c", "centroid_lon": -80.4015, "centroid_lat": 7.5871}}, {"type": "Feature", "geometry": {"type": "Point", "coordinates": [-82.1147, 8.5765]}, "properties": {"region_id": "PAN-2", "region_name": "Chiriqu\u00ed", "country_iso": "PAN", "region_index": 1, "resource": "None", "is_capital": false, "region_color": "#cc4666", "base_color": "#be123c", "centroid_lon": -82.1147, "centroid_lat": 8.5765}}, {"type": "Feature", "geometry": {"type": "Point", "coordinates": [-82.5912, 9.198]}, "properties": {"region_id": "PAN-3", "region_name": "Bocas del Toro", "country_iso": "PAN", "region_index": 2, "resource": "None", "is_capital": false, "region_color": "#9b0e31", "base_color": "#be123c", "centroid_lon": -82.5912, "centroid_lat": 9.198}}, {"type": "Feature", "geometry": {"type": "Point", "coordinates": [-77.8685, 8.164]}, "properties": {"region_id": "PAN-4", "region_name": "Dari\u00e9n", "country_iso": "PAN", "region_index": 3, "resource": "None", "is_capital": false, "region_color": "#c52e53", "base_color": "#be123c", "centroid_lon": -77.8685, "centroid_lat": 8.164}}, {"type": "Feature", "geometry": {"type": "Point", "coordinates": [-78.2988, 9.1627]}, "properties": {"region_id": "PAN-5", "region_name": "Kuna Yala", "country_iso": "PAN", "region_index": 4, "resource": "None", "is_capital": false, "region_color": "#880c2b", "base_color": "#be123c", "centroid_lon": -78.2988, "centroid_lat": 9.1627}}, {"type": "Feature", "geometry": {"type": "Point", "coordinates": [-81.0656, 8.054]}, "properties": {"region_id": "PAN-6", "region_name": "Veraguas", "country_iso": "PAN", "region_index": 5, "resource": "None", "is_capital": false, "region_color": "#d15976", "base_color": "#be123c", "centroid_lon": -81.0656, "centroid_lat": 8.054}}, {"type": "Feature", "geometry": {"type": "Point", "coordinates": [-79.6196, 8.9369]}, "properties": {"region_id": "PAN-7", "region_name": "Panama", "country_iso": "PAN", "region_index": 6, "resource": "None", "is_capital": false, "region_color": "#a70f34", "base_color": "#be123c", "centroid_lon": -79.6196, "centroid_lat": 8.9369}}, {"type": "Feature", "geometry": {"type": "Point", "coordinates": [-64.538, 5.0356]}, "properties": {"region_id": "VEN-1", "region_name": "Bol\u00edvar", "country_iso": "VEN", "region_index": 0, "resource": "None", "is_capital": true, "region_color": "#065f46", "base_color": "#065f46", "centroid_lon": -64.538, "centroid_lat": 5.0356}}, {"type": "Feature", "geometry": {"type": "Point", "coordinates": [-72.0978, 9.9345]}, "properties": {"region_id": "VEN-2", "region_name": "Zulia", "country_iso": "VEN", "region_index": 1, "resource": "None", "is_capital": false, "region_color": "#3c826e", "base_color": "#065f46", "centroid_lon": -72.0978, "centroid_lat": 9.9345}}, {"type": "Feature", "geometry": {"type": "Point", "coordinates": [-63.1138, 9.1554]}, "properties": {"region_id": "VEN-3", "region_name": "Anzo\u00e1tegui", "country_iso": "VEN", "region_index": 2, "resource": "None", "is_capital": false, "region_color": "#044d39", "base_color": "#065f46", "centroid_lon": -63.1138, "centroid_lat": 9.1554}}, {"type": "Feature", "geometry": {"type": "Point", "coordinates": [-69.6619, 10.6734]}, "properties": {"region_id": "VEN-4", "region_name": "Falc\u00f3n", "country_iso": "VEN", "region_index": 3, "resource": "None", "is_capital": false, "region_color": "#23725c", "base_color": "#065f46", "centroid_lon": -69.6619, "centroid_lat": 10.6734}}, {"type": "Feature", "geometry": {"type": "Point", "coordinates": [-69.26, 7.8013]}, "properties": {"region_id": "VEN-5", "region_name": "Apure", "country_iso": "VEN", "region_index": 4, "resource": "None", "is_capital": false, "region_color": "#044432", "base_color": "#065f46", "centroid_lon": -69.26, "centroid_lat": 7.8013}}, {"type": "Feature", "geometry": {"type": "Point", "coordinates": [-66.8836, 9.2024]}, "properties": {"region_id": "VEN-6", "region_name": "Gu\u00e1rico", "country_iso": "VEN", "region_index": 5, "resource": "None", "is_capital": false, "region_color": "#508f7d", "base_color": "#065f46", "centroid_lon": -66.8836, "centroid_lat": 9.2024}}, {"type": "Feature", "geometry": {"type": "Point", "coordinates": [-71.6214, 8.2618]}, "properties": {"region_id": "VEN-7", "region_name": "M\u00e9rida", "country_iso": "VEN", "region_index": 6, "resource": "None", "is_capital": false, "region_color": "#05533d", "base_color": "#065f46", "centroid_lon": -71.6214, "centroid_lat": 8.2618}}, {"type": "Feature", "geometry": {"type": "Point", "coordinates": [146.0509, -6.0424]}, "properties": {"region_id": "PNG-1", "region_name": "Morobe", "country_iso": "PNG", "region_index": 0, "resource": "None", "is_capital": true, "region_color": "#b45309", "base_color": "#b45309", "centroid_lon": 146.0509, "centroid_lat": -6.0424}}, {"type": "Feature", "geometry": {"type": "Point", "coordinates": [141.7058, -3.9132]}, "properties": {"region_id": "PNG-2", "region_name": "Sandaun", "country_iso": "PNG", "region_index": 1, "resource": "None", "is_capital": false, "region_color": "#c4783f", "base_color": "#b45309", "centroid_lon": 141.7058, "centroid_lat": -3.9132}}, {"type": "Feature", "geometry": {"type": "Point", "coordinates": [147.8949, -9.104]}, "properties": {"region_id": "PNG-3", "region_name": "Central", "country_iso": "PNG", "region_index": 2, "resource": "None", "is_capital": false, "region_color": "#934407", "base_color": "#b45309", "centroid_lon": 147.8949, "centroid_lat": -9.104}}, {"type": "Feature", "geometry": {"type": "Point", "coordinates": [150.6191, -10.0323]}, "properties": {"region_id": "PNG-4", "region_name": "Milne Bay", "country_iso": "PNG", "region_index": 3, "resource": "None", "is_capital": false, "region_color": "#bd6726", "base_color": "#b45309", "centroid_lon": 150.6191, "centroid_lat": -10.0323}}, {"type": "Feature", "geometry": {"type": "Point", "coordinates": [143.0165, -6.9959]}, "properties": {"region_id": "PNG-5", "region_name": "Western", "country_iso": "PNG", "region_index": 4, "resource": "None", "is_capital": false, "region_color": "#813b06", "base_color": "#b45309", "centroid_lon": 143.0165, "centroid_lat": -6.9959}}, {"type": "Feature", "geometry": {"type": "Point", "coordinates": [143.1721, -4.3016]}, "properties": {"region_id": "PNG-6", "region_name": "East Sepik", "country_iso": "PNG", "region_index": 5, "resource": "None", "is_capital": false, "region_color": "#ca8652", "base_color": "#b45309", "centroid_lon": 143.1721, "centroid_lat": -4.3016}}, {"type": "Feature", "geometry": {"type": "Point", "coordinates": [151.6636, -5.2608]}, "properties": {"region_id": "PNG-7", "region_name": "West New Britain", "country_iso": "PNG", "region_index": 6, "resource": "None", "is_capital": false, "region_color": "#9e4907", "base_color": "#b45309", "centroid_lon": 151.6636, "centroid_lat": -5.2608}}, {"type": "Feature", "geometry": {"type": "Point", "coordinates": [30.2199, 30.6671]}, "properties": {"region_id": "EGY-1", "region_name": "Cairo Region", "country_iso": "EGY", "region_index": 0, "resource": "None", "is_capital": true, "region_color": "#a16207", "base_color": "#a16207", "centroid_lon": 30.2199, "centroid_lat": 30.6671}}, {"type": "Feature", "geometry": {"type": "Point", "coordinates": [26.9655, 29.705]}, "properties": {"region_id": "EGY-2", "region_name": "Alexandria", "country_iso": "EGY", "region_index": 1, "resource": "None", "is_capital": false, "region_color": "#b5843d", "base_color": "#a16207", "centroid_lon": 26.9655, "centroid_lat": 29.705}}, {"type": "Feature", "geometry": {"type": "Point", "coordinates": [33.7615, 29.7034]}, "properties": {"region_id": "EGY-3", "region_name": "Sinai", "country_iso": "EGY", "region_index": 2, "resource": "None", "is_capital": false, "region_color": "#845005", "base_color": "#a16207", "centroid_lon": 33.7615, "centroid_lat": 29.7034}}, {"type": "Feature", "geometry": {"type": "Point", "coordinates": [30.1146, 24.8691]}, "properties": {"region_id": "EGY-4", "region_name": "Upper Egypt", "country_iso": "EGY", "region_index": 3, "resource": "None", "is_capital": false, "region_color": "#ac7424", "base_color": "#a16207", "centroid_lon": 30.1146, "centroid_lat": 24.8691}}, {"type": "Feature", "geometry": {"type": "Point", "coordinates": [31.3509, 30.8982]}, "properties": {"region_id": "EGY-5", "region_name": "Delta", "country_iso": "EGY", "region_index": 4, "resource": "None", "is_capital": false, "region_color": "#734605", "base_color": "#a16207", "centroid_lon": 31.3509, "centroid_lat": 30.8982}}, {"type": "Feature", "geometry": {"type": "Point", "coordinates": [32.1721, 30.0493]}, "properties": {"region_id": "EGY-6", "region_name": "Western Desert", "country_iso": "EGY", "region_index": 5, "resource": "None", "is_capital": false, "region_color": "#bd9151", "base_color": "#a16207", "centroid_lon": 32.1721, "centroid_lat": 30.0493}}, {"type": "Feature", "geometry": {"type": "Point", "coordinates": [29.8679, 28.6422]}, "properties": {"region_id": "EGY-7", "region_name": "Suez Canal", "country_iso": "EGY", "region_index": 6, "resource": "None", "is_capital": false, "region_color": "#8d5606", "base_color": "#a16207", "centroid_lon": 29.8679, "centroid_lat": 28.6422}}, {"type": "Feature", "geometry": {"type": "Point", "coordinates": [43.8368, 14.9695]}, "properties": {"region_id": "YEM-1", "region_name": "Al Hudaydah", "country_iso": "YEM", "region_index": 0, "resource": "None", "is_capital": true, "region_color": "#166534", "base_color": "#166534", "centroid_lon": 43.8368, "centroid_lat": 14.9695}}, {"type": "Feature", "geometry": {"type": "Point", "coordinates": [43.6262, 16.1355]}, "properties": {"region_id": "YEM-2", "region_name": "Hajjah", "country_iso": "YEM", "region_index": 1, "resource": "None", "is_capital": false, "region_color": "#498660", "base_color": "#166534", "centroid_lon": 43.6262, "centroid_lat": 16.1355}}, {"type": "Feature", "geometry": {"type": "Point", "coordinates": [49.9261, 16.6351]}, "properties": {"region_id": "YEM-3", "region_name": "Hadramawt", "country_iso": "YEM", "region_index": 2, "resource": "None", "is_capital": false, "region_color": "#12522a", "base_color": "#166534", "centroid_lon": 49.9261, "centroid_lat": 16.6351}}, {"type": "Feature", "geometry": {"type": "Point", "coordinates": [44.5833, 13.1501]}, "properties": {"region_id": "YEM-4", "region_name": "Lahij", "country_iso": "YEM", "region_index": 3, "resource": "None", "is_capital": false, "region_color": "#31774c", "base_color": "#166534", "centroid_lon": 44.5833, "centroid_lat": 13.1501}}, {"type": "Feature", "geometry": {"type": "Point", "coordinates": [44.0955, 13.6862]}, "properties": {"region_id": "YEM-5", "region_name": "Ta`izz", "country_iso": "YEM", "region_index": 4, "resource": "None", "is_capital": false, "region_color": "#0f4825", "base_color": "#166534", "centroid_lon": 44.0955, "centroid_lat": 13.6862}}, {"type": "Feature", "geometry": {"type": "Point", "coordinates": [46.3339, 14.6295]}, "properties": {"region_id": "YEM-6", "region_name": "Shabwah", "country_iso": "YEM", "region_index": 5, "resource": "None", "is_capital": false, "region_color": "#5b9370", "base_color": "#166534", "centroid_lon": 46.3339, "centroid_lat": 14.6295}}, {"type": "Feature", "geometry": {"type": "Point", "coordinates": [45.2192, 16.7283]}, "properties": {"region_id": "YEM-7", "region_name": "Al Jawf", "country_iso": "YEM", "region_index": 6, "resource": "None", "is_capital": false, "region_color": "#13582d", "base_color": "#166534", "centroid_lon": 45.2192, "centroid_lat": 16.7283}}, {"type": "Feature", "geometry": {"type": "Point", "coordinates": [-15.1179, 19.9878]}, "properties": {"region_id": "MRT-1", "region_name": "Inchiri", "country_iso": "MRT", "region_index": 0, "resource": "None", "is_capital": true, "region_color": "#7c3aed", "base_color": "#7c3aed", "centroid_lon": -15.1179, "centroid_lat": 19.9878}}, {"type": "Feature", "geometry": {"type": "Point", "coordinates": [-15.9838, 20.84]}, "properties": {"region_id": "MRT-2", "region_name": "Dakhlet Nouadhibou", "country_iso": "MRT", "region_index": 1, "resource": "None", "is_capital": false, "region_color": "#9865f0", "base_color": "#7c3aed", "centroid_lon": -15.9838, "centroid_lat": 20.84}}, {"type": "Feature", "geometry": {"type": "Point", "coordinates": [-9.9297, 22.7425]}, "properties": {"region_id": "MRT-3", "region_name": "Tiris Zemmour", "country_iso": "MRT", "region_index": 2, "resource": "None", "is_capital": false, "region_color": "#652fc2", "base_color": "#7c3aed", "centroid_lon": -9.9297, "centroid_lat": 22.7425}}, {"type": "Feature", "geometry": {"type": "Point", "coordinates": [-14.8467, 17.9215]}, "properties": {"region_id": "MRT-4", "region_name": "Trarza", "country_iso": "MRT", "region_index": 3, "resource": "None", "is_capital": false, "region_color": "#8b51ef", "base_color": "#7c3aed", "centroid_lon": -14.8467, "centroid_lat": 17.9215}}, {"type": "Feature", "geometry": {"type": "Point", "coordinates": [-12.4468, 16.6011]}, "properties": {"region_id": "MRT-5", "region_name": "Assaba", "country_iso": "MRT", "region_index": 4, "resource": "None", "is_capital": false, "region_color": "#5929aa", "base_color": "#7c3aed", "centroid_lon": -12.4468, "centroid_lat": 16.6011}}, {"type": "Feature", "geometry": {"type": "Point", "coordinates": [-8.4637, 18.0476]}, "properties": {"region_id": "MRT-6", "region_name": "Hodh ech Chargui", "country_iso": "MRT", "region_index": 5, "resource": "None", "is_capital": false, "region_color": "#a375f2", "base_color": "#7c3aed", "centroid_lon": -8.4637, "centroid_lat": 18.0476}}, {"type": "Feature", "geometry": {"type": "Point", "coordinates": [-15.9137, 18.1438]}, "properties": {"region_id": "MRT-7", "region_name": "Nouakchott", "country_iso": "MRT", "region_index": 6, "resource": "None", "is_capital": false, "region_color": "#6d33d0", "base_color": "#7c3aed", "centroid_lon": -15.9137, "centroid_lat": 18.1438}}, {"type": "Feature", "geometry": {"type": "Point", "coordinates": [9.8538, 1.5253]}, "properties": {"region_id": "GNQ-1", "region_name": "Litoral", "country_iso": "GNQ", "region_index": 0, "resource": "None", "is_capital": true, "region_color": "#0f766e", "base_color": "#0f766e", "centroid_lon": 9.8538, "centroid_lat": 1.5253}}, {"type": "Feature", "geometry": {"type": "Point", "coordinates": [10.9476, 1.9986]}, "properties": {"region_id": "GNQ-2", "region_name": "Ki\u00e9-Ntem", "country_iso": "GNQ", "region_index": 1, "resource": "None", "is_capital": false, "region_color": "#43948d", "base_color": "#0f766e", "centroid_lon": 10.9476, "centroid_lat": 1.9986}}, {"type": "Feature", "geometry": {"type": "Point", "coordinates": [10.43, 1.4854]}, "properties": {"region_id": "GNQ-3", "region_name": "Centro Sur", "country_iso": "GNQ", "region_index": 2, "resource": "None", "is_capital": false, "region_color": "#0c605a", "base_color": "#0f766e", "centroid_lon": 10.43, "centroid_lat": 1.4854}}, {"type": "Feature", "geometry": {"type": "Point", "coordinates": [11.0044, 1.486]}, "properties": {"region_id": "GNQ-4", "region_name": "Wele-Nz\u00e1s", "country_iso": "GNQ", "region_index": 3, "resource": "None", "is_capital": false, "region_color": "#2b867f", "base_color": "#0f766e", "centroid_lon": 11.0044, "centroid_lat": 1.486}}, {"type": "Feature", "geometry": {"type": "Point", "coordinates": [5.6269, -1.4415]}, "properties": {"region_id": "GNQ-5", "region_name": "Annob\u00f3n", "country_iso": "GNQ", "region_index": 4, "resource": "None", "is_capital": false, "region_color": "#0a544f", "base_color": "#0f766e", "centroid_lon": 5.6269, "centroid_lat": -1.4415}}, {"type": "Feature", "geometry": {"type": "Point", "coordinates": [8.8082, 3.6582]}, "properties": {"region_id": "GNQ-6", "region_name": "Bioko Norte", "country_iso": "GNQ", "region_index": 5, "resource": "None", "is_capital": false, "region_color": "#579f99", "base_color": "#0f766e", "centroid_lon": 8.8082, "centroid_lat": 3.6582}}, {"type": "Feature", "geometry": {"type": "Point", "coordinates": [8.6456, 3.4023]}, "properties": {"region_id": "GNQ-7", "region_name": "Bioko Sur", "country_iso": "GNQ", "region_index": 6, "resource": "None", "is_capital": false, "region_color": "#0d6760", "base_color": "#0f766e", "centroid_lon": 8.6456, "centroid_lat": 3.4023}}, {"type": "Feature", "geometry": {"type": "Point", "coordinates": [-14.9264, 13.5872]}, "properties": {"region_id": "GMB-1", "region_name": "Central River", "country_iso": "GMB", "region_index": 0, "resource": "None", "is_capital": true, "region_color": "#b45309", "base_color": "#b45309", "centroid_lon": -14.9264, "centroid_lat": 13.5872}}, {"type": "Feature", "geometry": {"type": "Point", "coordinates": [-16.0379, 13.5223]}, "properties": {"region_id": "GMB-2", "region_name": "North Bank", "country_iso": "GMB", "region_index": 1, "resource": "None", "is_capital": false, "region_color": "#c4783f", "base_color": "#b45309", "centroid_lon": -16.0379, "centroid_lat": 13.5223}}, {"type": "Feature", "geometry": {"type": "Point", "coordinates": [-14.1989, 13.3981]}, "properties": {"region_id": "GMB-3", "region_name": "Upper River", "country_iso": "GMB", "region_index": 2, "resource": "None", "is_capital": false, "region_color": "#934407", "base_color": "#b45309", "centroid_lon": -14.1989, "centroid_lat": 13.3981}}, {"type": "Feature", "geometry": {"type": "Point", "coordinates": [-15.7818, 13.387]}, "properties": {"region_id": "GMB-4", "region_name": "Lower River", "country_iso": "GMB", "region_index": 3, "resource": "None", "is_capital": false, "region_color": "#bd6726", "base_color": "#b45309", "centroid_lon": -15.7818, "centroid_lat": 13.387}}, {"type": "Feature", "geometry": {"type": "Point", "coordinates": [-16.4157, 13.2345]}, "properties": {"region_id": "GMB-5", "region_name": "West Coast", "country_iso": "GMB", "region_index": 4, "resource": "None", "is_capital": false, "region_color": "#813b06", "base_color": "#b45309", "centroid_lon": -16.4157, "centroid_lat": 13.2345}}, {"type": "Feature", "geometry": {"type": "Point", "coordinates": [-16.6728, 13.4182]}, "properties": {"region_id": "GMB-6", "region_name": "Banjul", "country_iso": "GMB", "region_index": 5, "resource": "None", "is_capital": false, "region_color": "#ca8652", "base_color": "#b45309", "centroid_lon": -16.6728, "centroid_lat": 13.4182}}, {"type": "Feature", "geometry": {"type": "Point", "coordinates": [113.9467, 22.2552]}, "properties": {"region_id": "HKG-1", "region_name": "Islands", "country_iso": "HKG", "region_index": 0, "resource": "None", "is_capital": true, "region_color": "#065f46", "base_color": "#065f46", "centroid_lon": 113.9467, "centroid_lat": 22.2552}}, {"type": "Feature", "geometry": {"type": "Point", "coordinates": [114.1743, 22.5048]}, "properties": {"region_id": "HKG-2", "region_name": "North", "country_iso": "HKG", "region_index": 1, "resource": "None", "is_capital": false, "region_color": "#3c826e", "base_color": "#065f46", "centroid_lon": 114.1743, "centroid_lat": 22.5048}}, {"type": "Feature", "geometry": {"type": "Point", "coordinates": [114.2305, 22.4314]}, "properties": {"region_id": "HKG-3", "region_name": "Tai Po", "country_iso": "HKG", "region_index": 2, "resource": "None", "is_capital": false, "region_color": "#044d39", "base_color": "#065f46", "centroid_lon": 114.2305, "centroid_lat": 22.4314}}, {"type": "Feature", "geometry": {"type": "Point", "coordinates": [114.3024, 22.3685]}, "properties": {"region_id": "HKG-4", "region_name": "Sai Kung", "country_iso": "HKG", "region_index": 3, "resource": "None", "is_capital": false, "region_color": "#23725c", "base_color": "#065f46", "centroid_lon": 114.3024, "centroid_lat": 22.3685}}, {"type": "Feature", "geometry": {"type": "Point", "coordinates": [114.0365, 22.4315]}, "properties": {"region_id": "HKG-5", "region_name": "Yuen Long", "country_iso": "HKG", "region_index": 4, "resource": "None", "is_capital": false, "region_color": "#044432", "base_color": "#065f46", "centroid_lon": 114.0365, "centroid_lat": 22.4315}}, {"type": "Feature", "geometry": {"type": "Point", "coordinates": [114.1789, 22.251]}, "properties": {"region_id": "HKG-6", "region_name": "Southern", "country_iso": "HKG", "region_index": 5, "resource": "None", "is_capital": false, "region_color": "#508f7d", "base_color": "#065f46", "centroid_lon": 114.1789, "centroid_lat": 22.251}}, {"type": "Feature", "geometry": {"type": "Point", "coordinates": [114.1567, 22.3446]}, "properties": {"region_id": "HKG-7", "region_name": "Kowloon City", "country_iso": "HKG", "region_index": 6, "resource": "None", "is_capital": false, "region_color": "#05533d", "base_color": "#065f46", "centroid_lon": 114.1567, "centroid_lat": 22.3446}}, {"type": "Feature", "geometry": {"type": "Point", "coordinates": [12.4536, 41.9032]}, "properties": {"region_id": "VAT-1", "region_name": "Vatican", "country_iso": "VAT", "region_index": 0, "resource": "None", "is_capital": true, "region_color": "#166534", "base_color": "#166534", "centroid_lon": 12.4536, "centroid_lat": 41.9032}}, {"type": "Feature", "geometry": {"type": "Point", "coordinates": [33.5336, 35.2736]}, "properties": {"region_id": "CYN-1", "region_name": "Northern Cyprus", "country_iso": "CYN", "region_index": 0, "resource": "None", "is_capital": true, "region_color": "#9f1239", "base_color": "#9f1239", "centroid_lon": 33.5336, "centroid_lat": 35.2736}}, {"type": "Feature", "geometry": {"type": "Point", "coordinates": [63.3791, 45.9785]}, "properties": {"region_id": "KAB-1", "region_name": "Baykonur lease in Qyzylorda", "country_iso": "KAB", "region_index": 0, "resource": "None", "is_capital": true, "region_color": "#6d28d9", "base_color": "#6d28d9", "centroid_lon": 63.3791, "centroid_lat": 45.9785}}, {"type": "Feature", "geometry": {"type": "Point", "coordinates": [32.9262, 34.6317]}, "properties": {"region_id": "WSB-1", "region_name": "Akrotiri", "country_iso": "WSB", "region_index": 0, "resource": "None", "is_capital": true, "region_color": "#6d28d9", "base_color": "#6d28d9", "centroid_lon": 32.9262, "centroid_lat": 34.6317}}, {"type": "Feature", "geometry": {"type": "Point", "coordinates": [19.9893, -80.5195]}, "properties": {"region_id": "ATA-1", "region_name": "Antarctica", "country_iso": "ATA", "region_index": 0, "resource": "None", "is_capital": true, "region_color": "#b45309", "base_color": "#b45309", "centroid_lon": 19.9893, "centroid_lat": -80.5195}}, {"type": "Feature", "geometry": {"type": "Point", "coordinates": [-44.3183, -71.5115]}, "properties": {"region_id": "ATA-2", "region_name": "Region", "country_iso": "ATA", "region_index": 1, "resource": "None", "is_capital": false, "region_color": "#c4783f", "base_color": "#b45309", "centroid_lon": -44.3183, "centroid_lat": -71.5115}}, {"type": "Feature", "geometry": {"type": "Point", "coordinates": [174.0853, -35.8343]}, "properties": {"region_id": "NZL-1", "region_name": "Northland", "country_iso": "NZL", "region_index": 0, "resource": "None", "is_capital": true, "region_color": "#b45309", "base_color": "#b45309", "centroid_lon": 174.0853, "centroid_lat": -35.8343}}, {"type": "Feature", "geometry": {"type": "Point", "coordinates": [-176.48, -43.8998]}, "properties": {"region_id": "NZL-2", "region_name": "Chatham Islands Territory", "country_iso": "NZL", "region_index": 1, "resource": "None", "is_capital": false, "region_color": "#c4783f", "base_color": "#b45309", "centroid_lon": -176.48, "centroid_lat": -43.8998}}, {"type": "Feature", "geometry": {"type": "Point", "coordinates": [166.6813, -51.0788]}, "properties": {"region_id": "NZL-3", "region_name": "Auckland Islands", "country_iso": "NZL", "region_index": 2, "resource": "None", "is_capital": false, "region_color": "#934407", "base_color": "#b45309", "centroid_lon": 166.6813, "centroid_lat": -51.0788}}, {"type": "Feature", "geometry": {"type": "Point", "coordinates": [171.7594, -42.9187]}, "properties": {"region_id": "NZL-4", "region_name": "Canterbury", "country_iso": "NZL", "region_index": 3, "resource": "None", "is_capital": false, "region_color": "#bd6726", "base_color": "#b45309", "centroid_lon": 171.7594, "centroid_lat": -42.9187}}, {"type": "Feature", "geometry": {"type": "Point", "coordinates": [168.7909, -45.498]}, "properties": {"region_id": "NZL-5", "region_name": "Otago", "country_iso": "NZL", "region_index": 4, "resource": "None", "is_capital": false, "region_color": "#813b06", "base_color": "#b45309", "centroid_lon": 168.7909, "centroid_lat": -45.498}}, {"type": "Feature", "geometry": {"type": "Point", "coordinates": [176.0031, -39.034]}, "properties": {"region_id": "NZL-6", "region_name": "Waikato", "country_iso": "NZL", "region_index": 5, "resource": "None", "is_capital": false, "region_color": "#ca8652", "base_color": "#b45309", "centroid_lon": 176.0031, "centroid_lat": -39.034}}, {"type": "Feature", "geometry": {"type": "Point", "coordinates": [-177.6716, -28.5083]}, "properties": {"region_id": "NZL-7", "region_name": "Kermadec Islands", "country_iso": "NZL", "region_index": 6, "resource": "None", "is_capital": false, "region_color": "#9e4907", "base_color": "#b45309", "centroid_lon": -177.6716, "centroid_lat": -28.5083}}, {"type": "Feature", "geometry": {"type": "Point", "coordinates": [164.9496, -20.9049]}, "properties": {"region_id": "NCL-1", "region_name": "Nord", "country_iso": "NCL", "region_index": 0, "resource": "None", "is_capital": true, "region_color": "#6d28d9", "base_color": "#6d28d9", "centroid_lon": 164.9496, "centroid_lat": -20.9049}}, {"type": "Feature", "geometry": {"type": "Point", "coordinates": [166.194, -21.8711]}, "properties": {"region_id": "NCL-2", "region_name": "Sud", "country_iso": "NCL", "region_index": 1, "resource": "None", "is_capital": false, "region_color": "#8d57e1", "base_color": "#6d28d9", "centroid_lon": 166.194, "centroid_lat": -21.8711}}, {"type": "Feature", "geometry": {"type": "Point", "coordinates": [167.4638, -21.1258]}, "properties": {"region_id": "NCL-3", "region_name": "\u00celes Loyaut\u00e9", "country_iso": "NCL", "region_index": 2, "resource": "None", "is_capital": false, "region_color": "#5920b1", "base_color": "#6d28d9", "centroid_lon": 167.4638, "centroid_lat": -21.1258}}, {"type": "Feature", "geometry": {"type": "Point", "coordinates": [146.4086, -33.8569]}, "properties": {"region_id": "AUS-1", "region_name": "New South Wales", "country_iso": "AUS", "region_index": 0, "resource": "Iron", "is_capital": true, "region_color": "#be123c", "base_color": "#be123c", "centroid_lon": 146.4086, "centroid_lat": -33.8569}}, {"type": "Feature", "geometry": {"type": "Point", "coordinates": [133.3664, -19.4189]}, "properties": {"region_id": "AUS-2", "region_name": "Victoria", "country_iso": "AUS", "region_index": 1, "resource": "None", "is_capital": false, "region_color": "#cc4666", "base_color": "#be123c", "centroid_lon": 133.3664, "centroid_lat": -19.4189}}, {"type": "Feature", "geometry": {"type": "Point", "coordinates": [122.1729, -25.4702]}, "properties": {"region_id": "AUS-3", "region_name": "Queensland", "country_iso": "AUS", "region_index": 2, "resource": "Grain", "is_capital": false, "region_color": "#9b0e31", "base_color": "#be123c", "centroid_lon": 122.1729, "centroid_lat": -25.4702}}, {"type": "Feature", "geometry": {"type": "Point", "coordinates": [144.5489, -22.5712]}, "properties": {"region_id": "AUS-4", "region_name": "Western Australia", "country_iso": "AUS", "region_index": 3, "resource": "Iron", "is_capital": false, "region_color": "#c52e53", "base_color": "#be123c", "centroid_lon": 144.5489, "centroid_lat": -22.5712}}, {"type": "Feature", "geometry": {"type": "Point", "coordinates": [159.0883, -31.5592]}, "properties": {"region_id": "AUS-5", "region_name": "South Australia", "country_iso": "AUS", "region_index": 4, "resource": "Grain", "is_capital": false, "region_color": "#880c2b", "base_color": "#be123c", "centroid_lon": 159.0883, "centroid_lat": -31.5592}}, {"type": "Feature", "geometry": {"type": "Point", "coordinates": [135.8233, -30.1096]}, "properties": {"region_id": "AUS-6", "region_name": "Northern Territory", "country_iso": "AUS", "region_index": 5, "resource": "Oil", "is_capital": false, "region_color": "#d15976", "base_color": "#be123c", "centroid_lon": 135.8233, "centroid_lat": -30.1096}}, {"type": "Feature", "geometry": {"type": "Point", "coordinates": [158.8844, -54.611]}, "properties": {"region_id": "AUS-7", "region_name": "Tasmania", "country_iso": "AUS", "region_index": 6, "resource": "None", "is_capital": false, "region_color": "#a70f34", "base_color": "#be123c", "centroid_lon": 158.8844, "centroid_lat": -54.611}}, {"type": "Feature", "geometry": {"type": "Point", "coordinates": [46.8321, -21.8357]}, "properties": {"region_id": "MDG-1", "region_name": "Ihorombe", "country_iso": "MDG", "region_index": 0, "resource": "None", "is_capital": true, "region_color": "#be185d", "base_color": "#be185d", "centroid_lon": 46.8321, "centroid_lat": -21.8357}}, {"type": "Feature", "geometry": {"type": "Point", "coordinates": [49.4281, -13.8437]}, "properties": {"region_id": "MDG-2", "region_name": "Sava", "country_iso": "MDG", "region_index": 1, "resource": "None", "is_capital": false, "region_color": "#cc4a80", "base_color": "#be185d", "centroid_lon": 49.4281, "centroid_lat": -13.8437}}, {"type": "Feature", "geometry": {"type": "Point", "coordinates": [45.9015, -17.1483]}, "properties": {"region_id": "MDG-3", "region_name": "Melaky", "country_iso": "MDG", "region_index": 2, "resource": "None", "is_capital": false, "region_color": "#9b134c", "base_color": "#be185d", "centroid_lon": 45.9015, "centroid_lat": -17.1483}}, {"type": "Feature", "geometry": {"type": "Point", "coordinates": [45.0766, -23.5988]}, "properties": {"region_id": "MDG-4", "region_name": "Atsimo-Andrefana", "country_iso": "MDG", "region_index": 3, "resource": "None", "is_capital": false, "region_color": "#c53370", "base_color": "#be185d", "centroid_lon": 45.0766, "centroid_lat": -23.5988}}, {"type": "Feature", "geometry": {"type": "Point", "coordinates": [47.2494, -23.2802]}, "properties": {"region_id": "MDG-5", "region_name": "Atsimo-Atsinanana", "country_iso": "MDG", "region_index": 4, "resource": "None", "is_capital": false, "region_color": "#881142", "base_color": "#be185d", "centroid_lon": 47.2494, "centroid_lat": -23.2802}}, {"type": "Feature", "geometry": {"type": "Point", "coordinates": [46.4447, -19.5863]}, "properties": {"region_id": "MDG-6", "region_name": "Menabe", "country_iso": "MDG", "region_index": 5, "resource": "None", "is_capital": false, "region_color": "#d15d8d", "base_color": "#be185d", "centroid_lon": 46.4447, "centroid_lat": -19.5863}}, {"type": "Feature", "geometry": {"type": "Point", "coordinates": [48.5535, -16.2614]}, "properties": {"region_id": "MDG-7", "region_name": "Sofia", "country_iso": "MDG", "region_index": 6, "resource": "None", "is_capital": false, "region_color": "#a71551", "base_color": "#be185d", "centroid_lon": 48.5535, "centroid_lat": -16.2614}}, {"type": "Feature", "geometry": {"type": "Point", "coordinates": [122.7139, 10.6827]}, "properties": {"region_id": "PHL-1", "region_name": "Negros Occidental", "country_iso": "PHL", "region_index": 0, "resource": "None", "is_capital": true, "region_color": "#7c3aed", "base_color": "#7c3aed", "centroid_lon": 122.7139, "centroid_lat": 10.6827}}, {"type": "Feature", "geometry": {"type": "Point", "coordinates": [124.6159, 7.4368]}, "properties": {"region_id": "PHL-2", "region_name": "Bukidnon", "country_iso": "PHL", "region_index": 1, "resource": "None", "is_capital": false, "region_color": "#9865f0", "base_color": "#7c3aed", "centroid_lon": 124.6159, "centroid_lat": 7.4368}}, {"type": "Feature", "geometry": {"type": "Point", "coordinates": [118.7237, 9.943]}, "properties": {"region_id": "PHL-3", "region_name": "Palawan", "country_iso": "PHL", "region_index": 2, "resource": "None", "is_capital": false, "region_color": "#652fc2", "base_color": "#7c3aed", "centroid_lon": 118.7237, "centroid_lat": 9.943}}, {"type": "Feature", "geometry": {"type": "Point", "coordinates": [121.0929, 14.341]}, "properties": {"region_id": "PHL-4", "region_name": "Quezon", "country_iso": "PHL", "region_index": 3, "resource": "None", "is_capital": false, "region_color": "#8b51ef", "base_color": "#7c3aed", "centroid_lon": 121.0929, "centroid_lat": 14.341}}, {"type": "Feature", "geometry": {"type": "Point", "coordinates": [123.6747, 13.1413]}, "properties": {"region_id": "PHL-5", "region_name": "Camarines Sur", "country_iso": "PHL", "region_index": 4, "resource": "None", "is_capital": false, "region_color": "#5929aa", "base_color": "#7c3aed", "centroid_lon": 123.6747, "centroid_lat": 13.1413}}, {"type": "Feature", "geometry": {"type": "Point", "coordinates": [121.2575, 17.1056]}, "properties": {"region_id": "PHL-6", "region_name": "Isabela", "country_iso": "PHL", "region_index": 5, "resource": "None", "is_capital": false, "region_color": "#a375f2", "base_color": "#7c3aed", "centroid_lon": 121.2575, "centroid_lat": 17.1056}}, {"type": "Feature", "geometry": {"type": "Point", "coordinates": [124.9917, 10.2922]}, "properties": {"region_id": "PHL-7", "region_name": "Samar", "country_iso": "PHL", "region_index": 6, "resource": "None", "is_capital": false, "region_color": "#6d33d0", "base_color": "#7c3aed", "centroid_lon": 124.9917, "centroid_lat": 10.2922}}, {"type": "Feature", "geometry": {"type": "Point", "coordinates": [80.1025, 7.7736]}, "properties": {"region_id": "LKA-1", "region_name": "Kuru\u1e47\u00e6gala", "country_iso": "LKA", "region_index": 0, "resource": "None", "is_capital": true, "region_color": "#be185d", "base_color": "#be185d", "centroid_lon": 80.1025, "centroid_lat": 7.7736}}, {"type": "Feature", "geometry": {"type": "Point", "coordinates": [80.3976, 9.3486]}, "properties": {"region_id": "LKA-2", "region_name": "Mulativ", "country_iso": "LKA", "region_index": 1, "resource": "None", "is_capital": false, "region_color": "#cc4a80", "base_color": "#be185d", "centroid_lon": 80.3976, "centroid_lat": 9.3486}}, {"type": "Feature", "geometry": {"type": "Point", "coordinates": [81.1834, 8.1155]}, "properties": {"region_id": "LKA-3", "region_name": "P\u014f\u1e37\u014fnnaruva", "country_iso": "LKA", "region_index": 2, "resource": "None", "is_capital": false, "region_color": "#9b134c", "base_color": "#be185d", "centroid_lon": 81.1834, "centroid_lat": 8.1155}}, {"type": "Feature", "geometry": {"type": "Point", "coordinates": [80.576, 6.3963]}, "properties": {"region_id": "LKA-4", "region_name": "Ratnapura", "country_iso": "LKA", "region_index": 3, "resource": "None", "is_capital": false, "region_color": "#c53370", "base_color": "#be185d", "centroid_lon": 80.576, "centroid_lat": 6.3963}}, {"type": "Feature", "geometry": {"type": "Point", "coordinates": [80.1624, 7.0732]}, "properties": {"region_id": "LKA-5", "region_name": "K\u00e6galla", "country_iso": "LKA", "region_index": 4, "resource": "None", "is_capital": false, "region_color": "#881142", "base_color": "#be185d", "centroid_lon": 80.1624, "centroid_lat": 7.0732}}, {"type": "Feature", "geometry": {"type": "Point", "coordinates": [81.1448, 7.1069]}, "properties": {"region_id": "LKA-6", "region_name": "M\u014f\u1e47ar\u0101gala", "country_iso": "LKA", "region_index": 5, "resource": "None", "is_capital": false, "region_color": "#d15d8d", "base_color": "#be185d", "centroid_lon": 81.1448, "centroid_lat": 7.1069}}, {"type": "Feature", "geometry": {"type": "Point", "coordinates": [80.4281, 8.5636]}, "properties": {"region_id": "LKA-7", "region_name": "Anur\u0101dhapura", "country_iso": "LKA", "region_index": 6, "resource": "None", "is_capital": false, "region_color": "#a71551", "base_color": "#be185d", "centroid_lon": 80.4281, "centroid_lat": 8.5636}}, {"type": "Feature", "geometry": {"type": "Point", "coordinates": [-68.9612, 12.1885]}, "properties": {"region_id": "CUW-1", "region_name": "Cura\u00e7ao", "country_iso": "CUW", "region_index": 0, "resource": "None", "is_capital": true, "region_color": "#0891b2", "base_color": "#0891b2", "centroid_lon": -68.9612, "centroid_lat": 12.1885}}, {"type": "Feature", "geometry": {"type": "Point", "coordinates": [-69.9844, 12.5243]}, "properties": {"region_id": "ABW-1", "region_name": "Aruba", "country_iso": "ABW", "region_index": 0, "resource": "None", "is_capital": true, "region_color": "#065f46", "base_color": "#065f46", "centroid_lon": -69.9844, "centroid_lat": 12.5243}}, {"type": "Feature", "geometry": {"type": "Point", "coordinates": [-78.3958, 26.6443]}, "properties": {"region_id": "BHS-1", "region_name": "West Grand Bahama", "country_iso": "BHS", "region_index": 0, "resource": "None", "is_capital": true, "region_color": "#6d28d9", "base_color": "#6d28d9", "centroid_lon": -78.3958, "centroid_lat": 26.6443}}, {"type": "Feature", "geometry": {"type": "Point", "coordinates": [-73.7225, 22.5557]}, "properties": {"region_id": "BHS-2", "region_name": "Acklins", "country_iso": "BHS", "region_index": 1, "resource": "None", "is_capital": false, "region_color": "#8d57e1", "base_color": "#6d28d9", "centroid_lon": -73.7225, "centroid_lat": 22.5557}}, {"type": "Feature", "geometry": {"type": "Point", "coordinates": [-73.3336, 21.0986]}, "properties": {"region_id": "BHS-3", "region_name": "Inagua", "country_iso": "BHS", "region_index": 2, "resource": "None", "is_capital": false, "region_color": "#5920b1", "base_color": "#6d28d9", "centroid_lon": -73.3336, "centroid_lat": 21.0986}}, {"type": "Feature", "geometry": {"type": "Point", "coordinates": [-77.2556, 26.3763]}, "properties": {"region_id": "BHS-4", "region_name": "Central Abaco", "country_iso": "BHS", "region_index": 3, "resource": "None", "is_capital": false, "region_color": "#7e41dd", "base_color": "#6d28d9", "centroid_lon": -77.2556, "centroid_lat": 26.3763}}, {"type": "Feature", "geometry": {"type": "Point", "coordinates": [-75.3486, 23.7675]}, "properties": {"region_id": "BHS-5", "region_name": "Long Island", "country_iso": "BHS", "region_index": 4, "resource": "None", "is_capital": false, "region_color": "#4e1c9c", "base_color": "#6d28d9", "centroid_lon": -75.3486, "centroid_lat": 23.7675}}, {"type": "Feature", "geometry": {"type": "Point", "coordinates": [-77.9247, 24.5286]}, "properties": {"region_id": "BHS-6", "region_name": "North Andros", "country_iso": "BHS", "region_index": 5, "resource": "None", "is_capital": false, "region_color": "#9868e4", "base_color": "#6d28d9", "centroid_lon": -77.9247, "centroid_lat": 24.5286}}, {"type": "Feature", "geometry": {"type": "Point", "coordinates": [-76.3714, 25.1072]}, "properties": {"region_id": "BHS-7", "region_name": "South Eleuthera", "country_iso": "BHS", "region_index": 6, "resource": "None", "is_capital": false, "region_color": "#5f23be", "base_color": "#6d28d9", "centroid_lon": -76.3714, "centroid_lat": 25.1072}}, {"type": "Feature", "geometry": {"type": "Point", "coordinates": [-72.2862, 21.7748]}, "properties": {"region_id": "TCA-1", "region_name": "Providenciales and West Caicos", "country_iso": "TCA", "region_index": 0, "resource": "None", "is_capital": true, "region_color": "#be185d", "base_color": "#be185d", "centroid_lon": -72.2862, "centroid_lat": 21.7748}}, {"type": "Feature", "geometry": {"type": "Point", "coordinates": [-71.5113, 21.6281]}, "properties": {"region_id": "TCA-2", "region_name": "South Caicos and East Caicos", "country_iso": "TCA", "region_index": 1, "resource": "None", "is_capital": false, "region_color": "#cc4a80", "base_color": "#be185d", "centroid_lon": -71.5113, "centroid_lat": 21.6281}}, {"type": "Feature", "geometry": {"type": "Point", "coordinates": [-71.7201, 21.8242]}, "properties": {"region_id": "TCA-3", "region_name": "Middle Caicos", "country_iso": "TCA", "region_index": 2, "resource": "None", "is_capital": false, "region_color": "#9b134c", "base_color": "#be185d", "centroid_lon": -71.7201, "centroid_lat": 21.8242}}, {"type": "Feature", "geometry": {"type": "Point", "coordinates": [-71.9357, 21.9064]}, "properties": {"region_id": "TCA-4", "region_name": "North Caicos", "country_iso": "TCA", "region_index": 3, "resource": "None", "is_capital": false, "region_color": "#c53370", "base_color": "#be185d", "centroid_lon": -71.9357, "centroid_lat": 21.9064}}, {"type": "Feature", "geometry": {"type": "Point", "coordinates": [-71.1416, 21.4589]}, "properties": {"region_id": "TCA-5", "region_name": "Grand Turk", "country_iso": "TCA", "region_index": 4, "resource": "None", "is_capital": false, "region_color": "#881142", "base_color": "#be185d", "centroid_lon": -71.1416, "centroid_lat": 21.4589}}, {"type": "Feature", "geometry": {"type": "Point", "coordinates": [-71.2085, 21.32]}, "properties": {"region_id": "TCA-6", "region_name": "Salt Cay", "country_iso": "TCA", "region_index": 5, "resource": "None", "is_capital": false, "region_color": "#d15d8d", "base_color": "#be185d", "centroid_lon": -71.2085, "centroid_lat": 21.32}}, {"type": "Feature", "geometry": {"type": "Point", "coordinates": [120.4629, 23.652]}, "properties": {"region_id": "TWN-1", "region_name": "Chiayi", "country_iso": "TWN", "region_index": 0, "resource": "None", "is_capital": true, "region_color": "#9f1239", "base_color": "#9f1239", "centroid_lon": 120.4629, "centroid_lat": 23.652}}, {"type": "Feature", "geometry": {"type": "Point", "coordinates": [121.2166, 23.9413]}, "properties": {"region_id": "TWN-2", "region_name": "Hualien", "country_iso": "TWN", "region_index": 1, "resource": "None", "is_capital": false, "region_color": "#b44664", "base_color": "#9f1239", "centroid_lon": 121.2166, "centroid_lat": 23.9413}}, {"type": "Feature", "geometry": {"type": "Point", "coordinates": [121.6247, 24.8068]}, "properties": {"region_id": "TWN-3", "region_name": "Yilan", "country_iso": "TWN", "region_index": 2, "resource": "None", "is_capital": false, "region_color": "#820e2e", "base_color": "#9f1239", "centroid_lon": 121.6247, "centroid_lat": 24.8068}}, {"type": "Feature", "geometry": {"type": "Point", "coordinates": [120.6965, 22.8482]}, "properties": {"region_id": "TWN-4", "region_name": "Taitung", "country_iso": "TWN", "region_index": 3, "resource": "None", "is_capital": false, "region_color": "#aa2e50", "base_color": "#9f1239", "centroid_lon": 120.6965, "centroid_lat": 22.8482}}, {"type": "Feature", "geometry": {"type": "Point", "coordinates": [120.9805, 23.8355]}, "properties": {"region_id": "TWN-5", "region_name": "Nantou", "country_iso": "TWN", "region_index": 4, "resource": "None", "is_capital": false, "region_color": "#720c29", "base_color": "#9f1239", "centroid_lon": 120.9805, "centroid_lat": 23.8355}}, {"type": "Feature", "geometry": {"type": "Point", "coordinates": [118.3613, 24.4567]}, "properties": {"region_id": "TWN-6", "region_name": "Kinmen", "country_iso": "TWN", "region_index": 5, "resource": "None", "is_capital": false, "region_color": "#bb5974", "base_color": "#9f1239", "centroid_lon": 118.3613, "centroid_lat": 24.4567}}, {"type": "Feature", "geometry": {"type": "Point", "coordinates": [121.1012, 24.6747]}, "properties": {"region_id": "TWN-7", "region_name": "Miaoli", "country_iso": "TWN", "region_index": 6, "resource": "None", "is_capital": false, "region_color": "#8b0f32", "base_color": "#9f1239", "centroid_lon": 121.1012, "centroid_lat": 24.6747}}, {"type": "Feature", "geometry": {"type": "Point", "coordinates": [141.8682, 41.8665]}, "properties": {"region_id": "JPN-1", "region_name": "Kanto", "country_iso": "JPN", "region_index": 0, "resource": "None", "is_capital": true, "region_color": "#be185d", "base_color": "#be185d", "centroid_lon": 141.8682, "centroid_lat": 41.8665}}, {"type": "Feature", "geometry": {"type": "Point", "coordinates": [133.7306, 33.6848]}, "properties": {"region_id": "JPN-2", "region_name": "Kansai", "country_iso": "JPN", "region_index": 1, "resource": "None", "is_capital": false, "region_color": "#cc4a80", "base_color": "#be185d", "centroid_lon": 133.7306, "centroid_lat": 33.6848}}, {"type": "Feature", "geometry": {"type": "Point", "coordinates": [130.3931, 31.8363]}, "properties": {"region_id": "JPN-3", "region_name": "Chubu", "country_iso": "JPN", "region_index": 2, "resource": "Iron", "is_capital": false, "region_color": "#9b134c", "base_color": "#be185d", "centroid_lon": 130.3931, "centroid_lat": 31.8363}}, {"type": "Feature", "geometry": {"type": "Point", "coordinates": [139.2077, 36.4042]}, "properties": {"region_id": "JPN-4", "region_name": "Tohoku", "country_iso": "JPN", "region_index": 3, "resource": "None", "is_capital": false, "region_color": "#c53370", "base_color": "#be185d", "centroid_lon": 139.2077, "centroid_lat": 36.4042}}, {"type": "Feature", "geometry": {"type": "Point", "coordinates": [136.4212, 35.3291]}, "properties": {"region_id": "JPN-5", "region_name": "Kyushu", "country_iso": "JPN", "region_index": 4, "resource": "Grain", "is_capital": false, "region_color": "#881142", "base_color": "#be185d", "centroid_lon": 136.4212, "centroid_lat": 35.3291}}, {"type": "Feature", "geometry": {"type": "Point", "coordinates": [134.2544, 35.0564]}, "properties": {"region_id": "JPN-6", "region_name": "Hokkaido", "country_iso": "JPN", "region_index": 5, "resource": "Grain", "is_capital": false, "region_color": "#d15d8d", "base_color": "#be185d", "centroid_lon": 134.2544, "centroid_lat": 35.0564}}, {"type": "Feature", "geometry": {"type": "Point", "coordinates": [132.0479, 34.0865]}, "properties": {"region_id": "JPN-7", "region_name": "Shikoku", "country_iso": "JPN", "region_index": 6, "resource": "None", "is_capital": false, "region_color": "#a71551", "base_color": "#be185d", "centroid_lon": 132.0479, "centroid_lat": 34.0865}}, {"type": "Feature", "geometry": {"type": "Point", "coordinates": [-56.2001, 46.7765]}, "properties": {"region_id": "SPM-1", "region_name": "Saint-Pierre", "country_iso": "SPM", "region_index": 0, "resource": "None", "is_capital": true, "region_color": "#1d4ed8", "base_color": "#1d4ed8", "centroid_lon": -56.2001, "centroid_lat": 46.7765}}, {"type": "Feature", "geometry": {"type": "Point", "coordinates": [-56.3259, 46.9696]}, "properties": {"region_id": "SPM-2", "region_name": "Miquelon-Langlade", "country_iso": "SPM", "region_index": 1, "resource": "None", "is_capital": false, "region_color": "#4e74e0", "base_color": "#1d4ed8", "centroid_lon": -56.3259, "centroid_lat": 46.9696}}, {"type": "Feature", "geometry": {"type": "Point", "coordinates": [-19.1732, 64.1524]}, "properties": {"region_id": "ISL-1", "region_name": "Su\u00f0urland", "country_iso": "ISL", "region_index": 0, "resource": "None", "is_capital": true, "region_color": "#0369a1", "base_color": "#0369a1", "centroid_lon": -19.1732, "centroid_lat": 64.1524}}, {"type": "Feature", "geometry": {"type": "Point", "coordinates": [-15.4094, 64.8938]}, "properties": {"region_id": "ISL-2", "region_name": "Austurland", "country_iso": "ISL", "region_index": 1, "resource": "None", "is_capital": false, "region_color": "#3a8ab5", "base_color": "#0369a1", "centroid_lon": -15.4094, "centroid_lat": 64.8938}}, {"type": "Feature", "geometry": {"type": "Point", "coordinates": [-22.113, 65.3213]}, "properties": {"region_id": "ISL-3", "region_name": "Vestfir\u00f0ir", "country_iso": "ISL", "region_index": 2, "resource": "None", "is_capital": false, "region_color": "#025684", "base_color": "#0369a1", "centroid_lon": -22.113, "centroid_lat": 65.3213}}, {"type": "Feature", "geometry": {"type": "Point", "coordinates": [-22.258, 63.9319]}, "properties": {"region_id": "ISL-4", "region_name": "Su\u00f0urnes", "country_iso": "ISL", "region_index": 3, "resource": "None", "is_capital": false, "region_color": "#217bac", "base_color": "#0369a1", "centroid_lon": -22.258, "centroid_lat": 63.9319}}, {"type": "Feature", "geometry": {"type": "Point", "coordinates": [-17.0638, 65.5739]}, "properties": {"region_id": "ISL-5", "region_name": "Nor\u00f0urland eystra", "country_iso": "ISL", "region_index": 4, "resource": "None", "is_capital": false, "region_color": "#024b73", "base_color": "#0369a1", "centroid_lon": -17.0638, "centroid_lat": 65.5739}}, {"type": "Feature", "geometry": {"type": "Point", "coordinates": [-21.6461, 64.1967]}, "properties": {"region_id": "ISL-6", "region_name": "H\u00f6fu\u00f0borgarsv\u00e6\u00f0i", "country_iso": "ISL", "region_index": 5, "resource": "None", "is_capital": false, "region_color": "#4e96bd", "base_color": "#0369a1", "centroid_lon": -21.6461, "centroid_lat": 64.1967}}, {"type": "Feature", "geometry": {"type": "Point", "coordinates": [-19.6958, 65.3625]}, "properties": {"region_id": "ISL-7", "region_name": "Nor\u00f0urland vestra", "country_iso": "ISL", "region_index": 6, "resource": "None", "is_capital": false, "region_color": "#025c8d", "base_color": "#0369a1", "centroid_lon": -19.6958, "centroid_lat": 65.3625}}, {"type": "Feature", "geometry": {"type": "Point", "coordinates": [-38.5688, 67.4146]}, "properties": {"region_id": "GRL-1", "region_name": "Kommuneqarfik Sermersooq", "country_iso": "GRL", "region_index": 0, "resource": "None", "is_capital": true, "region_color": "#b45309", "base_color": "#b45309", "centroid_lon": -38.5688, "centroid_lat": 67.4146}}, {"type": "Feature", "geometry": {"type": "Point", "coordinates": [-34.8727, 77.8354]}, "properties": {"region_id": "GRL-2", "region_name": "Nationalparken", "country_iso": "GRL", "region_index": 1, "resource": "None", "is_capital": false, "region_color": "#c4783f", "base_color": "#b45309", "centroid_lon": -34.8727, "centroid_lat": 77.8354}}, {"type": "Feature", "geometry": {"type": "Point", "coordinates": [-53.9417, 75.1882]}, "properties": {"region_id": "GRL-3", "region_name": "Qaasuitsup Kommunia", "country_iso": "GRL", "region_index": 2, "resource": "None", "is_capital": false, "region_color": "#934407", "base_color": "#b45309", "centroid_lon": -53.9417, "centroid_lat": 75.1882}}, {"type": "Feature", "geometry": {"type": "Point", "coordinates": [-68.4154, 76.4756]}, "properties": {"region_id": "GRL-4", "region_name": "Pituffik", "country_iso": "GRL", "region_index": 3, "resource": "None", "is_capital": false, "region_color": "#bd6726", "base_color": "#b45309", "centroid_lon": -68.4154, "centroid_lat": 76.4756}}, {"type": "Feature", "geometry": {"type": "Point", "coordinates": [-48.7461, 66.4346]}, "properties": {"region_id": "GRL-5", "region_name": "Qeqqata Kommunia", "country_iso": "GRL", "region_index": 4, "resource": "None", "is_capital": false, "region_color": "#813b06", "base_color": "#b45309", "centroid_lon": -48.7461, "centroid_lat": 66.4346}}, {"type": "Feature", "geometry": {"type": "Point", "coordinates": [-44.4144, 61.4083]}, "properties": {"region_id": "GRL-6", "region_name": "Kommune Kujalleq", "country_iso": "GRL", "region_index": 5, "resource": "None", "is_capital": false, "region_color": "#ca8652", "base_color": "#b45309", "centroid_lon": -44.4144, "centroid_lat": 61.4083}}, {"type": "Feature", "geometry": {"type": "Point", "coordinates": [-128.4345, -24.3939]}, "properties": {"region_id": "PCN-1", "region_name": "Pitcairn Islands", "country_iso": "PCN", "region_index": 0, "resource": "None", "is_capital": true, "region_color": "#1d4ed8", "base_color": "#1d4ed8", "centroid_lon": -128.4345, "centroid_lat": -24.3939}}, {"type": "Feature", "geometry": {"type": "Point", "coordinates": [-142.1871, -17.5045]}, "properties": {"region_id": "PYF-1", "region_name": "Tuamotu-Gambier", "country_iso": "PYF", "region_index": 0, "resource": "None", "is_capital": true, "region_color": "#0891b2", "base_color": "#0891b2", "centroid_lon": -142.1871, "centroid_lat": -17.5045}}, {"type": "Feature", "geometry": {"type": "Point", "coordinates": [-149.4735, -17.6451]}, "properties": {"region_id": "PYF-2", "region_name": "Windward Islands", "country_iso": "PYF", "region_index": 1, "resource": "None", "is_capital": false, "region_color": "#3ea9c2", "base_color": "#0891b2", "centroid_lon": -149.4735, "centroid_lat": -17.6451}}, {"type": "Feature", "geometry": {"type": "Point", "coordinates": [-151.5355, -16.7238]}, "properties": {"region_id": "PYF-3", "region_name": "Leeward Islands", "country_iso": "PYF", "region_index": 2, "resource": "None", "is_capital": false, "region_color": "#067691", "base_color": "#0891b2", "centroid_lon": -151.5355, "centroid_lat": -16.7238}}, {"type": "Feature", "geometry": {"type": "Point", "coordinates": [-147.9843, -24.7218]}, "properties": {"region_id": "PYF-4", "region_name": "Austral Islands", "country_iso": "PYF", "region_index": 3, "resource": "None", "is_capital": false, "region_color": "#259ebb", "base_color": "#0891b2", "centroid_lon": -147.9843, "centroid_lat": -24.7218}}, {"type": "Feature", "geometry": {"type": "Point", "coordinates": [-139.5653, -9.3653]}, "properties": {"region_id": "PYF-5", "region_name": "Marquesas Islands", "country_iso": "PYF", "region_index": 4, "resource": "None", "is_capital": false, "region_color": "#056880", "base_color": "#0891b2", "centroid_lon": -139.5653, "centroid_lat": -9.3653}}, {"type": "Feature", "geometry": {"type": "Point", "coordinates": [42.9782, -18.4977]}, "properties": {"region_id": "ATF-1", "region_name": "Iles Eparses de l'ocean Indien", "country_iso": "ATF", "region_index": 0, "resource": "None", "is_capital": true, "region_color": "#9f1239", "base_color": "#9f1239", "centroid_lon": 42.9782, "centroid_lat": -18.4977}}, {"type": "Feature", "geometry": {"type": "Point", "coordinates": [69.4903, -49.2965]}, "properties": {"region_id": "ATF-2", "region_name": "Archipel des Kerguelen", "country_iso": "ATF", "region_index": 1, "resource": "None", "is_capital": false, "region_color": "#b44664", "base_color": "#9f1239", "centroid_lon": 69.4903, "centroid_lat": -49.2965}}, {"type": "Feature", "geometry": {"type": "Point", "coordinates": [51.4217, -46.3216]}, "properties": {"region_id": "ATF-3", "region_name": "Archipel des Crozet", "country_iso": "ATF", "region_index": 2, "resource": "None", "is_capital": false, "region_color": "#820e2e", "base_color": "#9f1239", "centroid_lon": 51.4217, "centroid_lat": -46.3216}}, {"type": "Feature", "geometry": {"type": "Point", "coordinates": [77.5344, -37.9545]}, "properties": {"region_id": "ATF-4", "region_name": "Iles Saint-Paul et Nouvelle-Amsterdam", "country_iso": "ATF", "region_index": 3, "resource": "None", "is_capital": false, "region_color": "#aa2e50", "base_color": "#9f1239", "centroid_lon": 77.5344, "centroid_lat": -37.9545}}, {"type": "Feature", "geometry": {"type": "Point", "coordinates": [55.4279, -4.618]}, "properties": {"region_id": "SYC-1", "region_name": "Port Glaud", "country_iso": "SYC", "region_index": 0, "resource": "None", "is_capital": true, "region_color": "#0891b2", "base_color": "#0891b2", "centroid_lon": 55.4279, "centroid_lat": -4.618}}, {"type": "Feature", "geometry": {"type": "Point", "coordinates": [55.4686, -4.6699]}, "properties": {"region_id": "SYC-2", "region_name": "Grand'Anse", "country_iso": "SYC", "region_index": 1, "resource": "None", "is_capital": false, "region_color": "#3ea9c2", "base_color": "#0891b2", "centroid_lon": 55.4686, "centroid_lat": -4.6699}}, {"type": "Feature", "geometry": {"type": "Point", "coordinates": [46.8794, -9.2855]}, "properties": {"region_id": "SYC-3", "region_name": "Outer Islands", "country_iso": "SYC", "region_index": 2, "resource": "None", "is_capital": false, "region_color": "#067691", "base_color": "#0891b2", "centroid_lon": 46.8794, "centroid_lat": -9.2855}}, {"type": "Feature", "geometry": {"type": "Point", "coordinates": [55.4806, -4.6455]}, "properties": {"region_id": "SYC-4", "region_name": "Mont Fleuri", "country_iso": "SYC", "region_index": 3, "resource": "None", "is_capital": false, "region_color": "#259ebb", "base_color": "#0891b2", "centroid_lon": 55.4806, "centroid_lat": -4.6455}}, {"type": "Feature", "geometry": {"type": "Point", "coordinates": [55.5151, -4.703]}, "properties": {"region_id": "SYC-5", "region_name": "Au Cap", "country_iso": "SYC", "region_index": 4, "resource": "None", "is_capital": false, "region_color": "#056880", "base_color": "#0891b2", "centroid_lon": 55.5151, "centroid_lat": -4.703}}, {"type": "Feature", "geometry": {"type": "Point", "coordinates": [55.6632, -4.3369]}, "properties": {"region_id": "SYC-6", "region_name": "La Digue and Inner Islands", "country_iso": "SYC", "region_index": 5, "resource": "None", "is_capital": false, "region_color": "#52b2c9", "base_color": "#0891b2", "centroid_lon": 55.6632, "centroid_lat": -4.3369}}, {"type": "Feature", "geometry": {"type": "Point", "coordinates": [55.4934, -4.7524]}, "properties": {"region_id": "SYC-7", "region_name": "Baie Lazare", "country_iso": "SYC", "region_index": 6, "resource": "None", "is_capital": false, "region_color": "#077f9c", "base_color": "#0891b2", "centroid_lon": 55.4934, "centroid_lat": -4.7524}}, {"type": "Feature", "geometry": {"type": "Point", "coordinates": [-54.8541, 0.8702]}, "properties": {"region_id": "KIR-1", "region_name": "Kiribati", "country_iso": "KIR", "region_index": 0, "resource": "None", "is_capital": true, "region_color": "#0f766e", "base_color": "#0f766e", "centroid_lon": -54.8541, "centroid_lat": 0.8702}}, {"type": "Feature", "geometry": {"type": "Point", "coordinates": [-165.4534, -4.808]}, "properties": {"region_id": "KIR-2", "region_name": "Region", "country_iso": "KIR", "region_index": 1, "resource": "None", "is_capital": false, "region_color": "#43948d", "base_color": "#0f766e", "centroid_lon": -165.4534, "centroid_lat": -4.808}}, {"type": "Feature", "geometry": {"type": "Point", "coordinates": [169.2093, 6.4362]}, "properties": {"region_id": "MHL-1", "region_name": "Railik Chain", "country_iso": "MHL", "region_index": 0, "resource": "None", "is_capital": true, "region_color": "#1d4ed8", "base_color": "#1d4ed8", "centroid_lon": 169.2093, "centroid_lat": 6.4362}}, {"type": "Feature", "geometry": {"type": "Point", "coordinates": [171.4584, 7.1022]}, "properties": {"region_id": "MHL-2", "region_name": "Ratak Chain", "country_iso": "MHL", "region_index": 1, "resource": "None", "is_capital": false, "region_color": "#4e74e0", "base_color": "#1d4ed8", "centroid_lon": 171.4584, "centroid_lat": 7.1022}}, {"type": "Feature", "geometry": {"type": "Point", "coordinates": [-61.437, 10.6674]}, "properties": {"region_id": "TTO-1", "region_name": "San Juan-Laventille", "country_iso": "TTO", "region_index": 0, "resource": "None", "is_capital": true, "region_color": "#0369a1", "base_color": "#0369a1", "centroid_lon": -61.437, "centroid_lat": 10.6674}}, {"type": "Feature", "geometry": {"type": "Point", "coordinates": [-61.3299, 10.5312]}, "properties": {"region_id": "TTO-2", "region_name": "Couva-Tabaquite-Talparo", "country_iso": "TTO", "region_index": 1, "resource": "None", "is_capital": false, "region_color": "#3a8ab5", "base_color": "#0369a1", "centroid_lon": -61.3299, "centroid_lat": 10.5312}}, {"type": "Feature", "geometry": {"type": "Point", "coordinates": [-61.1764, 10.2569]}, "properties": {"region_id": "TTO-3", "region_name": "Rio Claro-Mayaro", "country_iso": "TTO", "region_index": 2, "resource": "None", "is_capital": false, "region_color": "#025684", "base_color": "#0369a1", "centroid_lon": -61.1764, "centroid_lat": 10.2569}}, {"type": "Feature", "geometry": {"type": "Point", "coordinates": [-61.5785, 10.1464]}, "properties": {"region_id": "TTO-4", "region_name": "Siparia", "country_iso": "TTO", "region_index": 3, "resource": "None", "is_capital": false, "region_color": "#217bac", "base_color": "#0369a1", "centroid_lon": -61.5785, "centroid_lat": 10.1464}}, {"type": "Feature", "geometry": {"type": "Point", "coordinates": [-61.1123, 10.6523]}, "properties": {"region_id": "TTO-5", "region_name": "Sangre Grande", "country_iso": "TTO", "region_index": 4, "resource": "None", "is_capital": false, "region_color": "#024b73", "base_color": "#0369a1", "centroid_lon": -61.1123, "centroid_lat": 10.6523}}, {"type": "Feature", "geometry": {"type": "Point", "coordinates": [-60.637, 11.2605]}, "properties": {"region_id": "TTO-6", "region_name": "Eastern Tobago", "country_iso": "TTO", "region_index": 5, "resource": "None", "is_capital": false, "region_color": "#4e96bd", "base_color": "#0369a1", "centroid_lon": -60.637, "centroid_lat": 11.2605}}, {"type": "Feature", "geometry": {"type": "Point", "coordinates": [-61.575, 10.7071]}, "properties": {"region_id": "TTO-7", "region_name": "Diego Martin", "country_iso": "TTO", "region_index": 6, "resource": "None", "is_capital": false, "region_color": "#025c8d", "base_color": "#0369a1", "centroid_lon": -61.575, "centroid_lat": 10.7071}}, {"type": "Feature", "geometry": {"type": "Point", "coordinates": [-61.7312, 12.0545]}, "properties": {"region_id": "GRD-1", "region_name": "Saint George", "country_iso": "GRD", "region_index": 0, "resource": "None", "is_capital": true, "region_color": "#6d28d9", "base_color": "#6d28d9", "centroid_lon": -61.7312, "centroid_lat": 12.0545}}, {"type": "Feature", "geometry": {"type": "Point", "coordinates": [-61.668, 12.0552]}, "properties": {"region_id": "GRD-2", "region_name": "Saint David", "country_iso": "GRD", "region_index": 1, "resource": "None", "is_capital": false, "region_color": "#8d57e1", "base_color": "#6d28d9", "centroid_lon": -61.668, "centroid_lat": 12.0552}}, {"type": "Feature", "geometry": {"type": "Point", "coordinates": [-61.6488, 12.1147]}, "properties": {"region_id": "GRD-3", "region_name": "Saint Andrew", "country_iso": "GRD", "region_index": 2, "resource": "None", "is_capital": false, "region_color": "#5920b1", "base_color": "#6d28d9", "centroid_lon": -61.6488, "centroid_lat": 12.1147}}, {"type": "Feature", "geometry": {"type": "Point", "coordinates": [-61.6289, 12.1975]}, "properties": {"region_id": "GRD-4", "region_name": "Saint Patrick", "country_iso": "GRD", "region_index": 3, "resource": "None", "is_capital": false, "region_color": "#7e41dd", "base_color": "#6d28d9", "centroid_lon": -61.6289, "centroid_lat": 12.1975}}, {"type": "Feature", "geometry": {"type": "Point", "coordinates": [-61.6669, 12.187]}, "properties": {"region_id": "GRD-5", "region_name": "Saint Mark", "country_iso": "GRD", "region_index": 4, "resource": "None", "is_capital": false, "region_color": "#4e1c9c", "base_color": "#6d28d9", "centroid_lon": -61.6669, "centroid_lat": 12.187}}, {"type": "Feature", "geometry": {"type": "Point", "coordinates": [-61.7058, 12.1414]}, "properties": {"region_id": "GRD-6", "region_name": "Saint John", "country_iso": "GRD", "region_index": 5, "resource": "None", "is_capital": false, "region_color": "#9868e4", "base_color": "#6d28d9", "centroid_lon": -61.7058, "centroid_lat": 12.1414}}, {"type": "Feature", "geometry": {"type": "Point", "coordinates": [-61.4486, 12.4945]}, "properties": {"region_id": "GRD-7", "region_name": "Carriacou and Petite Martinique", "country_iso": "GRD", "region_index": 6, "resource": "None", "is_capital": false, "region_color": "#5f23be", "base_color": "#6d28d9", "centroid_lon": -61.4486, "centroid_lat": 12.4945}}, {"type": "Feature", "geometry": {"type": "Point", "coordinates": [-61.283, 12.8736]}, "properties": {"region_id": "VCT-1", "region_name": "Grenadines", "country_iso": "VCT", "region_index": 0, "resource": "None", "is_capital": true, "region_color": "#a16207", "base_color": "#a16207", "centroid_lon": -61.283, "centroid_lat": 12.8736}}, {"type": "Feature", "geometry": {"type": "Point", "coordinates": [-61.223, 13.2101]}, "properties": {"region_id": "VCT-2", "region_name": "Saint Andrew", "country_iso": "VCT", "region_index": 1, "resource": "None", "is_capital": false, "region_color": "#b5843d", "base_color": "#a16207", "centroid_lon": -61.223, "centroid_lat": 13.2101}}, {"type": "Feature", "geometry": {"type": "Point", "coordinates": [-61.1873, 13.1769]}, "properties": {"region_id": "VCT-3", "region_name": "Saint George", "country_iso": "VCT", "region_index": 2, "resource": "None", "is_capital": false, "region_color": "#845005", "base_color": "#a16207", "centroid_lon": -61.1873, "centroid_lat": 13.1769}}, {"type": "Feature", "geometry": {"type": "Point", "coordinates": [-61.1599, 13.2771]}, "properties": {"region_id": "VCT-4", "region_name": "Charlotte", "country_iso": "VCT", "region_index": 3, "resource": "None", "is_capital": false, "region_color": "#ac7424", "base_color": "#a16207", "centroid_lon": -61.1599, "centroid_lat": 13.2771}}, {"type": "Feature", "geometry": {"type": "Point", "coordinates": [-61.2078, 13.3108]}, "properties": {"region_id": "VCT-5", "region_name": "Saint David", "country_iso": "VCT", "region_index": 4, "resource": "None", "is_capital": false, "region_color": "#734605", "base_color": "#a16207", "centroid_lon": -61.2078, "centroid_lat": 13.3108}}, {"type": "Feature", "geometry": {"type": "Point", "coordinates": [-61.2389, 13.2398]}, "properties": {"region_id": "VCT-6", "region_name": "Saint Patrick", "country_iso": "VCT", "region_index": 5, "resource": "None", "is_capital": false, "region_color": "#bd9151", "base_color": "#a16207", "centroid_lon": -61.2389, "centroid_lat": 13.2398}}, {"type": "Feature", "geometry": {"type": "Point", "coordinates": [-59.5969, 13.1713]}, "properties": {"region_id": "BRB-1", "region_name": "Saint Thomas", "country_iso": "BRB", "region_index": 0, "resource": "None", "is_capital": true, "region_color": "#b45309", "base_color": "#b45309", "centroid_lon": -59.5969, "centroid_lat": 13.1713}}, {"type": "Feature", "geometry": {"type": "Point", "coordinates": [-59.6084, 13.2822]}, "properties": {"region_id": "BRB-2", "region_name": "Saint Lucy", "country_iso": "BRB", "region_index": 1, "resource": "None", "is_capital": false, "region_color": "#c4783f", "base_color": "#b45309", "centroid_lon": -59.6084, "centroid_lat": 13.2822}}, {"type": "Feature", "geometry": {"type": "Point", "coordinates": [-59.5452, 13.1998]}, "properties": {"region_id": "BRB-3", "region_name": "Saint John", "country_iso": "BRB", "region_index": 2, "resource": "None", "is_capital": false, "region_color": "#934407", "base_color": "#b45309", "centroid_lon": -59.5452, "centroid_lat": 13.1998}}, {"type": "Feature", "geometry": {"type": "Point", "coordinates": [-59.6226, 13.2104]}, "properties": {"region_id": "BRB-4", "region_name": "Saint James", "country_iso": "BRB", "region_index": 3, "resource": "None", "is_capital": false, "region_color": "#bd6726", "base_color": "#b45309", "centroid_lon": -59.6226, "centroid_lat": 13.2104}}, {"type": "Feature", "geometry": {"type": "Point", "coordinates": [-59.5569, 13.133]}, "properties": {"region_id": "BRB-5", "region_name": "Saint George", "country_iso": "BRB", "region_index": 4, "resource": "None", "is_capital": false, "region_color": "#813b06", "base_color": "#b45309", "centroid_lon": -59.5569, "centroid_lat": 13.133}}, {"type": "Feature", "geometry": {"type": "Point", "coordinates": [-59.5347, 13.1073]}, "properties": {"region_id": "BRB-6", "region_name": "Saint Philip", "country_iso": "BRB", "region_index": 5, "resource": "None", "is_capital": false, "region_color": "#ca8652", "base_color": "#b45309", "centroid_lon": -59.5347, "centroid_lat": 13.1073}}, {"type": "Feature", "geometry": {"type": "Point", "coordinates": [-59.5989, 13.1344]}, "properties": {"region_id": "BRB-7", "region_name": "Saint Michael", "country_iso": "BRB", "region_index": 6, "resource": "None", "is_capital": false, "region_color": "#9e4907", "base_color": "#b45309", "centroid_lon": -59.5989, "centroid_lat": 13.1344}}, {"type": "Feature", "geometry": {"type": "Point", "coordinates": [-60.9172, 14.0044]}, "properties": {"region_id": "LCA-1", "region_name": "Dauphin", "country_iso": "LCA", "region_index": 0, "resource": "None", "is_capital": true, "region_color": "#be123c", "base_color": "#be123c", "centroid_lon": -60.9172, "centroid_lat": 14.0044}}, {"type": "Feature", "geometry": {"type": "Point", "coordinates": [-60.9892, 13.9564]}, "properties": {"region_id": "LCA-2", "region_name": "Castries", "country_iso": "LCA", "region_index": 1, "resource": "None", "is_capital": false, "region_color": "#cc4666", "base_color": "#be123c", "centroid_lon": -60.9892, "centroid_lat": 13.9564}}, {"type": "Feature", "geometry": {"type": "Point", "coordinates": [-60.9324, 14.0753]}, "properties": {"region_id": "LCA-3", "region_name": "Gros Islet", "country_iso": "LCA", "region_index": 2, "resource": "None", "is_capital": false, "region_color": "#9b0e31", "base_color": "#be123c", "centroid_lon": -60.9324, "centroid_lat": 14.0753}}, {"type": "Feature", "geometry": {"type": "Point", "coordinates": [-61.0352, 13.8648]}, "properties": {"region_id": "LCA-4", "region_name": "Soufri\u00e8re", "country_iso": "LCA", "region_index": 3, "resource": "None", "is_capital": false, "region_color": "#c52e53", "base_color": "#be123c", "centroid_lon": -61.0352, "centroid_lat": 13.8648}}, {"type": "Feature", "geometry": {"type": "Point", "coordinates": [-60.9293, 13.935]}, "properties": {"region_id": "LCA-5", "region_name": "Dennery", "country_iso": "LCA", "region_index": 4, "resource": "None", "is_capital": false, "region_color": "#880c2b", "base_color": "#be123c", "centroid_lon": -60.9293, "centroid_lat": 13.935}}, {"type": "Feature", "geometry": {"type": "Point", "coordinates": [-60.9429, 13.7945]}, "properties": {"region_id": "LCA-6", "region_name": "Vieux Fort", "country_iso": "LCA", "region_index": 5, "resource": "None", "is_capital": false, "region_color": "#d15976", "base_color": "#be123c", "centroid_lon": -60.9429, "centroid_lat": 13.7945}}, {"type": "Feature", "geometry": {"type": "Point", "coordinates": [-60.9879, 13.7876]}, "properties": {"region_id": "LCA-7", "region_name": "Laborie", "country_iso": "LCA", "region_index": 6, "resource": "None", "is_capital": false, "region_color": "#a70f34", "base_color": "#be123c", "centroid_lon": -60.9879, "centroid_lat": 13.7876}}, {"type": "Feature", "geometry": {"type": "Point", "coordinates": [-61.2895, 15.3976]}, "properties": {"region_id": "DMA-1", "region_name": "Saint David", "country_iso": "DMA", "region_index": 0, "resource": "None", "is_capital": true, "region_color": "#1d4ed8", "base_color": "#1d4ed8", "centroid_lon": -61.2895, "centroid_lat": 15.3976}}, {"type": "Feature", "geometry": {"type": "Point", "coordinates": [-61.3226, 15.2786]}, "properties": {"region_id": "DMA-2", "region_name": "Saint Patrick", "country_iso": "DMA", "region_index": 1, "resource": "None", "is_capital": false, "region_color": "#4e74e0", "base_color": "#1d4ed8", "centroid_lon": -61.3226, "centroid_lat": 15.2786}}, {"type": "Feature", "geometry": {"type": "Point", "coordinates": [-61.4545, 15.5547]}, "properties": {"region_id": "DMA-3", "region_name": "Saint John", "country_iso": "DMA", "region_index": 2, "resource": "None", "is_capital": false, "region_color": "#173fb1", "base_color": "#1d4ed8", "centroid_lon": -61.4545, "centroid_lat": 15.5547}}, {"type": "Feature", "geometry": {"type": "Point", "coordinates": [-61.3675, 15.2286]}, "properties": {"region_id": "DMA-4", "region_name": "Saint Mark", "country_iso": "DMA", "region_index": 3, "resource": "None", "is_capital": false, "region_color": "#3863dc", "base_color": "#1d4ed8", "centroid_lon": -61.3675, "centroid_lat": 15.2286}}, {"type": "Feature", "geometry": {"type": "Point", "coordinates": [-61.37, 15.3638]}, "properties": {"region_id": "DMA-5", "region_name": "Saint Paul", "country_iso": "DMA", "region_index": 4, "resource": "None", "is_capital": false, "region_color": "#14389b", "base_color": "#1d4ed8", "centroid_lon": -61.37, "centroid_lat": 15.3638}}, {"type": "Feature", "geometry": {"type": "Point", "coordinates": [-61.388, 15.5141]}, "properties": {"region_id": "DMA-6", "region_name": "Saint Andrew", "country_iso": "DMA", "region_index": 5, "resource": "None", "is_capital": false, "region_color": "#6083e3", "base_color": "#1d4ed8", "centroid_lon": -61.388, "centroid_lat": 15.5141}}, {"type": "Feature", "geometry": {"type": "Point", "coordinates": [-61.3618, 15.2526]}, "properties": {"region_id": "DMA-7", "region_name": "Saint Luke", "country_iso": "DMA", "region_index": 6, "resource": "None", "is_capital": false, "region_color": "#1944be", "base_color": "#1d4ed8", "centroid_lon": -61.3618, "centroid_lat": 15.2526}}, {"type": "Feature", "geometry": {"type": "Point", "coordinates": [-160.0212, -0.3791]}, "properties": {"region_id": "UMI-1", "region_name": "Jarvis Island", "country_iso": "UMI", "region_index": 0, "resource": "None", "is_capital": true, "region_color": "#166534", "base_color": "#166534", "centroid_lon": -160.0212, "centroid_lat": -0.3791}}, {"type": "Feature", "geometry": {"type": "Point", "coordinates": [-169.5382, 16.7361]}, "properties": {"region_id": "UMI-2", "region_name": "Johnston Atoll", "country_iso": "UMI", "region_index": 1, "resource": "None", "is_capital": false, "region_color": "#498660", "base_color": "#166534", "centroid_lon": -169.5382, "centroid_lat": 16.7361}}, {"type": "Feature", "geometry": {"type": "Point", "coordinates": [-177.3601, 28.2048]}, "properties": {"region_id": "UMI-3", "region_name": "Midway Islands", "country_iso": "UMI", "region_index": 2, "resource": "None", "is_capital": false, "region_color": "#12522a", "base_color": "#166534", "centroid_lon": -177.3601, "centroid_lat": 28.2048}}, {"type": "Feature", "geometry": {"type": "Point", "coordinates": [-176.5567, 0.5184]}, "properties": {"region_id": "UMI-4", "region_name": "Baker Island", "country_iso": "UMI", "region_index": 3, "resource": "None", "is_capital": false, "region_color": "#31774c", "base_color": "#166534", "centroid_lon": -176.5567, "centroid_lat": 0.5184}}, {"type": "Feature", "geometry": {"type": "Point", "coordinates": [-162.0827, 5.8827]}, "properties": {"region_id": "UMI-5", "region_name": "Palmyra Atoll", "country_iso": "UMI", "region_index": 4, "resource": "None", "is_capital": false, "region_color": "#0f4825", "base_color": "#166534", "centroid_lon": -162.0827, "centroid_lat": 5.8827}}, {"type": "Feature", "geometry": {"type": "Point", "coordinates": [-75.0093, 18.4032]}, "properties": {"region_id": "UMI-6", "region_name": "Navassa Island", "country_iso": "UMI", "region_index": 5, "resource": "None", "is_capital": false, "region_color": "#5b9370", "base_color": "#166534", "centroid_lon": -75.0093, "centroid_lat": 18.4032}}, {"type": "Feature", "geometry": {"type": "Point", "coordinates": [166.6438, 19.2885]}, "properties": {"region_id": "UMI-7", "region_name": "Wake Atoll", "country_iso": "UMI", "region_index": 6, "resource": "None", "is_capital": false, "region_color": "#13582d", "base_color": "#166534", "centroid_lon": 166.6438, "centroid_lat": 19.2885}}, {"type": "Feature", "geometry": {"type": "Point", "coordinates": [-62.1884, 16.7905]}, "properties": {"region_id": "MSR-1", "region_name": "Saint Peter", "country_iso": "MSR", "region_index": 0, "resource": "None", "is_capital": true, "region_color": "#15803d", "base_color": "#15803d", "centroid_lon": -62.1884, "centroid_lat": 16.7905}}, {"type": "Feature", "geometry": {"type": "Point", "coordinates": [-62.2078, 16.7169]}, "properties": {"region_id": "MSR-2", "region_name": "Saint Anthony", "country_iso": "MSR", "region_index": 1, "resource": "None", "is_capital": false, "region_color": "#489b67", "base_color": "#15803d", "centroid_lon": -62.2078, "centroid_lat": 16.7169}}, {"type": "Feature", "geometry": {"type": "Point", "coordinates": [-62.1623, 16.7345]}, "properties": {"region_id": "MSR-3", "region_name": "Saint Georges", "country_iso": "MSR", "region_index": 2, "resource": "None", "is_capital": false, "region_color": "#116832", "base_color": "#15803d", "centroid_lon": -62.1623, "centroid_lat": 16.7345}}, {"type": "Feature", "geometry": {"type": "Point", "coordinates": [-61.6947, 17.0526]}, "properties": {"region_id": "ATG-1", "region_name": "Saint Philip", "country_iso": "ATG", "region_index": 0, "resource": "None", "is_capital": true, "region_color": "#166534", "base_color": "#166534", "centroid_lon": -61.6947, "centroid_lat": 17.0526}}, {"type": "Feature", "geometry": {"type": "Point", "coordinates": [-61.7618, 17.0338]}, "properties": {"region_id": "ATG-2", "region_name": "Saint Paul", "country_iso": "ATG", "region_index": 1, "resource": "None", "is_capital": false, "region_color": "#498660", "base_color": "#166534", "centroid_lon": -61.7618, "centroid_lat": 17.0338}}, {"type": "Feature", "geometry": {"type": "Point", "coordinates": [-61.8473, 17.0469]}, "properties": {"region_id": "ATG-3", "region_name": "Saint Mary", "country_iso": "ATG", "region_index": 2, "resource": "None", "is_capital": false, "region_color": "#12522a", "base_color": "#166534", "centroid_lon": -61.8473, "centroid_lat": 17.0469}}, {"type": "Feature", "geometry": {"type": "Point", "coordinates": [-61.7608, 17.1061]}, "properties": {"region_id": "ATG-4", "region_name": "Saint Peter", "country_iso": "ATG", "region_index": 3, "resource": "None", "is_capital": false, "region_color": "#31774c", "base_color": "#166534", "centroid_lon": -61.7608, "centroid_lat": 17.1061}}, {"type": "Feature", "geometry": {"type": "Point", "coordinates": [-62.3461, 16.9336]}, "properties": {"region_id": "ATG-5", "region_name": "Redonda", "country_iso": "ATG", "region_index": 4, "resource": "None", "is_capital": false, "region_color": "#0f4825", "base_color": "#166534", "centroid_lon": -62.3461, "centroid_lat": 16.9336}}, {"type": "Feature", "geometry": {"type": "Point", "coordinates": [-61.8037, 17.6356]}, "properties": {"region_id": "ATG-6", "region_name": "Barbuda", "country_iso": "ATG", "region_index": 5, "resource": "None", "is_capital": false, "region_color": "#5b9370", "base_color": "#166534", "centroid_lon": -61.8037, "centroid_lat": 17.6356}}, {"type": "Feature", "geometry": {"type": "Point", "coordinates": [-61.8206, 17.1086]}, "properties": {"region_id": "ATG-7", "region_name": "Saint John", "country_iso": "ATG", "region_index": 6, "resource": "None", "is_capital": false, "region_color": "#13582d", "base_color": "#166534", "centroid_lon": -61.8206, "centroid_lat": 17.1086}}, {"type": "Feature", "geometry": {"type": "Point", "coordinates": [-62.7961, 17.3555]}, "properties": {"region_id": "KNA-1", "region_name": "Saint Thomas Middle Island", "country_iso": "KNA", "region_index": 0, "resource": "None", "is_capital": true, "region_color": "#065f46", "base_color": "#065f46", "centroid_lon": -62.7961, "centroid_lat": 17.3555}}, {"type": "Feature", "geometry": {"type": "Point", "coordinates": [-62.6041, 17.126]}, "properties": {"region_id": "KNA-2", "region_name": "Saint John Figtree", "country_iso": "KNA", "region_index": 1, "resource": "None", "is_capital": false, "region_color": "#3c826e", "base_color": "#065f46", "centroid_lon": -62.6041, "centroid_lat": 17.126}}, {"type": "Feature", "geometry": {"type": "Point", "coordinates": [-62.5991, 17.1396]}, "properties": {"region_id": "KNA-3", "region_name": "Saint Paul Charlestown", "country_iso": "KNA", "region_index": 2, "resource": "None", "is_capital": false, "region_color": "#044d39", "base_color": "#065f46", "centroid_lon": -62.5991, "centroid_lat": 17.1396}}, {"type": "Feature", "geometry": {"type": "Point", "coordinates": [-62.6033, 17.1725]}, "properties": {"region_id": "KNA-4", "region_name": "Saint Thomas Lowland", "country_iso": "KNA", "region_index": 3, "resource": "None", "is_capital": false, "region_color": "#23725c", "base_color": "#065f46", "centroid_lon": -62.6033, "centroid_lat": 17.1725}}, {"type": "Feature", "geometry": {"type": "Point", "coordinates": [-62.5586, 17.1602]}, "properties": {"region_id": "KNA-5", "region_name": "Saint James Windward", "country_iso": "KNA", "region_index": 4, "resource": "None", "is_capital": false, "region_color": "#044432", "base_color": "#065f46", "centroid_lon": -62.5586, "centroid_lat": 17.1602}}, {"type": "Feature", "geometry": {"type": "Point", "coordinates": [-62.6666, 17.2713]}, "properties": {"region_id": "KNA-6", "region_name": "Saint George Basseterre", "country_iso": "KNA", "region_index": 5, "resource": "None", "is_capital": false, "region_color": "#508f7d", "base_color": "#065f46", "centroid_lon": -62.6666, "centroid_lat": 17.2713}}, {"type": "Feature", "geometry": {"type": "Point", "coordinates": [-62.5626, 17.1183]}, "properties": {"region_id": "KNA-7", "region_name": "Saint George Gingerland", "country_iso": "KNA", "region_index": 6, "resource": "None", "is_capital": false, "region_color": "#05533d", "base_color": "#065f46", "centroid_lon": -62.5626, "centroid_lat": 17.1183}}, {"type": "Feature", "geometry": {"type": "Point", "coordinates": [-64.7691, 17.7345]}, "properties": {"region_id": "VIR-1", "region_name": "Saint Croix", "country_iso": "VIR", "region_index": 0, "resource": "None", "is_capital": true, "region_color": "#b91c1c", "base_color": "#b91c1c", "centroid_lon": -64.7691, "centroid_lat": 17.7345}}, {"type": "Feature", "geometry": {"type": "Point", "coordinates": [-64.7302, 18.3363]}, "properties": {"region_id": "VIR-2", "region_name": "Saint John", "country_iso": "VIR", "region_index": 1, "resource": "None", "is_capital": false, "region_color": "#c84d4d", "base_color": "#b91c1c", "centroid_lon": -64.7302, "centroid_lat": 18.3363}}, {"type": "Feature", "geometry": {"type": "Point", "coordinates": [-64.9568, 18.3482]}, "properties": {"region_id": "VIR-3", "region_name": "Saint Thomas", "country_iso": "VIR", "region_index": 2, "resource": "None", "is_capital": false, "region_color": "#971616", "base_color": "#b91c1c", "centroid_lon": -64.9568, "centroid_lat": 18.3482}}, {"type": "Feature", "geometry": {"type": "Point", "coordinates": [-62.8226, 17.9123]}, "properties": {"region_id": "BLM-1", "region_name": "Saint Barth\u00e9lemy", "country_iso": "BLM", "region_index": 0, "resource": "None", "is_capital": true, "region_color": "#9f1239", "base_color": "#9f1239", "centroid_lon": -62.8226, "centroid_lat": 17.9123}}, {"type": "Feature", "geometry": {"type": "Point", "coordinates": [-66.4739, 18.2293]}, "properties": {"region_id": "PRI-1", "region_name": "Puerto Rico", "country_iso": "PRI", "region_index": 0, "resource": "None", "is_capital": true, "region_color": "#166534", "base_color": "#166534", "centroid_lon": -66.4739, "centroid_lat": 18.2293}}, {"type": "Feature", "geometry": {"type": "Point", "coordinates": [-63.0217, 18.2288]}, "properties": {"region_id": "AIA-1", "region_name": "Sandy Hill", "country_iso": "AIA", "region_index": 0, "resource": "None", "is_capital": true, "region_color": "#065f46", "base_color": "#065f46", "centroid_lon": -63.0217, "centroid_lat": 18.2288}}, {"type": "Feature", "geometry": {"type": "Point", "coordinates": [-63.0429, 18.2496]}, "properties": {"region_id": "AIA-2", "region_name": "Stoney Ground", "country_iso": "AIA", "region_index": 1, "resource": "None", "is_capital": false, "region_color": "#3c826e", "base_color": "#065f46", "centroid_lon": -63.0429, "centroid_lat": 18.2496}}, {"type": "Feature", "geometry": {"type": "Point", "coordinates": [-62.9788, 18.266]}, "properties": {"region_id": "AIA-3", "region_name": "East End", "country_iso": "AIA", "region_index": 2, "resource": "None", "is_capital": false, "region_color": "#044d39", "base_color": "#065f46", "centroid_lon": -62.9788, "centroid_lat": 18.266}}, {"type": "Feature", "geometry": {"type": "Point", "coordinates": [-63.0006, 18.2717]}, "properties": {"region_id": "AIA-4", "region_name": "Island Harbour", "country_iso": "AIA", "region_index": 3, "resource": "None", "is_capital": false, "region_color": "#23725c", "base_color": "#065f46", "centroid_lon": -63.0006, "centroid_lat": 18.2717}}, {"type": "Feature", "geometry": {"type": "Point", "coordinates": [-63.26, 18.3197]}, "properties": {"region_id": "AIA-5", "region_name": "Region", "country_iso": "AIA", "region_index": 4, "resource": "None", "is_capital": false, "region_color": "#044432", "base_color": "#065f46", "centroid_lon": -63.26, "centroid_lat": 18.3197}}, {"type": "Feature", "geometry": {"type": "Point", "coordinates": [-63.0984, 18.1998]}, "properties": {"region_id": "AIA-6", "region_name": "West End", "country_iso": "AIA", "region_index": 5, "resource": "None", "is_capital": false, "region_color": "#508f7d", "base_color": "#065f46", "centroid_lon": -63.0984, "centroid_lat": 18.1998}}, {"type": "Feature", "geometry": {"type": "Point", "coordinates": [-63.0668, 18.2235]}, "properties": {"region_id": "AIA-7", "region_name": "The Farrington", "country_iso": "AIA", "region_index": 6, "resource": "None", "is_capital": false, "region_color": "#05533d", "base_color": "#065f46", "centroid_lon": -63.0668, "centroid_lat": 18.2235}}, {"type": "Feature", "geometry": {"type": "Point", "coordinates": [-64.4685, 18.5142]}, "properties": {"region_id": "VGB-1", "region_name": "British Virgin Islands", "country_iso": "VGB", "region_index": 0, "resource": "None", "is_capital": true, "region_color": "#be123c", "base_color": "#be123c", "centroid_lon": -64.4685, "centroid_lat": 18.5142}}, {"type": "Feature", "geometry": {"type": "Point", "coordinates": [-76.4835, 18.0506]}, "properties": {"region_id": "JAM-1", "region_name": "Portland", "country_iso": "JAM", "region_index": 0, "resource": "None", "is_capital": true, "region_color": "#be185d", "base_color": "#be185d", "centroid_lon": -76.4835, "centroid_lat": 18.0506}}, {"type": "Feature", "geometry": {"type": "Point", "coordinates": [-77.6471, 18.1489]}, "properties": {"region_id": "JAM-2", "region_name": "Saint Elizabeth", "country_iso": "JAM", "region_index": 1, "resource": "None", "is_capital": false, "region_color": "#cc4a80", "base_color": "#be185d", "centroid_lon": -77.6471, "centroid_lat": 18.1489}}, {"type": "Feature", "geometry": {"type": "Point", "coordinates": [-77.2849, 18.1571]}, "properties": {"region_id": "JAM-3", "region_name": "Saint Ann", "country_iso": "JAM", "region_index": 2, "resource": "None", "is_capital": false, "region_color": "#9b134c", "base_color": "#be185d", "centroid_lon": -77.2849, "centroid_lat": 18.1571}}, {"type": "Feature", "geometry": {"type": "Point", "coordinates": [-78.0924, 18.2426]}, "properties": {"region_id": "JAM-4", "region_name": "Westmoreland", "country_iso": "JAM", "region_index": 3, "resource": "None", "is_capital": false, "region_color": "#c53370", "base_color": "#be185d", "centroid_lon": -78.0924, "centroid_lat": 18.2426}}, {"type": "Feature", "geometry": {"type": "Point", "coordinates": [-78.1197, 18.3647]}, "properties": {"region_id": "JAM-5", "region_name": "Hanover", "country_iso": "JAM", "region_index": 4, "resource": "None", "is_capital": false, "region_color": "#881142", "base_color": "#be185d", "centroid_lon": -78.1197, "centroid_lat": 18.3647}}, {"type": "Feature", "geometry": {"type": "Point", "coordinates": [-76.9261, 18.1145]}, "properties": {"region_id": "JAM-6", "region_name": "Saint Catherine", "country_iso": "JAM", "region_index": 5, "resource": "None", "is_capital": false, "region_color": "#d15d8d", "base_color": "#be185d", "centroid_lon": -76.9261, "centroid_lat": 18.1145}}, {"type": "Feature", "geometry": {"type": "Point", "coordinates": [-77.8562, 18.3626]}, "properties": {"region_id": "JAM-7", "region_name": "Saint James", "country_iso": "JAM", "region_index": 6, "resource": "None", "is_capital": false, "region_color": "#a71551", "base_color": "#be185d", "centroid_lon": -77.8562, "centroid_lat": 18.3626}}, {"type": "Feature", "geometry": {"type": "Point", "coordinates": [-81.0429, 19.3789]}, "properties": {"region_id": "CYM-1", "region_name": "Cayman Islands", "country_iso": "CYM", "region_index": 0, "resource": "None", "is_capital": true, "region_color": "#065f46", "base_color": "#065f46", "centroid_lon": -81.0429, "centroid_lat": 19.3789}}, {"type": "Feature", "geometry": {"type": "Point", "coordinates": [-64.6755, 32.3734]}, "properties": {"region_id": "BMU-1", "region_name": "City of Saint George", "country_iso": "BMU", "region_index": 0, "resource": "None", "is_capital": true, "region_color": "#7c3aed", "base_color": "#7c3aed", "centroid_lon": -64.6755, "centroid_lat": 32.3734}}, {"type": "Feature", "geometry": {"type": "Point", "coordinates": [-64.7197, 32.3176]}, "properties": {"region_id": "BMU-2", "region_name": "Smith's", "country_iso": "BMU", "region_index": 1, "resource": "None", "is_capital": false, "region_color": "#9865f0", "base_color": "#7c3aed", "centroid_lon": -64.7197, "centroid_lat": 32.3176}}, {"type": "Feature", "geometry": {"type": "Point", "coordinates": [-64.7187, 32.3396]}, "properties": {"region_id": "BMU-3", "region_name": "Hamilton", "country_iso": "BMU", "region_index": 2, "resource": "None", "is_capital": false, "region_color": "#652fc2", "base_color": "#7c3aed", "centroid_lon": -64.7187, "centroid_lat": 32.3396}}, {"type": "Feature", "geometry": {"type": "Point", "coordinates": [-64.8017, 32.2803]}, "properties": {"region_id": "BMU-4", "region_name": "Warwick", "country_iso": "BMU", "region_index": 3, "resource": "None", "is_capital": false, "region_color": "#8b51ef", "base_color": "#7c3aed", "centroid_lon": -64.8017, "centroid_lat": 32.2803}}, {"type": "Feature", "geometry": {"type": "Point", "coordinates": [-64.6771, 32.3663]}, "properties": {"region_id": "BMU-5", "region_name": "Saint George's", "country_iso": "BMU", "region_index": 4, "resource": "None", "is_capital": false, "region_color": "#5929aa", "base_color": "#7c3aed", "centroid_lon": -64.6771, "centroid_lat": 32.3663}}, {"type": "Feature", "geometry": {"type": "Point", "coordinates": [-64.8529, 32.2737]}, "properties": {"region_id": "BMU-6", "region_name": "Southampton", "country_iso": "BMU", "region_index": 5, "resource": "None", "is_capital": false, "region_color": "#a375f2", "base_color": "#7c3aed", "centroid_lon": -64.8529, "centroid_lat": 32.2737}}, {"type": "Feature", "geometry": {"type": "Point", "coordinates": [-64.7599, 32.2942]}, "properties": {"region_id": "BMU-7", "region_name": "Devonshire", "country_iso": "BMU", "region_index": 6, "resource": "None", "is_capital": false, "region_color": "#6d33d0", "base_color": "#7c3aed", "centroid_lon": -64.7599, "centroid_lat": 32.2942}}, {"type": "Feature", "geometry": {"type": "Point", "coordinates": [73.5072, -53.0966]}, "properties": {"region_id": "HMD-1", "region_name": "Heard Island and McDonald Islands", "country_iso": "HMD", "region_index": 0, "resource": "None", "is_capital": true, "region_color": "#0369a1", "base_color": "#0369a1", "centroid_lon": 73.5072, "centroid_lat": -53.0966}}, {"type": "Feature", "geometry": {"type": "Point", "coordinates": [-10.8599, -39.0725]}, "properties": {"region_id": "SHN-1", "region_name": "Tristan da Cunha", "country_iso": "SHN", "region_index": 0, "resource": "None", "is_capital": true, "region_color": "#065f46", "base_color": "#065f46", "centroid_lon": -10.8599, "centroid_lat": -39.0725}}, {"type": "Feature", "geometry": {"type": "Point", "coordinates": [-5.7377, -15.9777]}, "properties": {"region_id": "SHN-2", "region_name": "Saint Helena", "country_iso": "SHN", "region_index": 1, "resource": "None", "is_capital": false, "region_color": "#3c826e", "base_color": "#065f46", "centroid_lon": -5.7377, "centroid_lat": -15.9777}}, {"type": "Feature", "geometry": {"type": "Point", "coordinates": [-14.3639, -7.9362]}, "properties": {"region_id": "SHN-3", "region_name": "Ascension", "country_iso": "SHN", "region_index": 2, "resource": "None", "is_capital": false, "region_color": "#044d39", "base_color": "#065f46", "centroid_lon": -14.3639, "centroid_lat": -7.9362}}, {"type": "Feature", "geometry": {"type": "Point", "coordinates": [57.4135, -20.3624]}, "properties": {"region_id": "MUS-1", "region_name": "Rivi\u00e8re Noire", "country_iso": "MUS", "region_index": 0, "resource": "None", "is_capital": true, "region_color": "#0f766e", "base_color": "#0f766e", "centroid_lon": 57.4135, "centroid_lat": -20.3624}}, {"type": "Feature", "geometry": {"type": "Point", "coordinates": [56.5449, -10.3611]}, "properties": {"region_id": "MUS-2", "region_name": "Agal\u00e9ga", "country_iso": "MUS", "region_index": 1, "resource": "None", "is_capital": false, "region_color": "#43948d", "base_color": "#0f766e", "centroid_lon": 56.5449, "centroid_lat": -10.3611}}, {"type": "Feature", "geometry": {"type": "Point", "coordinates": [57.4845, -20.2622]}, "properties": {"region_id": "MUS-3", "region_name": "Quatre Bornes", "country_iso": "MUS", "region_index": 2, "resource": "None", "is_capital": false, "region_color": "#0c605a", "base_color": "#0f766e", "centroid_lon": 57.4845, "centroid_lat": -20.2622}}, {"type": "Feature", "geometry": {"type": "Point", "coordinates": [57.6099, -20.4195]}, "properties": {"region_id": "MUS-4", "region_name": "Savanne", "country_iso": "MUS", "region_index": 3, "resource": "None", "is_capital": false, "region_color": "#2b867f", "base_color": "#0f766e", "centroid_lon": 57.6099, "centroid_lat": -20.4195}}, {"type": "Feature", "geometry": {"type": "Point", "coordinates": [63.3946, -19.7164]}, "properties": {"region_id": "MUS-5", "region_name": "Rodrigues", "country_iso": "MUS", "region_index": 4, "resource": "None", "is_capital": false, "region_color": "#0a544f", "base_color": "#0f766e", "centroid_lon": 63.3946, "centroid_lat": -19.7164}}, {"type": "Feature", "geometry": {"type": "Point", "coordinates": [57.5546, -20.2886]}, "properties": {"region_id": "MUS-6", "region_name": "Moka", "country_iso": "MUS", "region_index": 5, "resource": "None", "is_capital": false, "region_color": "#579f99", "base_color": "#0f766e", "centroid_lon": 57.5546, "centroid_lat": -20.2886}}, {"type": "Feature", "geometry": {"type": "Point", "coordinates": [57.6405, -20.1519]}, "properties": {"region_id": "MUS-7", "region_name": "Flacq", "country_iso": "MUS", "region_index": 6, "resource": "None", "is_capital": false, "region_color": "#0d6760", "base_color": "#0f766e", "centroid_lon": 57.6405, "centroid_lat": -20.1519}}, {"type": "Feature", "geometry": {"type": "Point", "coordinates": [43.7197, -12.3202]}, "properties": {"region_id": "COM-1", "region_name": "Mo\u00fbh\u00eel\u00ee", "country_iso": "COM", "region_index": 0, "resource": "None", "is_capital": true, "region_color": "#be123c", "base_color": "#be123c", "centroid_lon": 43.7197, "centroid_lat": -12.3202}}, {"type": "Feature", "geometry": {"type": "Point", "coordinates": [44.4099, -12.2234]}, "properties": {"region_id": "COM-2", "region_name": "Andjou\u00e2n", "country_iso": "COM", "region_index": 1, "resource": "None", "is_capital": false, "region_color": "#cc4666", "base_color": "#be123c", "centroid_lon": 44.4099, "centroid_lat": -12.2234}}, {"type": "Feature", "geometry": {"type": "Point", "coordinates": [43.3252, -11.6395]}, "properties": {"region_id": "COM-3", "region_name": "Andjaz\u00eedja", "country_iso": "COM", "region_index": 2, "resource": "None", "is_capital": false, "region_color": "#9b0e31", "base_color": "#be123c", "centroid_lon": 43.3252, "centroid_lat": -11.6395}}, {"type": "Feature", "geometry": {"type": "Point", "coordinates": [6.6047, 0.2302]}, "properties": {"region_id": "STP-1", "region_name": "S\u00e3o Tom\u00e9", "country_iso": "STP", "region_index": 0, "resource": "None", "is_capital": true, "region_color": "#0369a1", "base_color": "#0369a1", "centroid_lon": 6.6047, "centroid_lat": 0.2302}}, {"type": "Feature", "geometry": {"type": "Point", "coordinates": [7.3963, 1.6158]}, "properties": {"region_id": "STP-2", "region_name": "Pr\u00edncipe", "country_iso": "STP", "region_index": 1, "resource": "None", "is_capital": false, "region_color": "#3a8ab5", "base_color": "#0369a1", "centroid_lon": 7.3963, "centroid_lat": 1.6158}}, {"type": "Feature", "geometry": {"type": "Point", "coordinates": [-23.667, 15.1202]}, "properties": {"region_id": "CPV-1", "region_name": "Santa Catarina", "country_iso": "CPV", "region_index": 0, "resource": "None", "is_capital": true, "region_color": "#065f46", "base_color": "#065f46", "centroid_lon": -23.667, "centroid_lat": 15.1202}}, {"type": "Feature", "geometry": {"type": "Point", "coordinates": [-24.3975, 14.9293]}, "properties": {"region_id": "CPV-2", "region_name": "S\u00e3o Filipe", "country_iso": "CPV", "region_index": 1, "resource": "None", "is_capital": false, "region_color": "#3c826e", "base_color": "#065f46", "centroid_lon": -24.3975, "centroid_lat": 14.9293}}, {"type": "Feature", "geometry": {"type": "Point", "coordinates": [-24.7201, 14.8377]}, "properties": {"region_id": "CPV-3", "region_name": "Brava", "country_iso": "CPV", "region_index": 2, "resource": "None", "is_capital": false, "region_color": "#044d39", "base_color": "#065f46", "centroid_lon": -24.7201, "centroid_lat": 14.8377}}, {"type": "Feature", "geometry": {"type": "Point", "coordinates": [-23.1736, 15.2191]}, "properties": {"region_id": "CPV-4", "region_name": "Maio", "country_iso": "CPV", "region_index": 3, "resource": "None", "is_capital": false, "region_color": "#23725c", "base_color": "#065f46", "centroid_lon": -23.1736, "centroid_lat": 15.2191}}, {"type": "Feature", "geometry": {"type": "Point", "coordinates": [-23.5837, 14.9974]}, "properties": {"region_id": "CPV-5", "region_name": "Ribeira Grande de Santiago", "country_iso": "CPV", "region_index": 4, "resource": "None", "is_capital": false, "region_color": "#044432", "base_color": "#065f46", "centroid_lon": -23.5837, "centroid_lat": 14.9974}}, {"type": "Feature", "geometry": {"type": "Point", "coordinates": [-24.8829, 16.8897]}, "properties": {"region_id": "CPV-6", "region_name": "Porto Novo", "country_iso": "CPV", "region_index": 5, "resource": "None", "is_capital": false, "region_color": "#508f7d", "base_color": "#065f46", "centroid_lon": -24.8829, "centroid_lat": 16.8897}}, {"type": "Feature", "geometry": {"type": "Point", "coordinates": [-22.8461, 16.2192]}, "properties": {"region_id": "CPV-7", "region_name": "Boa Vista", "country_iso": "CPV", "region_index": 6, "resource": "None", "is_capital": false, "region_color": "#05533d", "base_color": "#065f46", "centroid_lon": -22.8461, "centroid_lat": 16.2192}}, {"type": "Feature", "geometry": {"type": "Point", "coordinates": [14.5236, 35.8478]}, "properties": {"region_id": "MLT-1", "region_name": "\u017burrieq", "country_iso": "MLT", "region_index": 0, "resource": "None", "is_capital": true, "region_color": "#a16207", "base_color": "#a16207", "centroid_lon": 14.5236, "centroid_lat": 35.8478}}, {"type": "Feature", "geometry": {"type": "Point", "coordinates": [14.4607, 35.9196]}, "properties": {"region_id": "MLT-2", "region_name": "Naxxar", "country_iso": "MLT", "region_index": 1, "resource": "None", "is_capital": false, "region_color": "#b5843d", "base_color": "#a16207", "centroid_lon": 14.4607, "centroid_lat": 35.9196}}, {"type": "Feature", "geometry": {"type": "Point", "coordinates": [14.4132, 35.8833]}, "properties": {"region_id": "MLT-3", "region_name": "Rabat", "country_iso": "MLT", "region_index": 2, "resource": "None", "is_capital": false, "region_color": "#845005", "base_color": "#a16207", "centroid_lon": 14.4132, "centroid_lat": 35.8833}}, {"type": "Feature", "geometry": {"type": "Point", "coordinates": [14.2946, 36.0407]}, "properties": {"region_id": "MLT-4", "region_name": "Xag\u0127ra", "country_iso": "MLT", "region_index": 3, "resource": "None", "is_capital": false, "region_color": "#ac7424", "base_color": "#a16207", "centroid_lon": 14.2946, "centroid_lat": 36.0407}}, {"type": "Feature", "geometry": {"type": "Point", "coordinates": [14.2295, 36.0508]}, "properties": {"region_id": "MLT-5", "region_name": "\u017bebbu\u0121", "country_iso": "MLT", "region_index": 4, "resource": "None", "is_capital": false, "region_color": "#734605", "base_color": "#a16207", "centroid_lon": 14.2295, "centroid_lat": 36.0508}}, {"type": "Feature", "geometry": {"type": "Point", "coordinates": [14.3924, 35.9501]}, "properties": {"region_id": "MLT-6", "region_name": "Mellie\u0127a", "country_iso": "MLT", "region_index": 5, "resource": "None", "is_capital": false, "region_color": "#bd9151", "base_color": "#a16207", "centroid_lon": 14.3924, "centroid_lat": 35.9501}}, {"type": "Feature", "geometry": {"type": "Point", "coordinates": [14.5168, 35.8932]}, "properties": {"region_id": "MLT-7", "region_name": "\u017babbar", "country_iso": "MLT", "region_index": 6, "resource": "None", "is_capital": false, "region_color": "#8d5606", "base_color": "#a16207", "centroid_lon": 14.5168, "centroid_lat": 35.8932}}, {"type": "Feature", "geometry": {"type": "Point", "coordinates": [-2.1427, 49.2173]}, "properties": {"region_id": "JEY-1", "region_name": "Jersey", "country_iso": "JEY", "region_index": 0, "resource": "None", "is_capital": true, "region_color": "#0369a1", "base_color": "#0369a1", "centroid_lon": -2.1427, "centroid_lat": 49.2173}}, {"type": "Feature", "geometry": {"type": "Point", "coordinates": [-2.5702, 49.4673]}, "properties": {"region_id": "GGY-1", "region_name": "Sark", "country_iso": "GGY", "region_index": 0, "resource": "None", "is_capital": true, "region_color": "#be185d", "base_color": "#be185d", "centroid_lon": -2.5702, "centroid_lat": 49.4673}}, {"type": "Feature", "geometry": {"type": "Point", "coordinates": [-4.5276, 54.2345]}, "properties": {"region_id": "IMN-1", "region_name": "Isle of Man", "country_iso": "IMN", "region_index": 0, "resource": "None", "is_capital": true, "region_color": "#7c3aed", "base_color": "#7c3aed", "centroid_lon": -4.5276, "centroid_lat": 54.2345}}, {"type": "Feature", "geometry": {"type": "Point", "coordinates": [20.8245, 60.2999]}, "properties": {"region_id": "ALD-1", "region_name": "Kumlinge", "country_iso": "ALD", "region_index": 0, "resource": "None", "is_capital": true, "region_color": "#0891b2", "base_color": "#0891b2", "centroid_lon": 20.8245, "centroid_lat": 60.2999}}, {"type": "Feature", "geometry": {"type": "Point", "coordinates": [19.5887, 60.1873]}, "properties": {"region_id": "ALD-2", "region_name": "Ecker\u00f6", "country_iso": "ALD", "region_index": 1, "resource": "None", "is_capital": false, "region_color": "#3ea9c2", "base_color": "#0891b2", "centroid_lon": 19.5887, "centroid_lat": 60.1873}}, {"type": "Feature", "geometry": {"type": "Point", "coordinates": [20.3951, 60.1175]}, "properties": {"region_id": "ALD-3", "region_name": "F\u00f6gl\u00f6", "country_iso": "ALD", "region_index": 2, "resource": "None", "is_capital": false, "region_color": "#067691", "base_color": "#0891b2", "centroid_lon": 20.3951, "centroid_lat": 60.1175}}, {"type": "Feature", "geometry": {"type": "Point", "coordinates": [19.9102, 60.1256]}, "properties": {"region_id": "ALD-4", "region_name": "Jomala", "country_iso": "ALD", "region_index": 3, "resource": "None", "is_capital": false, "region_color": "#259ebb", "base_color": "#0891b2", "centroid_lon": 19.9102, "centroid_lat": 60.1256}}, {"type": "Feature", "geometry": {"type": "Point", "coordinates": [20.1424, 60.0354]}, "properties": {"region_id": "ALD-5", "region_name": "Lemland", "country_iso": "ALD", "region_index": 4, "resource": "None", "is_capital": false, "region_color": "#056880", "base_color": "#0891b2", "centroid_lon": 20.1424, "centroid_lat": 60.0354}}, {"type": "Feature", "geometry": {"type": "Point", "coordinates": [20.8773, 59.9901]}, "properties": {"region_id": "ALD-6", "region_name": "K\u00f6kar", "country_iso": "ALD", "region_index": 5, "resource": "None", "is_capital": false, "region_color": "#52b2c9", "base_color": "#0891b2", "centroid_lon": 20.8773, "centroid_lat": 59.9901}}, {"type": "Feature", "geometry": {"type": "Point", "coordinates": [19.932, 60.0865]}, "properties": {"region_id": "ALD-7", "region_name": "Mariehamn", "country_iso": "ALD", "region_index": 6, "resource": "None", "is_capital": false, "region_color": "#077f9c", "base_color": "#0891b2", "centroid_lon": 19.932, "centroid_lat": 60.0865}}, {"type": "Feature", "geometry": {"type": "Point", "coordinates": [-6.8959, 62.0782]}, "properties": {"region_id": "FRO-1", "region_name": "Eysturoyar", "country_iso": "FRO", "region_index": 0, "resource": "None", "is_capital": true, "region_color": "#be185d", "base_color": "#be185d", "centroid_lon": -6.8959, "centroid_lat": 62.0782}}, {"type": "Feature", "geometry": {"type": "Point", "coordinates": [96.875, -12.1757]}, "properties": {"region_id": "IOA-1", "region_name": "Cocos (Keeling) Islands", "country_iso": "IOA", "region_index": 0, "resource": "None", "is_capital": true, "region_color": "#0369a1", "base_color": "#0369a1", "centroid_lon": 96.875, "centroid_lat": -12.1757}}, {"type": "Feature", "geometry": {"type": "Point", "coordinates": [105.651, -10.4928]}, "properties": {"region_id": "IOA-2", "region_name": "Christmas Island", "country_iso": "IOA", "region_index": 1, "resource": "None", "is_capital": false, "region_color": "#3a8ab5", "base_color": "#0369a1", "centroid_lon": 105.651, "centroid_lat": -10.4928}}, {"type": "Feature", "geometry": {"type": "Point", "coordinates": [72.3949, -7.1947]}, "properties": {"region_id": "IOT-1", "region_name": "British Indian Ocean Territory", "country_iso": "IOT", "region_index": 0, "resource": "None", "is_capital": true, "region_color": "#6d28d9", "base_color": "#6d28d9", "centroid_lon": 72.3949, "centroid_lat": -7.1947}}, {"type": "Feature", "geometry": {"type": "Point", "coordinates": [103.7413, 1.3463]}, "properties": {"region_id": "SGP-1", "region_name": "South West", "country_iso": "SGP", "region_index": 0, "resource": "None", "is_capital": true, "region_color": "#9f1239", "base_color": "#9f1239", "centroid_lon": 103.7413, "centroid_lat": 1.3463}}, {"type": "Feature", "geometry": {"type": "Point", "coordinates": [103.8634, 1.3549]}, "properties": {"region_id": "SGP-2", "region_name": "Central Singapore", "country_iso": "SGP", "region_index": 1, "resource": "None", "is_capital": false, "region_color": "#b44664", "base_color": "#9f1239", "centroid_lon": 103.8634, "centroid_lat": 1.3549}}, {"type": "Feature", "geometry": {"type": "Point", "coordinates": [103.9223, 1.3443]}, "properties": {"region_id": "SGP-3", "region_name": "South East", "country_iso": "SGP", "region_index": 2, "resource": "None", "is_capital": false, "region_color": "#820e2e", "base_color": "#9f1239", "centroid_lon": 103.9223, "centroid_lat": 1.3443}}, {"type": "Feature", "geometry": {"type": "Point", "coordinates": [103.9352, 1.3729]}, "properties": {"region_id": "SGP-4", "region_name": "North East", "country_iso": "SGP", "region_index": 3, "resource": "None", "is_capital": false, "region_color": "#aa2e50", "base_color": "#9f1239", "centroid_lon": 103.9352, "centroid_lat": 1.3729}}, {"type": "Feature", "geometry": {"type": "Point", "coordinates": [103.8309, 1.4]}, "properties": {"region_id": "SGP-5", "region_name": "North West", "country_iso": "SGP", "region_index": 4, "resource": "None", "is_capital": false, "region_color": "#720c29", "base_color": "#9f1239", "centroid_lon": 103.8309, "centroid_lat": 1.4}}, {"type": "Feature", "geometry": {"type": "Point", "coordinates": [167.9399, -29.0479]}, "properties": {"region_id": "NFK-1", "region_name": "Norfolk Island", "country_iso": "NFK", "region_index": 0, "resource": "None", "is_capital": true, "region_color": "#be123c", "base_color": "#be123c", "centroid_lon": 167.9399, "centroid_lat": -29.0479}}, {"type": "Feature", "geometry": {"type": "Point", "coordinates": [-159.7751, -18.8527]}, "properties": {"region_id": "COK-1", "region_name": "Palmerston", "country_iso": "COK", "region_index": 0, "resource": "None", "is_capital": true, "region_color": "#6d28d9", "base_color": "#6d28d9", "centroid_lon": -159.7751, "centroid_lat": -18.8527}}, {"type": "Feature", "geometry": {"type": "Point", "coordinates": [-157.7207, -19.8127]}, "properties": {"region_id": "COK-2", "region_name": "Mitiaro", "country_iso": "COK", "region_index": 1, "resource": "None", "is_capital": false, "region_color": "#8d57e1", "base_color": "#6d28d9", "centroid_lon": -157.7207, "centroid_lat": -19.8127}}, {"type": "Feature", "geometry": {"type": "Point", "coordinates": [-159.2465, -21.4328]}, "properties": {"region_id": "COK-3", "region_name": "Rarotonga", "country_iso": "COK", "region_index": 2, "resource": "None", "is_capital": false, "region_color": "#5920b1", "base_color": "#6d28d9", "centroid_lon": -159.2465, "centroid_lat": -21.4328}}, {"type": "Feature", "geometry": {"type": "Point", "coordinates": [-157.3379, -20.1536]}, "properties": {"region_id": "COK-4", "region_name": "Mauke", "country_iso": "COK", "region_index": 3, "resource": "None", "is_capital": false, "region_color": "#7e41dd", "base_color": "#6d28d9", "centroid_lon": -157.3379, "centroid_lat": -20.1536}}, {"type": "Feature", "geometry": {"type": "Point", "coordinates": [-159.347, -9.51]}, "properties": {"region_id": "COK-5", "region_name": "Penrhyn", "country_iso": "COK", "region_index": 4, "resource": "None", "is_capital": false, "region_color": "#4e1c9c", "base_color": "#6d28d9", "centroid_lon": -159.347, "centroid_lat": -9.51}}, {"type": "Feature", "geometry": {"type": "Point", "coordinates": [-158.9413, -19.2536]}, "properties": {"region_id": "COK-6", "region_name": "Aitutaki", "country_iso": "COK", "region_index": 5, "resource": "None", "is_capital": false, "region_color": "#9868e4", "base_color": "#6d28d9", "centroid_lon": -158.9413, "centroid_lat": -19.2536}}, {"type": "Feature", "geometry": {"type": "Point", "coordinates": [-158.1143, -19.9907]}, "properties": {"region_id": "COK-7", "region_name": "Atiu", "country_iso": "COK", "region_index": 6, "resource": "None", "is_capital": false, "region_color": "#5f23be", "base_color": "#6d28d9", "centroid_lon": -158.1143, "centroid_lat": -19.9907}}, {"type": "Feature", "geometry": {"type": "Point", "coordinates": [104.6901, -18.473]}, "properties": {"region_id": "FJI-1", "region_name": "Eastern", "country_iso": "FJI", "region_index": 0, "resource": "None", "is_capital": true, "region_color": "#0369a1", "base_color": "#0369a1", "centroid_lon": 104.6901, "centroid_lat": -18.473}}, {"type": "Feature", "geometry": {"type": "Point", "coordinates": [177.7636, -17.7385]}, "properties": {"region_id": "FJI-2", "region_name": "Western", "country_iso": "FJI", "region_index": 1, "resource": "None", "is_capital": false, "region_color": "#3a8ab5", "base_color": "#0369a1", "centroid_lon": 177.7636, "centroid_lat": -17.7385}}, {"type": "Feature", "geometry": {"type": "Point", "coordinates": [178.2484, -17.942]}, "properties": {"region_id": "FJI-3", "region_name": "Central", "country_iso": "FJI", "region_index": 2, "resource": "None", "is_capital": false, "region_color": "#025684", "base_color": "#0369a1", "centroid_lon": 178.2484, "centroid_lat": -17.942}}, {"type": "Feature", "geometry": {"type": "Point", "coordinates": [159.4929, -16.612]}, "properties": {"region_id": "FJI-4", "region_name": "Northern", "country_iso": "FJI", "region_index": 3, "resource": "None", "is_capital": false, "region_color": "#217bac", "base_color": "#0369a1", "centroid_lon": 159.4929, "centroid_lat": -16.612}}, {"type": "Feature", "geometry": {"type": "Point", "coordinates": [177.0522, -12.4937]}, "properties": {"region_id": "FJI-5", "region_name": "Rotuma", "country_iso": "FJI", "region_index": 4, "resource": "None", "is_capital": false, "region_color": "#024b73", "base_color": "#0369a1", "centroid_lon": 177.0522, "centroid_lat": -12.4937}}, {"type": "Feature", "geometry": {"type": "Point", "coordinates": [-174.0418, -18.6498]}, "properties": {"region_id": "TON-1", "region_name": "Vava'u", "country_iso": "TON", "region_index": 0, "resource": "None", "is_capital": true, "region_color": "#b91c1c", "base_color": "#b91c1c", "centroid_lon": -174.0418, "centroid_lat": -18.6498}}, {"type": "Feature", "geometry": {"type": "Point", "coordinates": [-174.9375, -21.3915]}, "properties": {"region_id": "TON-2", "region_name": "Eua", "country_iso": "TON", "region_index": 1, "resource": "None", "is_capital": false, "region_color": "#c84d4d", "base_color": "#b91c1c", "centroid_lon": -174.9375, "centroid_lat": -21.3915}}, {"type": "Feature", "geometry": {"type": "Point", "coordinates": [-175.1951, -21.186]}, "properties": {"region_id": "TON-3", "region_name": "Tongatapu", "country_iso": "TON", "region_index": 2, "resource": "None", "is_capital": false, "region_color": "#971616", "base_color": "#b91c1c", "centroid_lon": -175.1951, "centroid_lat": -21.186}}, {"type": "Feature", "geometry": {"type": "Point", "coordinates": [-174.6759, -19.7295]}, "properties": {"region_id": "TON-4", "region_name": "Ha'apai", "country_iso": "TON", "region_index": 3, "resource": "None", "is_capital": false, "region_color": "#c13737", "base_color": "#b91c1c", "centroid_lon": -174.6759, "centroid_lat": -19.7295}}, {"type": "Feature", "geometry": {"type": "Point", "coordinates": [-175.2267, -15.6816]}, "properties": {"region_id": "TON-5", "region_name": "Niuas", "country_iso": "TON", "region_index": 4, "resource": "None", "is_capital": false, "region_color": "#851414", "base_color": "#b91c1c", "centroid_lon": -175.2267, "centroid_lat": -15.6816}}, {"type": "Feature", "geometry": {"type": "Point", "coordinates": [-178.1516, -14.2702]}, "properties": {"region_id": "WLF-1", "region_name": "Sigave", "country_iso": "WLF", "region_index": 0, "resource": "None", "is_capital": true, "region_color": "#065f46", "base_color": "#065f46", "centroid_lon": -178.1516, "centroid_lat": -14.2702}}, {"type": "Feature", "geometry": {"type": "Point", "coordinates": [-178.0463, -14.3479]}, "properties": {"region_id": "WLF-2", "region_name": "Alo", "country_iso": "WLF", "region_index": 1, "resource": "None", "is_capital": false, "region_color": "#3c826e", "base_color": "#065f46", "centroid_lon": -178.0463, "centroid_lat": -14.3479}}, {"type": "Feature", "geometry": {"type": "Point", "coordinates": [-176.1609, -13.2795]}, "properties": {"region_id": "WLF-3", "region_name": "`Uvea", "country_iso": "WLF", "region_index": 2, "resource": "None", "is_capital": false, "region_color": "#044d39", "base_color": "#065f46", "centroid_lon": -176.1609, "centroid_lat": -13.2795}}, {"type": "Feature", "geometry": {"type": "Point", "coordinates": [-172.0255, -13.8911]}, "properties": {"region_id": "WSM-1", "region_name": "Aiga-i-le-Tai", "country_iso": "WSM", "region_index": 0, "resource": "None", "is_capital": true, "region_color": "#0369a1", "base_color": "#0369a1", "centroid_lon": -172.0255, "centroid_lat": -13.8911}}, {"type": "Feature", "geometry": {"type": "Point", "coordinates": [-172.5501, -13.5515]}, "properties": {"region_id": "WSM-2", "region_name": "Gaga'ifomauga", "country_iso": "WSM", "region_index": 1, "resource": "None", "is_capital": false, "region_color": "#3a8ab5", "base_color": "#0369a1", "centroid_lon": -172.5501, "centroid_lat": -13.5515}}, {"type": "Feature", "geometry": {"type": "Point", "coordinates": [-172.2938, -13.5809]}, "properties": {"region_id": "WSM-3", "region_name": "Gaga'emauga", "country_iso": "WSM", "region_index": 2, "resource": "None", "is_capital": false, "region_color": "#025684", "base_color": "#0369a1", "centroid_lon": -172.2938, "centroid_lat": -13.5809}}, {"type": "Feature", "geometry": {"type": "Point", "coordinates": [-172.4513, -13.7122]}, "properties": {"region_id": "WSM-4", "region_name": "Palauli", "country_iso": "WSM", "region_index": 3, "resource": "None", "is_capital": false, "region_color": "#217bac", "base_color": "#0369a1", "centroid_lon": -172.4513, "centroid_lat": -13.7122}}, {"type": "Feature", "geometry": {"type": "Point", "coordinates": [-171.8087, -13.9159]}, "properties": {"region_id": "WSM-5", "region_name": "Tuamasaga", "country_iso": "WSM", "region_index": 4, "resource": "None", "is_capital": false, "region_color": "#024b73", "base_color": "#0369a1", "centroid_lon": -171.8087, "centroid_lat": -13.9159}}, {"type": "Feature", "geometry": {"type": "Point", "coordinates": [-171.5657, -13.9866]}, "properties": {"region_id": "WSM-6", "region_name": "Atua", "country_iso": "WSM", "region_index": 5, "resource": "None", "is_capital": false, "region_color": "#4e96bd", "base_color": "#0369a1", "centroid_lon": -171.5657, "centroid_lat": -13.9866}}, {"type": "Feature", "geometry": {"type": "Point", "coordinates": [-172.2347, -13.6706]}, "properties": {"region_id": "WSM-7", "region_name": "Fa'asaleleaga", "country_iso": "WSM", "region_index": 6, "resource": "None", "is_capital": false, "region_color": "#025c8d", "base_color": "#0369a1", "centroid_lon": -172.2347, "centroid_lat": -13.6706}}, {"type": "Feature", "geometry": {"type": "Point", "coordinates": [166.1701, -10.9617]}, "properties": {"region_id": "SLB-1", "region_name": "Temotu", "country_iso": "SLB", "region_index": 0, "resource": "None", "is_capital": true, "region_color": "#1d4ed8", "base_color": "#1d4ed8", "centroid_lon": 166.1701, "centroid_lat": -10.9617}}, {"type": "Feature", "geometry": {"type": "Point", "coordinates": [160.2571, -11.6424]}, "properties": {"region_id": "SLB-2", "region_name": "Rennell and Bellona", "country_iso": "SLB", "region_index": 1, "resource": "None", "is_capital": false, "region_color": "#4e74e0", "base_color": "#1d4ed8", "centroid_lon": 160.2571, "centroid_lat": -11.6424}}, {"type": "Feature", "geometry": {"type": "Point", "coordinates": [160.1754, -9.6213]}, "properties": {"region_id": "SLB-3", "region_name": "Guadalcanal", "country_iso": "SLB", "region_index": 2, "resource": "None", "is_capital": false, "region_color": "#173fb1", "base_color": "#1d4ed8", "centroid_lon": 160.1754, "centroid_lat": -9.6213}}, {"type": "Feature", "geometry": {"type": "Point", "coordinates": [157.151, -7.7038]}, "properties": {"region_id": "SLB-4", "region_name": "Western", "country_iso": "SLB", "region_index": 3, "resource": "None", "is_capital": false, "region_color": "#3863dc", "base_color": "#1d4ed8", "centroid_lon": 157.151, "centroid_lat": -7.7038}}, {"type": "Feature", "geometry": {"type": "Point", "coordinates": [159.8322, -9.0701]}, "properties": {"region_id": "SLB-5", "region_name": "Central", "country_iso": "SLB", "region_index": 4, "resource": "None", "is_capital": false, "region_color": "#14389b", "base_color": "#1d4ed8", "centroid_lon": 159.8322, "centroid_lat": -9.0701}}, {"type": "Feature", "geometry": {"type": "Point", "coordinates": [161.3696, -9.6466]}, "properties": {"region_id": "SLB-6", "region_name": "Malaita", "country_iso": "SLB", "region_index": 5, "resource": "None", "is_capital": false, "region_color": "#6083e3", "base_color": "#1d4ed8", "centroid_lon": 161.3696, "centroid_lat": -9.6466}}, {"type": "Feature", "geometry": {"type": "Point", "coordinates": [159.1382, -7.9972]}, "properties": {"region_id": "SLB-7", "region_name": "Isabel", "country_iso": "SLB", "region_index": 6, "resource": "None", "is_capital": false, "region_color": "#1944be", "base_color": "#1d4ed8", "centroid_lon": 159.1382, "centroid_lat": -7.9972}}, {"type": "Feature", "geometry": {"type": "Point", "coordinates": [178.2936, -7.4585]}, "properties": {"region_id": "TUV-1", "region_name": "Tuvalu", "country_iso": "TUV", "region_index": 0, "resource": "None", "is_capital": true, "region_color": "#1d4ed8", "base_color": "#1d4ed8", "centroid_lon": 178.2936, "centroid_lat": -7.4585}}, {"type": "Feature", "geometry": {"type": "Point", "coordinates": [73.1094, 6.7224]}, "properties": {"region_id": "MDV-1", "region_name": "Haa Dhaalu", "country_iso": "MDV", "region_index": 0, "resource": "None", "is_capital": true, "region_color": "#be185d", "base_color": "#be185d", "centroid_lon": 73.1094, "centroid_lat": 6.7224}}, {"type": "Feature", "geometry": {"type": "Point", "coordinates": [73.36, 2.1457]}, "properties": {"region_id": "MDV-2", "region_name": "Laamu", "country_iso": "MDV", "region_index": 1, "resource": "None", "is_capital": false, "region_color": "#cc4a80", "base_color": "#be185d", "centroid_lon": 73.36, "centroid_lat": 2.1457}}, {"type": "Feature", "geometry": {"type": "Point", "coordinates": [73.2013, -0.5812]}, "properties": {"region_id": "MDV-3", "region_name": "Addu", "country_iso": "MDV", "region_index": 2, "resource": "None", "is_capital": false, "region_color": "#9b134c", "base_color": "#be185d", "centroid_lon": 73.2013, "centroid_lat": -0.5812}}, {"type": "Feature", "geometry": {"type": "Point", "coordinates": [73.2368, 5.6732]}, "properties": {"region_id": "MDV-4", "region_name": "Lhaviyani", "country_iso": "MDV", "region_index": 3, "resource": "None", "is_capital": false, "region_color": "#c53370", "base_color": "#be185d", "centroid_lon": 73.2368, "centroid_lat": 5.6732}}, {"type": "Feature", "geometry": {"type": "Point", "coordinates": [73.4621, 4.234]}, "properties": {"region_id": "MDV-5", "region_name": "Mal\u00e9", "country_iso": "MDV", "region_index": 4, "resource": "None", "is_capital": false, "region_color": "#881142", "base_color": "#be185d", "centroid_lon": 73.4621, "centroid_lat": 4.234}}, {"type": "Feature", "geometry": {"type": "Point", "coordinates": [73.0445, 3.1832]}, "properties": {"region_id": "MDV-6", "region_name": "Alifu Dhaalu", "country_iso": "MDV", "region_index": 5, "resource": "None", "is_capital": false, "region_color": "#d15d8d", "base_color": "#be185d", "centroid_lon": 73.0445, "centroid_lat": 3.1832}}, {"type": "Feature", "geometry": {"type": "Point", "coordinates": [73.2254, 0.3695]}, "properties": {"region_id": "MDV-7", "region_name": "Gaafu Dhaalu", "country_iso": "MDV", "region_index": 6, "resource": "None", "is_capital": false, "region_color": "#a71551", "base_color": "#be185d", "centroid_lon": 73.2254, "centroid_lat": 0.3695}}, {"type": "Feature", "geometry": {"type": "Point", "coordinates": [166.9426, -0.5225]}, "properties": {"region_id": "NRU-1", "region_name": "Anibare", "country_iso": "NRU", "region_index": 0, "resource": "None", "is_capital": true, "region_color": "#0f766e", "base_color": "#0f766e", "centroid_lon": 166.9426, "centroid_lat": -0.5225}}, {"type": "Feature", "geometry": {"type": "Point", "coordinates": [166.9315, -0.4998]}, "properties": {"region_id": "NRU-2", "region_name": "Ewa", "country_iso": "NRU", "region_index": 1, "resource": "None", "is_capital": false, "region_color": "#43948d", "base_color": "#0f766e", "centroid_lon": 166.9315, "centroid_lat": -0.4998}}, {"type": "Feature", "geometry": {"type": "Point", "coordinates": [166.9445, -0.4975]}, "properties": {"region_id": "NRU-3", "region_name": "Anabar", "country_iso": "NRU", "region_index": 2, "resource": "None", "is_capital": false, "region_color": "#0c605a", "base_color": "#0f766e", "centroid_lon": 166.9445, "centroid_lat": -0.4975}}, {"type": "Feature", "geometry": {"type": "Point", "coordinates": [166.9222, -0.5254]}, "properties": {"region_id": "NRU-4", "region_name": "Buada", "country_iso": "NRU", "region_index": 3, "resource": "None", "is_capital": false, "region_color": "#2b867f", "base_color": "#0f766e", "centroid_lon": 166.9222, "centroid_lat": -0.5254}}, {"type": "Feature", "geometry": {"type": "Point", "coordinates": [166.9279, -0.5179]}, "properties": {"region_id": "NRU-5", "region_name": "Nibok", "country_iso": "NRU", "region_index": 4, "resource": "None", "is_capital": false, "region_color": "#0a544f", "base_color": "#0f766e", "centroid_lon": 166.9279, "centroid_lat": -0.5179}}, {"type": "Feature", "geometry": {"type": "Point", "coordinates": [166.9347, -0.5407]}, "properties": {"region_id": "NRU-6", "region_name": "Meneng", "country_iso": "NRU", "region_index": 5, "resource": "None", "is_capital": false, "region_color": "#579f99", "base_color": "#0f766e", "centroid_lon": 166.9347, "centroid_lat": -0.5407}}, {"type": "Feature", "geometry": {"type": "Point", "coordinates": [166.9268, -0.5035]}, "properties": {"region_id": "NRU-7", "region_name": "Baiti", "country_iso": "NRU", "region_index": 6, "resource": "None", "is_capital": false, "region_color": "#0d6760", "base_color": "#0f766e", "centroid_lon": 166.9268, "centroid_lat": -0.5035}}, {"type": "Feature", "geometry": {"type": "Point", "coordinates": [162.9754, 5.3115]}, "properties": {"region_id": "FSM-1", "region_name": "Kosrae", "country_iso": "FSM", "region_index": 0, "resource": "None", "is_capital": true, "region_color": "#0f766e", "base_color": "#0f766e", "centroid_lon": 162.9754, "centroid_lat": 5.3115}}, {"type": "Feature", "geometry": {"type": "Point", "coordinates": [157.7719, 6.9572]}, "properties": {"region_id": "FSM-2", "region_name": "Pohnpei", "country_iso": "FSM", "region_index": 1, "resource": "None", "is_capital": false, "region_color": "#43948d", "base_color": "#0f766e", "centroid_lon": 157.7719, "centroid_lat": 6.9572}}, {"type": "Feature", "geometry": {"type": "Point", "coordinates": [151.5864, 7.3901]}, "properties": {"region_id": "FSM-3", "region_name": "Chuuk", "country_iso": "FSM", "region_index": 2, "resource": "None", "is_capital": false, "region_color": "#0c605a", "base_color": "#0f766e", "centroid_lon": 151.5864, "centroid_lat": 7.3901}}, {"type": "Feature", "geometry": {"type": "Point", "coordinates": [138.1536, 9.5021]}, "properties": {"region_id": "FSM-4", "region_name": "Yap", "country_iso": "FSM", "region_index": 3, "resource": "None", "is_capital": false, "region_color": "#2b867f", "base_color": "#0f766e", "centroid_lon": 138.1536, "centroid_lat": 9.5021}}, {"type": "Feature", "geometry": {"type": "Point", "coordinates": [-36.0925, -54.5964]}, "properties": {"region_id": "SGS-1", "region_name": "South Georgia and the South Sandwich Islands", "country_iso": "SGS", "region_index": 0, "resource": "None", "is_capital": true, "region_color": "#a16207", "base_color": "#a16207", "centroid_lon": -36.0925, "centroid_lat": -54.5964}}, {"type": "Feature", "geometry": {"type": "Point", "coordinates": [-59.3576, -51.7335]}, "properties": {"region_id": "FLK-1", "region_name": "Falkland Islands", "country_iso": "FLK", "region_index": 0, "resource": "None", "is_capital": true, "region_color": "#6d28d9", "base_color": "#6d28d9", "centroid_lon": -59.3576, "centroid_lat": -51.7335}}, {"type": "Feature", "geometry": {"type": "Point", "coordinates": [169.2576, -19.1422]}, "properties": {"region_id": "VUT-1", "region_name": "Tafea", "country_iso": "VUT", "region_index": 0, "resource": "None", "is_capital": true, "region_color": "#1d4ed8", "base_color": "#1d4ed8", "centroid_lon": 169.2576, "centroid_lat": -19.1422}}, {"type": "Feature", "geometry": {"type": "Point", "coordinates": [168.3534, -17.3709]}, "properties": {"region_id": "VUT-2", "region_name": "Shefa", "country_iso": "VUT", "region_index": 1, "resource": "None", "is_capital": false, "region_color": "#4e74e0", "base_color": "#1d4ed8", "centroid_lon": 168.3534, "centroid_lat": -17.3709}}, {"type": "Feature", "geometry": {"type": "Point", "coordinates": [167.6564, -16.2543]}, "properties": {"region_id": "VUT-3", "region_name": "Malampa", "country_iso": "VUT", "region_index": 2, "resource": "None", "is_capital": false, "region_color": "#173fb1", "base_color": "#1d4ed8", "centroid_lon": 167.6564, "centroid_lat": -16.2543}}, {"type": "Feature", "geometry": {"type": "Point", "coordinates": [166.8651, -15.2482]}, "properties": {"region_id": "VUT-4", "region_name": "Sanma", "country_iso": "VUT", "region_index": 3, "resource": "None", "is_capital": false, "region_color": "#3863dc", "base_color": "#1d4ed8", "centroid_lon": 166.8651, "centroid_lat": -15.2482}}, {"type": "Feature", "geometry": {"type": "Point", "coordinates": [168.0395, -15.5282]}, "properties": {"region_id": "VUT-5", "region_name": "Penama", "country_iso": "VUT", "region_index": 4, "resource": "None", "is_capital": false, "region_color": "#14389b", "base_color": "#1d4ed8", "centroid_lon": 168.0395, "centroid_lat": -15.5282}}, {"type": "Feature", "geometry": {"type": "Point", "coordinates": [167.4294, -13.9346]}, "properties": {"region_id": "VUT-6", "region_name": "Torba", "country_iso": "VUT", "region_index": 5, "resource": "None", "is_capital": false, "region_color": "#6083e3", "base_color": "#1d4ed8", "centroid_lon": 167.4294, "centroid_lat": -13.9346}}, {"type": "Feature", "geometry": {"type": "Point", "coordinates": [-169.8723, -19.0486]}, "properties": {"region_id": "NIU-1", "region_name": "Niue", "country_iso": "NIU", "region_index": 0, "resource": "None", "is_capital": true, "region_color": "#6d28d9", "base_color": "#6d28d9", "centroid_lon": -169.8723, "centroid_lat": -19.0486}}, {"type": "Feature", "geometry": {"type": "Point", "coordinates": [-170.7671, -14.3278]}, "properties": {"region_id": "ASM-1", "region_name": "Western", "country_iso": "ASM", "region_index": 0, "resource": "None", "is_capital": true, "region_color": "#1d4ed8", "base_color": "#1d4ed8", "centroid_lon": -170.7671, "centroid_lat": -14.3278}}, {"type": "Feature", "geometry": {"type": "Point", "coordinates": [-170.6404, -14.2753]}, "properties": {"region_id": "ASM-2", "region_name": "Eastern", "country_iso": "ASM", "region_index": 1, "resource": "None", "is_capital": false, "region_color": "#4e74e0", "base_color": "#1d4ed8", "centroid_lon": -170.6404, "centroid_lat": -14.2753}}, {"type": "Feature", "geometry": {"type": "Point", "coordinates": [-169.5144, -14.236]}, "properties": {"region_id": "ASM-3", "region_name": "Manu's", "country_iso": "ASM", "region_index": 2, "resource": "None", "is_capital": false, "region_color": "#173fb1", "base_color": "#1d4ed8", "centroid_lon": -169.5144, "centroid_lat": -14.236}}, {"type": "Feature", "geometry": {"type": "Point", "coordinates": [-168.165, -14.5258]}, "properties": {"region_id": "ASM-4", "region_name": "Rose Atoll", "country_iso": "ASM", "region_index": 3, "resource": "None", "is_capital": false, "region_color": "#3863dc", "base_color": "#1d4ed8", "centroid_lon": -168.165, "centroid_lat": -14.5258}}, {"type": "Feature", "geometry": {"type": "Point", "coordinates": [-171.0802, -11.0599]}, "properties": {"region_id": "ASM-5", "region_name": "Swain's Island", "country_iso": "ASM", "region_index": 4, "resource": "None", "is_capital": false, "region_color": "#14389b", "base_color": "#1d4ed8", "centroid_lon": -171.0802, "centroid_lat": -11.0599}}, {"type": "Feature", "geometry": {"type": "Point", "coordinates": [134.563, 7.4529]}, "properties": {"region_id": "PLW-1", "region_name": "Airai", "country_iso": "PLW", "region_index": 0, "resource": "None", "is_capital": true, "region_color": "#7c3aed", "base_color": "#7c3aed", "centroid_lon": 134.563, "centroid_lat": 7.4529}}, {"type": "Feature", "geometry": {"type": "Point", "coordinates": [134.2398, 7.004]}, "properties": {"region_id": "PLW-2", "region_name": "Peleliu", "country_iso": "PLW", "region_index": 1, "resource": "None", "is_capital": false, "region_color": "#9865f0", "base_color": "#7c3aed", "centroid_lon": 134.2398, "centroid_lat": 7.004}}, {"type": "Feature", "geometry": {"type": "Point", "coordinates": [134.6233, 7.6179]}, "properties": {"region_id": "PLW-3", "region_name": "Ngardmau", "country_iso": "PLW", "region_index": 2, "resource": "None", "is_capital": false, "region_color": "#652fc2", "base_color": "#7c3aed", "centroid_lon": 134.6233, "centroid_lat": 7.6179}}, {"type": "Feature", "geometry": {"type": "Point", "coordinates": [134.4344, 7.2702]}, "properties": {"region_id": "PLW-4", "region_name": "Koror", "country_iso": "PLW", "region_index": 3, "resource": "None", "is_capital": false, "region_color": "#8b51ef", "base_color": "#7c3aed", "centroid_lon": 134.4344, "centroid_lat": 7.2702}}, {"type": "Feature", "geometry": {"type": "Point", "coordinates": [134.7071, 8.0696]}, "properties": {"region_id": "PLW-5", "region_name": "Kayangel", "country_iso": "PLW", "region_index": 4, "resource": "None", "is_capital": false, "region_color": "#5929aa", "base_color": "#7c3aed", "centroid_lon": 134.7071, "centroid_lat": 8.0696}}, {"type": "Feature", "geometry": {"type": "Point", "coordinates": [131.4644, 3.2067]}, "properties": {"region_id": "PLW-6", "region_name": "Hatobohei", "country_iso": "PLW", "region_index": 5, "resource": "None", "is_capital": false, "region_color": "#a375f2", "base_color": "#7c3aed", "centroid_lon": 131.4644, "centroid_lat": 3.2067}}, {"type": "Feature", "geometry": {"type": "Point", "coordinates": [134.572, 7.5339]}, "properties": {"region_id": "PLW-7", "region_name": "Ngeremlengui", "country_iso": "PLW", "region_index": 6, "resource": "None", "is_capital": false, "region_color": "#6d33d0", "base_color": "#7c3aed", "centroid_lon": 134.572, "centroid_lat": 7.5339}}, {"type": "Feature", "geometry": {"type": "Point", "coordinates": [144.7719, 13.4591]}, "properties": {"region_id": "GUM-1", "region_name": "Guam", "country_iso": "GUM", "region_index": 0, "resource": "None", "is_capital": true, "region_color": "#065f46", "base_color": "#065f46", "centroid_lon": 144.7719, "centroid_lat": 13.4591}}, {"type": "Feature", "geometry": {"type": "Point", "coordinates": [145.189, 14.1582]}, "properties": {"region_id": "MNP-1", "region_name": "Rota", "country_iso": "MNP", "region_index": 0, "resource": "None", "is_capital": true, "region_color": "#166534", "base_color": "#166534", "centroid_lon": 145.189, "centroid_lat": 14.1582}}, {"type": "Feature", "geometry": {"type": "Point", "coordinates": [145.6276, 14.9976]}, "properties": {"region_id": "MNP-2", "region_name": "Tinian", "country_iso": "MNP", "region_index": 1, "resource": "None", "is_capital": false, "region_color": "#498660", "base_color": "#166534", "centroid_lon": 145.6276, "centroid_lat": 14.9976}}, {"type": "Feature", "geometry": {"type": "Point", "coordinates": [145.7345, 15.17]}, "properties": {"region_id": "MNP-3", "region_name": "Saipan", "country_iso": "MNP", "region_index": 2, "resource": "None", "is_capital": false, "region_color": "#12522a", "base_color": "#166534", "centroid_lon": 145.7345, "centroid_lat": 15.17}}, {"type": "Feature", "geometry": {"type": "Point", "coordinates": [145.6719, 18.255]}, "properties": {"region_id": "MNP-4", "region_name": "Northern Islands", "country_iso": "MNP", "region_index": 3, "resource": "None", "is_capital": false, "region_color": "#31774c", "base_color": "#166534", "centroid_lon": 145.6719, "centroid_lat": 18.255}}, {"type": "Feature", "geometry": {"type": "Point", "coordinates": [50.5602, 26.2221]}, "properties": {"region_id": "BHR-1", "region_name": "Al Man\u0101mah", "country_iso": "BHR", "region_index": 0, "resource": "None", "is_capital": true, "region_color": "#166534", "base_color": "#166534", "centroid_lon": 50.5602, "centroid_lat": 26.2221}}, {"type": "Feature", "geometry": {"type": "Point", "coordinates": [50.4855, 26.1565]}, "properties": {"region_id": "BHR-2", "region_name": "Ash Sham\u0101l\u012byah", "country_iso": "BHR", "region_index": 1, "resource": "None", "is_capital": false, "region_color": "#498660", "base_color": "#166534", "centroid_lon": 50.4855, "centroid_lat": 26.1565}}, {"type": "Feature", "geometry": {"type": "Point", "coordinates": [50.5605, 25.9614]}, "properties": {"region_id": "BHR-3", "region_name": "Al Jan\u016bb\u012byah", "country_iso": "BHR", "region_index": 2, "resource": "None", "is_capital": false, "region_color": "#12522a", "base_color": "#166534", "centroid_lon": 50.5605, "centroid_lat": 25.9614}}, {"type": "Feature", "geometry": {"type": "Point", "coordinates": [50.5869, 26.1368]}, "properties": {"region_id": "BHR-4", "region_name": "Al Wus\u0163\u00e1", "country_iso": "BHR", "region_index": 3, "resource": "None", "is_capital": false, "region_color": "#31774c", "base_color": "#166534", "centroid_lon": 50.5869, "centroid_lat": 26.1368}}, {"type": "Feature", "geometry": {"type": "Point", "coordinates": [50.6489, 26.242]}, "properties": {"region_id": "BHR-5", "region_name": "Al Mu\u1e29arraq", "country_iso": "BHR", "region_index": 4, "resource": "None", "is_capital": false, "region_color": "#0f4825", "base_color": "#166534", "centroid_lon": 50.6489, "centroid_lat": 26.242}}, {"type": "Feature", "geometry": {"type": "Point", "coordinates": [151.2978, -18.4371]}, "properties": {"region_id": "CSI-1", "region_name": "Coral Sea Islands", "country_iso": "CSI", "region_index": 0, "resource": "None", "is_capital": true, "region_color": "#be123c", "base_color": "#be123c", "centroid_lon": 151.2978, "centroid_lat": -18.4371}}, {"type": "Feature", "geometry": {"type": "Point", "coordinates": [114.9739, 10.6058]}, "properties": {"region_id": "PGA-1", "region_name": "Spratly Islands", "country_iso": "PGA", "region_index": 0, "resource": "None", "is_capital": true, "region_color": "#be185d", "base_color": "#be185d", "centroid_lon": 114.9739, "centroid_lat": 10.6058}}, {"type": "Feature", "geometry": {"type": "Point", "coordinates": [-109.2263, 10.3002]}, "properties": {"region_id": "CLP-1", "region_name": "Clipperton Island", "country_iso": "CLP", "region_index": 0, "resource": "None", "is_capital": true, "region_color": "#be123c", "base_color": "#be123c", "centroid_lon": -109.2263, "centroid_lat": 10.3002}}, {"type": "Feature", "geometry": {"type": "Point", "coordinates": [113.5493, 22.1525]}, "properties": {"region_id": "MAC-1", "region_name": "Macau", "country_iso": "MAC", "region_index": 0, "resource": "None", "is_capital": true, "region_color": "#0891b2", "base_color": "#0891b2", "centroid_lon": 113.5493, "centroid_lat": 22.1525}}, {"type": "Feature", "geometry": {"type": "Point", "coordinates": [123.5828, -12.434]}, "properties": {"region_id": "ATC-1", "region_name": "Ashmore and Cartier Islands", "country_iso": "ATC", "region_index": 0, "resource": "None", "is_capital": true, "region_color": "#be185d", "base_color": "#be185d", "centroid_lon": 123.5828, "centroid_lat": -12.434}}]}